comparator,covid,smooth,seasonset,sustain,spec_id,family,channel,median_lead
chp_operational,exclude_2020_2022,False,all8,1,0,threshold,ILI_PMP,-14.0
chp_operational,exclude_2020_2022,False,all8,1,0,threshold,ILI_AED,-17.5
chp_operational,exclude_2020_2022,False,all8,1,0,threshold,ILI_CMP,-31.5
chp_operational,exclude_2020_2022,False,all8,1,0,threshold,ILI_School,-28.0
chp_operational,exclude_2020_2022,False,all8,1,0,threshold,ILI_NonSchool,-7.0
chp_operational,exclude_2020_2022,False,all8,1,0,threshold,Fever_RCHE,-21.0
chp_operational,exclude_2020_2022,False,all8,1,0,threshold,Adm_All,-3.5
chp_operational,exclude_2020_2022,False,all8,1,0,threshold,Adm_0_5,0.0
chp_operational,exclude_2020_2022,False,all8,1,0,threshold,Adm_6_11,-3.5
chp_operational,exclude_2020_2022,False,all8,1,0,threshold,Adm_12_17,-10.5
chp_operational,exclude_2020_2022,False,all8,1,0,threshold,Adm_18_49,-3.5
chp_operational,exclude_2020_2022,False,all8,1,0,threshold,Adm_50_64,0.0
chp_operational,exclude_2020_2022,False,all8,1,0,threshold,Adm_65_higher,-3.5
chp_operational,exclude_2020_2022,False,all8,1,0,mem,ILI_PMP,-49.0
chp_operational,exclude_2020_2022,False,all8,1,0,mem,ILI_AED,-49.0
chp_operational,exclude_2020_2022,False,all8,1,0,mem,ILI_CMP,-28.0
chp_operational,exclude_2020_2022,False,all8,1,0,mem,ILI_School,-35.0
chp_operational,exclude_2020_2022,False,all8,1,0,mem,ILI_NonSchool,-17.5
chp_operational,exclude_2020_2022,False,all8,1,0,mem,Fever_RCHE,-21.0
chp_operational,exclude_2020_2022,False,all8,1,0,mem,Adm_All,-17.5
chp_operational,exclude_2020_2022,False,all8,1,0,mem,Adm_0_5,-21.0
chp_operational,exclude_2020_2022,False,all8,1,0,mem,Adm_6_11,-21.0
chp_operational,exclude_2020_2022,False,all8,1,0,mem,Adm_12_17,-28.0
chp_operational,exclude_2020_2022,False,all8,1,0,mem,Adm_18_49,-28.0
chp_operational,exclude_2020_2022,False,all8,1,0,mem,Adm_50_64,-17.5
chp_operational,exclude_2020_2022,False,all8,1,0,mem,Adm_65_higher,-28.0
chp_operational,exclude_2020_2022,False,all8,1,0,rt,ILI_PMP,49.0
chp_operational,exclude_2020_2022,False,all8,1,0,rt,ILI_AED,49.0
chp_operational,exclude_2020_2022,False,all8,1,0,rt,ILI_CMP,45.5
chp_operational,exclude_2020_2022,False,all8,1,0,rt,ILI_School,31.5
chp_operational,exclude_2020_2022,False,all8,1,0,rt,ILI_NonSchool,10.5
chp_operational,exclude_2020_2022,False,all8,1,0,rt,Fever_RCHE,7.0
chp_operational,exclude_2020_2022,False,all8,1,0,rt,Adm_All,38.5
chp_operational,exclude_2020_2022,False,all8,1,0,rt,Adm_0_5,38.5
chp_operational,exclude_2020_2022,False,all8,1,0,rt,Adm_6_11,28.0
chp_operational,exclude_2020_2022,False,all8,1,0,rt,Adm_12_17,24.5
chp_operational,exclude_2020_2022,False,all8,1,0,rt,Adm_18_49,42.0
chp_operational,exclude_2020_2022,False,all8,1,0,rt,Adm_50_64,24.5
chp_operational,exclude_2020_2022,False,all8,1,0,rt,Adm_65_higher,24.5
chp_operational,exclude_2020_2022,False,all8,2,1,threshold,ILI_PMP,-42.0
chp_operational,exclude_2020_2022,False,all8,2,1,threshold,ILI_AED,-24.5
chp_operational,exclude_2020_2022,False,all8,2,1,threshold,ILI_CMP,-28.0
chp_operational,exclude_2020_2022,False,all8,2,1,threshold,ILI_School,-42.0
chp_operational,exclude_2020_2022,False,all8,2,1,threshold,ILI_NonSchool,-7.0
chp_operational,exclude_2020_2022,False,all8,2,1,threshold,Fever_RCHE,-56.0
chp_operational,exclude_2020_2022,False,all8,2,1,threshold,Adm_All,-3.5
chp_operational,exclude_2020_2022,False,all8,2,1,threshold,Adm_0_5,0.0
chp_operational,exclude_2020_2022,False,all8,2,1,threshold,Adm_6_11,-10.5
chp_operational,exclude_2020_2022,False,all8,2,1,threshold,Adm_12_17,-28.0
chp_operational,exclude_2020_2022,False,all8,2,1,threshold,Adm_18_49,-10.5
chp_operational,exclude_2020_2022,False,all8,2,1,threshold,Adm_50_64,-3.5
chp_operational,exclude_2020_2022,False,all8,2,1,threshold,Adm_65_higher,-3.5
chp_operational,exclude_2020_2022,False,all8,2,1,mem,ILI_PMP,-59.5
chp_operational,exclude_2020_2022,False,all8,2,1,mem,ILI_AED,-28.0
chp_operational,exclude_2020_2022,False,all8,2,1,mem,ILI_CMP,-31.5
chp_operational,exclude_2020_2022,False,all8,2,1,mem,ILI_School,-42.0
chp_operational,exclude_2020_2022,False,all8,2,1,mem,ILI_NonSchool,-21.0
chp_operational,exclude_2020_2022,False,all8,2,1,mem,Fever_RCHE,-49.0
chp_operational,exclude_2020_2022,False,all8,2,1,mem,Adm_All,-14.0
chp_operational,exclude_2020_2022,False,all8,2,1,mem,Adm_0_5,-17.5
chp_operational,exclude_2020_2022,False,all8,2,1,mem,Adm_6_11,-21.0
chp_operational,exclude_2020_2022,False,all8,2,1,mem,Adm_12_17,-31.5
chp_operational,exclude_2020_2022,False,all8,2,1,mem,Adm_18_49,-28.0
chp_operational,exclude_2020_2022,False,all8,2,1,mem,Adm_50_64,-17.5
chp_operational,exclude_2020_2022,False,all8,2,1,mem,Adm_65_higher,-28.0
chp_operational,exclude_2020_2022,False,all8,2,1,rt,ILI_PMP,49.0
chp_operational,exclude_2020_2022,False,all8,2,1,rt,ILI_AED,31.5
chp_operational,exclude_2020_2022,False,all8,2,1,rt,ILI_CMP,0.0
chp_operational,exclude_2020_2022,False,all8,2,1,rt,ILI_School,31.5
chp_operational,exclude_2020_2022,False,all8,2,1,rt,ILI_NonSchool,10.5
chp_operational,exclude_2020_2022,False,all8,2,1,rt,Fever_RCHE,-28.0
chp_operational,exclude_2020_2022,False,all8,2,1,rt,Adm_All,35.0
chp_operational,exclude_2020_2022,False,all8,2,1,rt,Adm_0_5,31.5
chp_operational,exclude_2020_2022,False,all8,2,1,rt,Adm_6_11,24.5
chp_operational,exclude_2020_2022,False,all8,2,1,rt,Adm_12_17,24.5
chp_operational,exclude_2020_2022,False,all8,2,1,rt,Adm_18_49,28.0
chp_operational,exclude_2020_2022,False,all8,2,1,rt,Adm_50_64,21.0
chp_operational,exclude_2020_2022,False,all8,2,1,rt,Adm_65_higher,24.5
chp_operational,exclude_2020_2022,False,single5,1,2,threshold,ILI_PMP,-28.0
chp_operational,exclude_2020_2022,False,single5,1,2,threshold,ILI_AED,-14.0
chp_operational,exclude_2020_2022,False,single5,1,2,threshold,ILI_CMP,-28.0
chp_operational,exclude_2020_2022,False,single5,1,2,threshold,ILI_School,-21.0
chp_operational,exclude_2020_2022,False,single5,1,2,threshold,ILI_NonSchool,-7.0
chp_operational,exclude_2020_2022,False,single5,1,2,threshold,Fever_RCHE,-21.0
chp_operational,exclude_2020_2022,False,single5,1,2,threshold,Adm_All,-7.0
chp_operational,exclude_2020_2022,False,single5,1,2,threshold,Adm_0_5,0.0
chp_operational,exclude_2020_2022,False,single5,1,2,threshold,Adm_6_11,0.0
chp_operational,exclude_2020_2022,False,single5,1,2,threshold,Adm_12_17,-14.0
chp_operational,exclude_2020_2022,False,single5,1,2,threshold,Adm_18_49,0.0
chp_operational,exclude_2020_2022,False,single5,1,2,threshold,Adm_50_64,0.0
chp_operational,exclude_2020_2022,False,single5,1,2,threshold,Adm_65_higher,-7.0
chp_operational,exclude_2020_2022,False,single5,1,2,mem,ILI_PMP,-38.5
chp_operational,exclude_2020_2022,False,single5,1,2,mem,ILI_AED,-24.5
chp_operational,exclude_2020_2022,False,single5,1,2,mem,ILI_CMP,-14.0
chp_operational,exclude_2020_2022,False,single5,1,2,mem,ILI_School,-21.0
chp_operational,exclude_2020_2022,False,single5,1,2,mem,ILI_NonSchool,-21.0
chp_operational,exclude_2020_2022,False,single5,1,2,mem,Fever_RCHE,-21.0
chp_operational,exclude_2020_2022,False,single5,1,2,mem,Adm_All,-14.0
chp_operational,exclude_2020_2022,False,single5,1,2,mem,Adm_0_5,-21.0
chp_operational,exclude_2020_2022,False,single5,1,2,mem,Adm_6_11,-21.0
chp_operational,exclude_2020_2022,False,single5,1,2,mem,Adm_12_17,-28.0
chp_operational,exclude_2020_2022,False,single5,1,2,mem,Adm_18_49,-28.0
chp_operational,exclude_2020_2022,False,single5,1,2,mem,Adm_50_64,-14.0
chp_operational,exclude_2020_2022,False,single5,1,2,mem,Adm_65_higher,-14.0
chp_operational,exclude_2020_2022,False,single5,1,2,rt,ILI_PMP,63.0
chp_operational,exclude_2020_2022,False,single5,1,2,rt,ILI_AED,56.0
chp_operational,exclude_2020_2022,False,single5,1,2,rt,ILI_CMP,63.0
chp_operational,exclude_2020_2022,False,single5,1,2,rt,ILI_School,56.0
chp_operational,exclude_2020_2022,False,single5,1,2,rt,ILI_NonSchool,42.0
chp_operational,exclude_2020_2022,False,single5,1,2,rt,Fever_RCHE,42.0
chp_operational,exclude_2020_2022,False,single5,1,2,rt,Adm_All,56.0
chp_operational,exclude_2020_2022,False,single5,1,2,rt,Adm_0_5,56.0
chp_operational,exclude_2020_2022,False,single5,1,2,rt,Adm_6_11,56.0
chp_operational,exclude_2020_2022,False,single5,1,2,rt,Adm_12_17,42.0
chp_operational,exclude_2020_2022,False,single5,1,2,rt,Adm_18_49,42.0
chp_operational,exclude_2020_2022,False,single5,1,2,rt,Adm_50_64,42.0
chp_operational,exclude_2020_2022,False,single5,1,2,rt,Adm_65_higher,35.0
chp_operational,exclude_2020_2022,False,single5,2,3,threshold,ILI_PMP,-28.0
chp_operational,exclude_2020_2022,False,single5,2,3,threshold,ILI_AED,-14.0
chp_operational,exclude_2020_2022,False,single5,2,3,threshold,ILI_CMP,-28.0
chp_operational,exclude_2020_2022,False,single5,2,3,threshold,ILI_School,-35.0
chp_operational,exclude_2020_2022,False,single5,2,3,threshold,ILI_NonSchool,-7.0
chp_operational,exclude_2020_2022,False,single5,2,3,threshold,Fever_RCHE,-42.0
chp_operational,exclude_2020_2022,False,single5,2,3,threshold,Adm_All,-7.0
chp_operational,exclude_2020_2022,False,single5,2,3,threshold,Adm_0_5,0.0
chp_operational,exclude_2020_2022,False,single5,2,3,threshold,Adm_6_11,-7.0
chp_operational,exclude_2020_2022,False,single5,2,3,threshold,Adm_12_17,-21.0
chp_operational,exclude_2020_2022,False,single5,2,3,threshold,Adm_18_49,-7.0
chp_operational,exclude_2020_2022,False,single5,2,3,threshold,Adm_50_64,0.0
chp_operational,exclude_2020_2022,False,single5,2,3,threshold,Adm_65_higher,-7.0
chp_operational,exclude_2020_2022,False,single5,2,3,mem,ILI_PMP,-35.0
chp_operational,exclude_2020_2022,False,single5,2,3,mem,ILI_AED,-21.0
chp_operational,exclude_2020_2022,False,single5,2,3,mem,ILI_CMP,-28.0
chp_operational,exclude_2020_2022,False,single5,2,3,mem,ILI_School,-35.0
chp_operational,exclude_2020_2022,False,single5,2,3,mem,ILI_NonSchool,-17.5
chp_operational,exclude_2020_2022,False,single5,2,3,mem,Fever_RCHE,-28.0
chp_operational,exclude_2020_2022,False,single5,2,3,mem,Adm_All,-14.0
chp_operational,exclude_2020_2022,False,single5,2,3,mem,Adm_0_5,-17.5
chp_operational,exclude_2020_2022,False,single5,2,3,mem,Adm_6_11,-21.0
chp_operational,exclude_2020_2022,False,single5,2,3,mem,Adm_12_17,-28.0
chp_operational,exclude_2020_2022,False,single5,2,3,mem,Adm_18_49,-21.0
chp_operational,exclude_2020_2022,False,single5,2,3,mem,Adm_50_64,-14.0
chp_operational,exclude_2020_2022,False,single5,2,3,mem,Adm_65_higher,-14.0
chp_operational,exclude_2020_2022,False,single5,2,3,rt,ILI_PMP,63.0
chp_operational,exclude_2020_2022,False,single5,2,3,rt,ILI_AED,42.0
chp_operational,exclude_2020_2022,False,single5,2,3,rt,ILI_CMP,42.0
chp_operational,exclude_2020_2022,False,single5,2,3,rt,ILI_School,56.0
chp_operational,exclude_2020_2022,False,single5,2,3,rt,ILI_NonSchool,42.0
chp_operational,exclude_2020_2022,False,single5,2,3,rt,Fever_RCHE,-7.0
chp_operational,exclude_2020_2022,False,single5,2,3,rt,Adm_All,42.0
chp_operational,exclude_2020_2022,False,single5,2,3,rt,Adm_0_5,42.0
chp_operational,exclude_2020_2022,False,single5,2,3,rt,Adm_6_11,42.0
chp_operational,exclude_2020_2022,False,single5,2,3,rt,Adm_12_17,35.0
chp_operational,exclude_2020_2022,False,single5,2,3,rt,Adm_18_49,42.0
chp_operational,exclude_2020_2022,False,single5,2,3,rt,Adm_50_64,28.0
chp_operational,exclude_2020_2022,False,single5,2,3,rt,Adm_65_higher,35.0
chp_operational,exclude_2020_2022,True,all8,1,4,threshold,ILI_PMP,-28.0
chp_operational,exclude_2020_2022,True,all8,1,4,threshold,ILI_AED,-17.5
chp_operational,exclude_2020_2022,True,all8,1,4,threshold,ILI_CMP,-38.5
chp_operational,exclude_2020_2022,True,all8,1,4,threshold,ILI_School,-35.0
chp_operational,exclude_2020_2022,True,all8,1,4,threshold,ILI_NonSchool,-7.0
chp_operational,exclude_2020_2022,True,all8,1,4,threshold,Fever_RCHE,-49.0
chp_operational,exclude_2020_2022,True,all8,1,4,threshold,Adm_All,-7.0
chp_operational,exclude_2020_2022,True,all8,1,4,threshold,Adm_0_5,0.0
chp_operational,exclude_2020_2022,True,all8,1,4,threshold,Adm_6_11,-10.5
chp_operational,exclude_2020_2022,True,all8,1,4,threshold,Adm_12_17,-28.0
chp_operational,exclude_2020_2022,True,all8,1,4,threshold,Adm_18_49,-14.0
chp_operational,exclude_2020_2022,True,all8,1,4,threshold,Adm_50_64,-3.5
chp_operational,exclude_2020_2022,True,all8,1,4,threshold,Adm_65_higher,-7.0
chp_operational,exclude_2020_2022,True,all8,1,4,mem,ILI_PMP,-45.5
chp_operational,exclude_2020_2022,True,all8,1,4,mem,ILI_AED,-49.0
chp_operational,exclude_2020_2022,True,all8,1,4,mem,ILI_CMP,-38.5
chp_operational,exclude_2020_2022,True,all8,1,4,mem,ILI_School,-35.0
chp_operational,exclude_2020_2022,True,all8,1,4,mem,ILI_NonSchool,-21.0
chp_operational,exclude_2020_2022,True,all8,1,4,mem,Fever_RCHE,-21.0
chp_operational,exclude_2020_2022,True,all8,1,4,mem,Adm_All,-21.0
chp_operational,exclude_2020_2022,True,all8,1,4,mem,Adm_0_5,-28.0
chp_operational,exclude_2020_2022,True,all8,1,4,mem,Adm_6_11,-35.0
chp_operational,exclude_2020_2022,True,all8,1,4,mem,Adm_12_17,-28.0
chp_operational,exclude_2020_2022,True,all8,1,4,mem,Adm_18_49,-35.0
chp_operational,exclude_2020_2022,True,all8,1,4,mem,Adm_50_64,-35.0
chp_operational,exclude_2020_2022,True,all8,1,4,mem,Adm_65_higher,-24.5
chp_operational,exclude_2020_2022,True,all8,1,4,rt,ILI_PMP,45.5
chp_operational,exclude_2020_2022,True,all8,1,4,rt,ILI_AED,45.5
chp_operational,exclude_2020_2022,True,all8,1,4,rt,ILI_CMP,35.0
chp_operational,exclude_2020_2022,True,all8,1,4,rt,ILI_School,35.0
chp_operational,exclude_2020_2022,True,all8,1,4,rt,ILI_NonSchool,10.5
chp_operational,exclude_2020_2022,True,all8,1,4,rt,Fever_RCHE,-35.0
chp_operational,exclude_2020_2022,True,all8,1,4,rt,Adm_All,28.0
chp_operational,exclude_2020_2022,True,all8,1,4,rt,Adm_0_5,35.0
chp_operational,exclude_2020_2022,True,all8,1,4,rt,Adm_6_11,28.0
chp_operational,exclude_2020_2022,True,all8,1,4,rt,Adm_12_17,28.0
chp_operational,exclude_2020_2022,True,all8,1,4,rt,Adm_18_49,35.0
chp_operational,exclude_2020_2022,True,all8,1,4,rt,Adm_50_64,24.5
chp_operational,exclude_2020_2022,True,all8,1,4,rt,Adm_65_higher,24.5
chp_operational,exclude_2020_2022,True,all8,2,5,threshold,ILI_PMP,-28.0
chp_operational,exclude_2020_2022,True,all8,2,5,threshold,ILI_AED,-14.0
chp_operational,exclude_2020_2022,True,all8,2,5,threshold,ILI_CMP,-38.5
chp_operational,exclude_2020_2022,True,all8,2,5,threshold,ILI_School,-35.0
chp_operational,exclude_2020_2022,True,all8,2,5,threshold,ILI_NonSchool,-7.0
chp_operational,exclude_2020_2022,True,all8,2,5,threshold,Fever_RCHE,-49.0
chp_operational,exclude_2020_2022,True,all8,2,5,threshold,Adm_All,-7.0
chp_operational,exclude_2020_2022,True,all8,2,5,threshold,Adm_0_5,0.0
chp_operational,exclude_2020_2022,True,all8,2,5,threshold,Adm_6_11,-10.5
chp_operational,exclude_2020_2022,True,all8,2,5,threshold,Adm_12_17,-28.0
chp_operational,exclude_2020_2022,True,all8,2,5,threshold,Adm_18_49,-14.0
chp_operational,exclude_2020_2022,True,all8,2,5,threshold,Adm_50_64,-3.5
chp_operational,exclude_2020_2022,True,all8,2,5,threshold,Adm_65_higher,-7.0
chp_operational,exclude_2020_2022,True,all8,2,5,mem,ILI_PMP,-45.5
chp_operational,exclude_2020_2022,True,all8,2,5,mem,ILI_AED,-28.0
chp_operational,exclude_2020_2022,True,all8,2,5,mem,ILI_CMP,-38.5
chp_operational,exclude_2020_2022,True,all8,2,5,mem,ILI_School,-35.0
chp_operational,exclude_2020_2022,True,all8,2,5,mem,ILI_NonSchool,-21.0
chp_operational,exclude_2020_2022,True,all8,2,5,mem,Fever_RCHE,-42.0
chp_operational,exclude_2020_2022,True,all8,2,5,mem,Adm_All,-21.0
chp_operational,exclude_2020_2022,True,all8,2,5,mem,Adm_0_5,-28.0
chp_operational,exclude_2020_2022,True,all8,2,5,mem,Adm_6_11,-35.0
chp_operational,exclude_2020_2022,True,all8,2,5,mem,Adm_12_17,-35.0
chp_operational,exclude_2020_2022,True,all8,2,5,mem,Adm_18_49,-35.0
chp_operational,exclude_2020_2022,True,all8,2,5,mem,Adm_50_64,-35.0
chp_operational,exclude_2020_2022,True,all8,2,5,mem,Adm_65_higher,-24.5
chp_operational,exclude_2020_2022,True,all8,2,5,rt,ILI_PMP,45.5
chp_operational,exclude_2020_2022,True,all8,2,5,rt,ILI_AED,28.0
chp_operational,exclude_2020_2022,True,all8,2,5,rt,ILI_CMP,35.0
chp_operational,exclude_2020_2022,True,all8,2,5,rt,ILI_School,35.0
chp_operational,exclude_2020_2022,True,all8,2,5,rt,ILI_NonSchool,10.5
chp_operational,exclude_2020_2022,True,all8,2,5,rt,Fever_RCHE,-42.0
chp_operational,exclude_2020_2022,True,all8,2,5,rt,Adm_All,21.0
chp_operational,exclude_2020_2022,True,all8,2,5,rt,Adm_0_5,17.5
chp_operational,exclude_2020_2022,True,all8,2,5,rt,Adm_6_11,24.5
chp_operational,exclude_2020_2022,True,all8,2,5,rt,Adm_12_17,17.5
chp_operational,exclude_2020_2022,True,all8,2,5,rt,Adm_18_49,21.0
chp_operational,exclude_2020_2022,True,all8,2,5,rt,Adm_50_64,17.5
chp_operational,exclude_2020_2022,True,all8,2,5,rt,Adm_65_higher,24.5
chp_operational,exclude_2020_2022,True,single5,1,6,threshold,ILI_PMP,-28.0
chp_operational,exclude_2020_2022,True,single5,1,6,threshold,ILI_AED,-14.0
chp_operational,exclude_2020_2022,True,single5,1,6,threshold,ILI_CMP,-35.0
chp_operational,exclude_2020_2022,True,single5,1,6,threshold,ILI_School,-28.0
chp_operational,exclude_2020_2022,True,single5,1,6,threshold,ILI_NonSchool,-7.0
chp_operational,exclude_2020_2022,True,single5,1,6,threshold,Fever_RCHE,-24.5
chp_operational,exclude_2020_2022,True,single5,1,6,threshold,Adm_All,-7.0
chp_operational,exclude_2020_2022,True,single5,1,6,threshold,Adm_0_5,0.0
chp_operational,exclude_2020_2022,True,single5,1,6,threshold,Adm_6_11,-7.0
chp_operational,exclude_2020_2022,True,single5,1,6,threshold,Adm_12_17,-21.0
chp_operational,exclude_2020_2022,True,single5,1,6,threshold,Adm_18_49,-7.0
chp_operational,exclude_2020_2022,True,single5,1,6,threshold,Adm_50_64,-7.0
chp_operational,exclude_2020_2022,True,single5,1,6,threshold,Adm_65_higher,-7.0
chp_operational,exclude_2020_2022,True,single5,1,6,mem,ILI_PMP,-35.0
chp_operational,exclude_2020_2022,True,single5,1,6,mem,ILI_AED,-28.0
chp_operational,exclude_2020_2022,True,single5,1,6,mem,ILI_CMP,-35.0
chp_operational,exclude_2020_2022,True,single5,1,6,mem,ILI_School,-28.0
chp_operational,exclude_2020_2022,True,single5,1,6,mem,ILI_NonSchool,-17.5
chp_operational,exclude_2020_2022,True,single5,1,6,mem,Fever_RCHE,-17.5
chp_operational,exclude_2020_2022,True,single5,1,6,mem,Adm_All,-21.0
chp_operational,exclude_2020_2022,True,single5,1,6,mem,Adm_0_5,-21.0
chp_operational,exclude_2020_2022,True,single5,1,6,mem,Adm_6_11,-35.0
chp_operational,exclude_2020_2022,True,single5,1,6,mem,Adm_12_17,-28.0
chp_operational,exclude_2020_2022,True,single5,1,6,mem,Adm_18_49,-28.0
chp_operational,exclude_2020_2022,True,single5,1,6,mem,Adm_50_64,-35.0
chp_operational,exclude_2020_2022,True,single5,1,6,mem,Adm_65_higher,-14.0
chp_operational,exclude_2020_2022,True,single5,1,6,rt,ILI_PMP,56.0
chp_operational,exclude_2020_2022,True,single5,1,6,rt,ILI_AED,56.0
chp_operational,exclude_2020_2022,True,single5,1,6,rt,ILI_CMP,56.0
chp_operational,exclude_2020_2022,True,single5,1,6,rt,ILI_School,49.0
chp_operational,exclude_2020_2022,True,single5,1,6,rt,ILI_NonSchool,42.0
chp_operational,exclude_2020_2022,True,single5,1,6,rt,Fever_RCHE,-14.0
chp_operational,exclude_2020_2022,True,single5,1,6,rt,Adm_All,42.0
chp_operational,exclude_2020_2022,True,single5,1,6,rt,Adm_0_5,49.0
chp_operational,exclude_2020_2022,True,single5,1,6,rt,Adm_6_11,42.0
chp_operational,exclude_2020_2022,True,single5,1,6,rt,Adm_12_17,42.0
chp_operational,exclude_2020_2022,True,single5,1,6,rt,Adm_18_49,56.0
chp_operational,exclude_2020_2022,True,single5,1,6,rt,Adm_50_64,42.0
chp_operational,exclude_2020_2022,True,single5,1,6,rt,Adm_65_higher,28.0
chp_operational,exclude_2020_2022,True,single5,2,7,threshold,ILI_PMP,-28.0
chp_operational,exclude_2020_2022,True,single5,2,7,threshold,ILI_AED,-14.0
chp_operational,exclude_2020_2022,True,single5,2,7,threshold,ILI_CMP,-35.0
chp_operational,exclude_2020_2022,True,single5,2,7,threshold,ILI_School,-28.0
chp_operational,exclude_2020_2022,True,single5,2,7,threshold,ILI_NonSchool,-7.0
chp_operational,exclude_2020_2022,True,single5,2,7,threshold,Fever_RCHE,-31.5
chp_operational,exclude_2020_2022,True,single5,2,7,threshold,Adm_All,-7.0
chp_operational,exclude_2020_2022,True,single5,2,7,threshold,Adm_0_5,0.0
chp_operational,exclude_2020_2022,True,single5,2,7,threshold,Adm_6_11,-7.0
chp_operational,exclude_2020_2022,True,single5,2,7,threshold,Adm_12_17,-21.0
chp_operational,exclude_2020_2022,True,single5,2,7,threshold,Adm_18_49,-7.0
chp_operational,exclude_2020_2022,True,single5,2,7,threshold,Adm_50_64,-7.0
chp_operational,exclude_2020_2022,True,single5,2,7,threshold,Adm_65_higher,-7.0
chp_operational,exclude_2020_2022,True,single5,2,7,mem,ILI_PMP,-35.0
chp_operational,exclude_2020_2022,True,single5,2,7,mem,ILI_AED,-28.0
chp_operational,exclude_2020_2022,True,single5,2,7,mem,ILI_CMP,-35.0
chp_operational,exclude_2020_2022,True,single5,2,7,mem,ILI_School,-28.0
chp_operational,exclude_2020_2022,True,single5,2,7,mem,ILI_NonSchool,-17.5
chp_operational,exclude_2020_2022,True,single5,2,7,mem,Fever_RCHE,-17.5
chp_operational,exclude_2020_2022,True,single5,2,7,mem,Adm_All,-21.0
chp_operational,exclude_2020_2022,True,single5,2,7,mem,Adm_0_5,-21.0
chp_operational,exclude_2020_2022,True,single5,2,7,mem,Adm_6_11,-35.0
chp_operational,exclude_2020_2022,True,single5,2,7,mem,Adm_12_17,-28.0
chp_operational,exclude_2020_2022,True,single5,2,7,mem,Adm_18_49,-28.0
chp_operational,exclude_2020_2022,True,single5,2,7,mem,Adm_50_64,-24.5
chp_operational,exclude_2020_2022,True,single5,2,7,mem,Adm_65_higher,-14.0
chp_operational,exclude_2020_2022,True,single5,2,7,rt,ILI_PMP,56.0
chp_operational,exclude_2020_2022,True,single5,2,7,rt,ILI_AED,35.0
chp_operational,exclude_2020_2022,True,single5,2,7,rt,ILI_CMP,56.0
chp_operational,exclude_2020_2022,True,single5,2,7,rt,ILI_School,49.0
chp_operational,exclude_2020_2022,True,single5,2,7,rt,ILI_NonSchool,42.0
chp_operational,exclude_2020_2022,True,single5,2,7,rt,Fever_RCHE,-7.0
chp_operational,exclude_2020_2022,True,single5,2,7,rt,Adm_All,28.0
chp_operational,exclude_2020_2022,True,single5,2,7,rt,Adm_0_5,28.0
chp_operational,exclude_2020_2022,True,single5,2,7,rt,Adm_6_11,42.0
chp_operational,exclude_2020_2022,True,single5,2,7,rt,Adm_12_17,28.0
chp_operational,exclude_2020_2022,True,single5,2,7,rt,Adm_18_49,28.0
chp_operational,exclude_2020_2022,True,single5,2,7,rt,Adm_50_64,28.0
chp_operational,exclude_2020_2022,True,single5,2,7,rt,Adm_65_higher,28.0
chp_operational,exclude_2020,False,all8,1,8,threshold,ILI_PMP,-14.0
chp_operational,exclude_2020,False,all8,1,8,threshold,ILI_AED,-21.0
chp_operational,exclude_2020,False,all8,1,8,threshold,ILI_CMP,-28.0
chp_operational,exclude_2020,False,all8,1,8,threshold,ILI_School,-28.0
chp_operational,exclude_2020,False,all8,1,8,threshold,ILI_NonSchool,-3.5
chp_operational,exclude_2020,False,all8,1,8,threshold,Fever_RCHE,
chp_operational,exclude_2020,False,all8,1,8,threshold,Adm_All,0.0
chp_operational,exclude_2020,False,all8,1,8,threshold,Adm_0_5,0.0
chp_operational,exclude_2020,False,all8,1,8,threshold,Adm_6_11,0.0
chp_operational,exclude_2020,False,all8,1,8,threshold,Adm_12_17,-3.5
chp_operational,exclude_2020,False,all8,1,8,threshold,Adm_18_49,0.0
chp_operational,exclude_2020,False,all8,1,8,threshold,Adm_50_64,0.0
chp_operational,exclude_2020,False,all8,1,8,threshold,Adm_65_higher,0.0
chp_operational,exclude_2020,False,all8,1,8,mem,ILI_PMP,-49.0
chp_operational,exclude_2020,False,all8,1,8,mem,ILI_AED,-49.0
chp_operational,exclude_2020,False,all8,1,8,mem,ILI_CMP,-28.0
chp_operational,exclude_2020,False,all8,1,8,mem,ILI_School,-35.0
chp_operational,exclude_2020,False,all8,1,8,mem,ILI_NonSchool,-17.5
chp_operational,exclude_2020,False,all8,1,8,mem,Fever_RCHE,-21.0
chp_operational,exclude_2020,False,all8,1,8,mem,Adm_All,-17.5
chp_operational,exclude_2020,False,all8,1,8,mem,Adm_0_5,-21.0
chp_operational,exclude_2020,False,all8,1,8,mem,Adm_6_11,-21.0
chp_operational,exclude_2020,False,all8,1,8,mem,Adm_12_17,-28.0
chp_operational,exclude_2020,False,all8,1,8,mem,Adm_18_49,-28.0
chp_operational,exclude_2020,False,all8,1,8,mem,Adm_50_64,-17.5
chp_operational,exclude_2020,False,all8,1,8,mem,Adm_65_higher,-28.0
chp_operational,exclude_2020,False,all8,1,8,rt,ILI_PMP,49.0
chp_operational,exclude_2020,False,all8,1,8,rt,ILI_AED,49.0
chp_operational,exclude_2020,False,all8,1,8,rt,ILI_CMP,45.5
chp_operational,exclude_2020,False,all8,1,8,rt,ILI_School,31.5
chp_operational,exclude_2020,False,all8,1,8,rt,ILI_NonSchool,10.5
chp_operational,exclude_2020,False,all8,1,8,rt,Fever_RCHE,7.0
chp_operational,exclude_2020,False,all8,1,8,rt,Adm_All,38.5
chp_operational,exclude_2020,False,all8,1,8,rt,Adm_0_5,38.5
chp_operational,exclude_2020,False,all8,1,8,rt,Adm_6_11,28.0
chp_operational,exclude_2020,False,all8,1,8,rt,Adm_12_17,24.5
chp_operational,exclude_2020,False,all8,1,8,rt,Adm_18_49,42.0
chp_operational,exclude_2020,False,all8,1,8,rt,Adm_50_64,24.5
chp_operational,exclude_2020,False,all8,1,8,rt,Adm_65_higher,24.5
chp_operational,exclude_2020,False,all8,2,9,threshold,ILI_PMP,-42.0
chp_operational,exclude_2020,False,all8,2,9,threshold,ILI_AED,-42.0
chp_operational,exclude_2020,False,all8,2,9,threshold,ILI_CMP,-21.0
chp_operational,exclude_2020,False,all8,2,9,threshold,ILI_School,-42.0
chp_operational,exclude_2020,False,all8,2,9,threshold,ILI_NonSchool,-3.5
chp_operational,exclude_2020,False,all8,2,9,threshold,Fever_RCHE,
chp_operational,exclude_2020,False,all8,2,9,threshold,Adm_All,0.0
chp_operational,exclude_2020,False,all8,2,9,threshold,Adm_0_5,0.0
chp_operational,exclude_2020,False,all8,2,9,threshold,Adm_6_11,0.0
chp_operational,exclude_2020,False,all8,2,9,threshold,Adm_12_17,-14.0
chp_operational,exclude_2020,False,all8,2,9,threshold,Adm_18_49,-3.5
chp_operational,exclude_2020,False,all8,2,9,threshold,Adm_50_64,0.0
chp_operational,exclude_2020,False,all8,2,9,threshold,Adm_65_higher,0.0
chp_operational,exclude_2020,False,all8,2,9,mem,ILI_PMP,-59.5
chp_operational,exclude_2020,False,all8,2,9,mem,ILI_AED,-28.0
chp_operational,exclude_2020,False,all8,2,9,mem,ILI_CMP,-31.5
chp_operational,exclude_2020,False,all8,2,9,mem,ILI_School,-42.0
chp_operational,exclude_2020,False,all8,2,9,mem,ILI_NonSchool,-21.0
chp_operational,exclude_2020,False,all8,2,9,mem,Fever_RCHE,-49.0
chp_operational,exclude_2020,False,all8,2,9,mem,Adm_All,-14.0
chp_operational,exclude_2020,False,all8,2,9,mem,Adm_0_5,-17.5
chp_operational,exclude_2020,False,all8,2,9,mem,Adm_6_11,-21.0
chp_operational,exclude_2020,False,all8,2,9,mem,Adm_12_17,-31.5
chp_operational,exclude_2020,False,all8,2,9,mem,Adm_18_49,-28.0
chp_operational,exclude_2020,False,all8,2,9,mem,Adm_50_64,-17.5
chp_operational,exclude_2020,False,all8,2,9,mem,Adm_65_higher,-28.0
chp_operational,exclude_2020,False,all8,2,9,rt,ILI_PMP,49.0
chp_operational,exclude_2020,False,all8,2,9,rt,ILI_AED,31.5
chp_operational,exclude_2020,False,all8,2,9,rt,ILI_CMP,0.0
chp_operational,exclude_2020,False,all8,2,9,rt,ILI_School,31.5
chp_operational,exclude_2020,False,all8,2,9,rt,ILI_NonSchool,10.5
chp_operational,exclude_2020,False,all8,2,9,rt,Fever_RCHE,-28.0
chp_operational,exclude_2020,False,all8,2,9,rt,Adm_All,35.0
chp_operational,exclude_2020,False,all8,2,9,rt,Adm_0_5,31.5
chp_operational,exclude_2020,False,all8,2,9,rt,Adm_6_11,24.5
chp_operational,exclude_2020,False,all8,2,9,rt,Adm_12_17,24.5
chp_operational,exclude_2020,False,all8,2,9,rt,Adm_18_49,28.0
chp_operational,exclude_2020,False,all8,2,9,rt,Adm_50_64,21.0
chp_operational,exclude_2020,False,all8,2,9,rt,Adm_65_higher,24.5
chp_operational,exclude_2020,False,single5,1,10,threshold,ILI_PMP,-28.0
chp_operational,exclude_2020,False,single5,1,10,threshold,ILI_AED,-21.0
chp_operational,exclude_2020,False,single5,1,10,threshold,ILI_CMP,-14.0
chp_operational,exclude_2020,False,single5,1,10,threshold,ILI_School,-21.0
chp_operational,exclude_2020,False,single5,1,10,threshold,ILI_NonSchool,-7.0
chp_operational,exclude_2020,False,single5,1,10,threshold,Fever_RCHE,
chp_operational,exclude_2020,False,single5,1,10,threshold,Adm_All,0.0
chp_operational,exclude_2020,False,single5,1,10,threshold,Adm_0_5,0.0
chp_operational,exclude_2020,False,single5,1,10,threshold,Adm_6_11,0.0
chp_operational,exclude_2020,False,single5,1,10,threshold,Adm_12_17,-7.0
chp_operational,exclude_2020,False,single5,1,10,threshold,Adm_18_49,0.0
chp_operational,exclude_2020,False,single5,1,10,threshold,Adm_50_64,7.0
chp_operational,exclude_2020,False,single5,1,10,threshold,Adm_65_higher,14.0
chp_operational,exclude_2020,False,single5,1,10,mem,ILI_PMP,-38.5
chp_operational,exclude_2020,False,single5,1,10,mem,ILI_AED,-24.5
chp_operational,exclude_2020,False,single5,1,10,mem,ILI_CMP,-14.0
chp_operational,exclude_2020,False,single5,1,10,mem,ILI_School,-21.0
chp_operational,exclude_2020,False,single5,1,10,mem,ILI_NonSchool,-21.0
chp_operational,exclude_2020,False,single5,1,10,mem,Fever_RCHE,-21.0
chp_operational,exclude_2020,False,single5,1,10,mem,Adm_All,-14.0
chp_operational,exclude_2020,False,single5,1,10,mem,Adm_0_5,-21.0
chp_operational,exclude_2020,False,single5,1,10,mem,Adm_6_11,-21.0
chp_operational,exclude_2020,False,single5,1,10,mem,Adm_12_17,-28.0
chp_operational,exclude_2020,False,single5,1,10,mem,Adm_18_49,-28.0
chp_operational,exclude_2020,False,single5,1,10,mem,Adm_50_64,-14.0
chp_operational,exclude_2020,False,single5,1,10,mem,Adm_65_higher,-14.0
chp_operational,exclude_2020,False,single5,1,10,rt,ILI_PMP,63.0
chp_operational,exclude_2020,False,single5,1,10,rt,ILI_AED,56.0
chp_operational,exclude_2020,False,single5,1,10,rt,ILI_CMP,63.0
chp_operational,exclude_2020,False,single5,1,10,rt,ILI_School,56.0
chp_operational,exclude_2020,False,single5,1,10,rt,ILI_NonSchool,42.0
chp_operational,exclude_2020,False,single5,1,10,rt,Fever_RCHE,42.0
chp_operational,exclude_2020,False,single5,1,10,rt,Adm_All,56.0
chp_operational,exclude_2020,False,single5,1,10,rt,Adm_0_5,56.0
chp_operational,exclude_2020,False,single5,1,10,rt,Adm_6_11,56.0
chp_operational,exclude_2020,False,single5,1,10,rt,Adm_12_17,42.0
chp_operational,exclude_2020,False,single5,1,10,rt,Adm_18_49,42.0
chp_operational,exclude_2020,False,single5,1,10,rt,Adm_50_64,42.0
chp_operational,exclude_2020,False,single5,1,10,rt,Adm_65_higher,35.0
chp_operational,exclude_2020,False,single5,2,11,threshold,ILI_PMP,-28.0
chp_operational,exclude_2020,False,single5,2,11,threshold,ILI_AED,-21.0
chp_operational,exclude_2020,False,single5,2,11,threshold,ILI_CMP,-14.0
chp_operational,exclude_2020,False,single5,2,11,threshold,ILI_School,-28.0
chp_operational,exclude_2020,False,single5,2,11,threshold,ILI_NonSchool,-7.0
chp_operational,exclude_2020,False,single5,2,11,threshold,Fever_RCHE,
chp_operational,exclude_2020,False,single5,2,11,threshold,Adm_All,0.0
chp_operational,exclude_2020,False,single5,2,11,threshold,Adm_0_5,0.0
chp_operational,exclude_2020,False,single5,2,11,threshold,Adm_6_11,0.0
chp_operational,exclude_2020,False,single5,2,11,threshold,Adm_12_17,-7.0
chp_operational,exclude_2020,False,single5,2,11,threshold,Adm_18_49,0.0
chp_operational,exclude_2020,False,single5,2,11,threshold,Adm_50_64,7.0
chp_operational,exclude_2020,False,single5,2,11,threshold,Adm_65_higher,7.0
chp_operational,exclude_2020,False,single5,2,11,mem,ILI_PMP,-35.0
chp_operational,exclude_2020,False,single5,2,11,mem,ILI_AED,-21.0
chp_operational,exclude_2020,False,single5,2,11,mem,ILI_CMP,-28.0
chp_operational,exclude_2020,False,single5,2,11,mem,ILI_School,-35.0
chp_operational,exclude_2020,False,single5,2,11,mem,ILI_NonSchool,-17.5
chp_operational,exclude_2020,False,single5,2,11,mem,Fever_RCHE,-28.0
chp_operational,exclude_2020,False,single5,2,11,mem,Adm_All,-14.0
chp_operational,exclude_2020,False,single5,2,11,mem,Adm_0_5,-17.5
chp_operational,exclude_2020,False,single5,2,11,mem,Adm_6_11,-21.0
chp_operational,exclude_2020,False,single5,2,11,mem,Adm_12_17,-28.0
chp_operational,exclude_2020,False,single5,2,11,mem,Adm_18_49,-21.0
chp_operational,exclude_2020,False,single5,2,11,mem,Adm_50_64,-14.0
chp_operational,exclude_2020,False,single5,2,11,mem,Adm_65_higher,-14.0
chp_operational,exclude_2020,False,single5,2,11,rt,ILI_PMP,63.0
chp_operational,exclude_2020,False,single5,2,11,rt,ILI_AED,42.0
chp_operational,exclude_2020,False,single5,2,11,rt,ILI_CMP,42.0
chp_operational,exclude_2020,False,single5,2,11,rt,ILI_School,56.0
chp_operational,exclude_2020,False,single5,2,11,rt,ILI_NonSchool,42.0
chp_operational,exclude_2020,False,single5,2,11,rt,Fever_RCHE,-7.0
chp_operational,exclude_2020,False,single5,2,11,rt,Adm_All,42.0
chp_operational,exclude_2020,False,single5,2,11,rt,Adm_0_5,42.0
chp_operational,exclude_2020,False,single5,2,11,rt,Adm_6_11,42.0
chp_operational,exclude_2020,False,single5,2,11,rt,Adm_12_17,35.0
chp_operational,exclude_2020,False,single5,2,11,rt,Adm_18_49,42.0
chp_operational,exclude_2020,False,single5,2,11,rt,Adm_50_64,28.0
chp_operational,exclude_2020,False,single5,2,11,rt,Adm_65_higher,35.0
chp_operational,exclude_2020,True,all8,1,12,threshold,ILI_PMP,-28.0
chp_operational,exclude_2020,True,all8,1,12,threshold,ILI_AED,-24.5
chp_operational,exclude_2020,True,all8,1,12,threshold,ILI_CMP,-35.0
chp_operational,exclude_2020,True,all8,1,12,threshold,ILI_School,-28.0
chp_operational,exclude_2020,True,all8,1,12,threshold,ILI_NonSchool,0.0
chp_operational,exclude_2020,True,all8,1,12,threshold,Fever_RCHE,
chp_operational,exclude_2020,True,all8,1,12,threshold,Adm_All,0.0
chp_operational,exclude_2020,True,all8,1,12,threshold,Adm_0_5,0.0
chp_operational,exclude_2020,True,all8,1,12,threshold,Adm_6_11,0.0
chp_operational,exclude_2020,True,all8,1,12,threshold,Adm_12_17,-7.0
chp_operational,exclude_2020,True,all8,1,12,threshold,Adm_18_49,0.0
chp_operational,exclude_2020,True,all8,1,12,threshold,Adm_50_64,0.0
chp_operational,exclude_2020,True,all8,1,12,threshold,Adm_65_higher,0.0
chp_operational,exclude_2020,True,all8,1,12,mem,ILI_PMP,-45.5
chp_operational,exclude_2020,True,all8,1,12,mem,ILI_AED,-49.0
chp_operational,exclude_2020,True,all8,1,12,mem,ILI_CMP,-38.5
chp_operational,exclude_2020,True,all8,1,12,mem,ILI_School,-35.0
chp_operational,exclude_2020,True,all8,1,12,mem,ILI_NonSchool,-21.0
chp_operational,exclude_2020,True,all8,1,12,mem,Fever_RCHE,-21.0
chp_operational,exclude_2020,True,all8,1,12,mem,Adm_All,-21.0
chp_operational,exclude_2020,True,all8,1,12,mem,Adm_0_5,-28.0
chp_operational,exclude_2020,True,all8,1,12,mem,Adm_6_11,-35.0
chp_operational,exclude_2020,True,all8,1,12,mem,Adm_12_17,-28.0
chp_operational,exclude_2020,True,all8,1,12,mem,Adm_18_49,-35.0
chp_operational,exclude_2020,True,all8,1,12,mem,Adm_50_64,-35.0
chp_operational,exclude_2020,True,all8,1,12,mem,Adm_65_higher,-24.5
chp_operational,exclude_2020,True,all8,1,12,rt,ILI_PMP,45.5
chp_operational,exclude_2020,True,all8,1,12,rt,ILI_AED,45.5
chp_operational,exclude_2020,True,all8,1,12,rt,ILI_CMP,35.0
chp_operational,exclude_2020,True,all8,1,12,rt,ILI_School,35.0
chp_operational,exclude_2020,True,all8,1,12,rt,ILI_NonSchool,10.5
chp_operational,exclude_2020,True,all8,1,12,rt,Fever_RCHE,-35.0
chp_operational,exclude_2020,True,all8,1,12,rt,Adm_All,28.0
chp_operational,exclude_2020,True,all8,1,12,rt,Adm_0_5,35.0
chp_operational,exclude_2020,True,all8,1,12,rt,Adm_6_11,28.0
chp_operational,exclude_2020,True,all8,1,12,rt,Adm_12_17,28.0
chp_operational,exclude_2020,True,all8,1,12,rt,Adm_18_49,35.0
chp_operational,exclude_2020,True,all8,1,12,rt,Adm_50_64,24.5
chp_operational,exclude_2020,True,all8,1,12,rt,Adm_65_higher,24.5
chp_operational,exclude_2020,True,all8,2,13,threshold,ILI_PMP,-28.0
chp_operational,exclude_2020,True,all8,2,13,threshold,ILI_AED,-42.0
chp_operational,exclude_2020,True,all8,2,13,threshold,ILI_CMP,-35.0
chp_operational,exclude_2020,True,all8,2,13,threshold,ILI_School,-28.0
chp_operational,exclude_2020,True,all8,2,13,threshold,ILI_NonSchool,-3.5
chp_operational,exclude_2020,True,all8,2,13,threshold,Fever_RCHE,
chp_operational,exclude_2020,True,all8,2,13,threshold,Adm_All,0.0
chp_operational,exclude_2020,True,all8,2,13,threshold,Adm_0_5,0.0
chp_operational,exclude_2020,True,all8,2,13,threshold,Adm_6_11,0.0
chp_operational,exclude_2020,True,all8,2,13,threshold,Adm_12_17,-7.0
chp_operational,exclude_2020,True,all8,2,13,threshold,Adm_18_49,-3.5
chp_operational,exclude_2020,True,all8,2,13,threshold,Adm_50_64,0.0
chp_operational,exclude_2020,True,all8,2,13,threshold,Adm_65_higher,0.0
chp_operational,exclude_2020,True,all8,2,13,mem,ILI_PMP,-45.5
chp_operational,exclude_2020,True,all8,2,13,mem,ILI_AED,-28.0
chp_operational,exclude_2020,True,all8,2,13,mem,ILI_CMP,-38.5
chp_operational,exclude_2020,True,all8,2,13,mem,ILI_School,-35.0
chp_operational,exclude_2020,True,all8,2,13,mem,ILI_NonSchool,-21.0
chp_operational,exclude_2020,True,all8,2,13,mem,Fever_RCHE,-42.0
chp_operational,exclude_2020,True,all8,2,13,mem,Adm_All,-21.0
chp_operational,exclude_2020,True,all8,2,13,mem,Adm_0_5,-28.0
chp_operational,exclude_2020,True,all8,2,13,mem,Adm_6_11,-35.0
chp_operational,exclude_2020,True,all8,2,13,mem,Adm_12_17,-35.0
chp_operational,exclude_2020,True,all8,2,13,mem,Adm_18_49,-35.0
chp_operational,exclude_2020,True,all8,2,13,mem,Adm_50_64,-35.0
chp_operational,exclude_2020,True,all8,2,13,mem,Adm_65_higher,-24.5
chp_operational,exclude_2020,True,all8,2,13,rt,ILI_PMP,45.5
chp_operational,exclude_2020,True,all8,2,13,rt,ILI_AED,28.0
chp_operational,exclude_2020,True,all8,2,13,rt,ILI_CMP,35.0
chp_operational,exclude_2020,True,all8,2,13,rt,ILI_School,35.0
chp_operational,exclude_2020,True,all8,2,13,rt,ILI_NonSchool,10.5
chp_operational,exclude_2020,True,all8,2,13,rt,Fever_RCHE,-42.0
chp_operational,exclude_2020,True,all8,2,13,rt,Adm_All,21.0
chp_operational,exclude_2020,True,all8,2,13,rt,Adm_0_5,17.5
chp_operational,exclude_2020,True,all8,2,13,rt,Adm_6_11,24.5
chp_operational,exclude_2020,True,all8,2,13,rt,Adm_12_17,17.5
chp_operational,exclude_2020,True,all8,2,13,rt,Adm_18_49,21.0
chp_operational,exclude_2020,True,all8,2,13,rt,Adm_50_64,17.5
chp_operational,exclude_2020,True,all8,2,13,rt,Adm_65_higher,24.5
chp_operational,exclude_2020,True,single5,1,14,threshold,ILI_PMP,-31.5
chp_operational,exclude_2020,True,single5,1,14,threshold,ILI_AED,-21.0
chp_operational,exclude_2020,True,single5,1,14,threshold,ILI_CMP,-14.0
chp_operational,exclude_2020,True,single5,1,14,threshold,ILI_School,-21.0
chp_operational,exclude_2020,True,single5,1,14,threshold,ILI_NonSchool,-7.0
chp_operational,exclude_2020,True,single5,1,14,threshold,Fever_RCHE,
chp_operational,exclude_2020,True,single5,1,14,threshold,Adm_All,0.0
chp_operational,exclude_2020,True,single5,1,14,threshold,Adm_0_5,0.0
chp_operational,exclude_2020,True,single5,1,14,threshold,Adm_6_11,0.0
chp_operational,exclude_2020,True,single5,1,14,threshold,Adm_12_17,-14.0
chp_operational,exclude_2020,True,single5,1,14,threshold,Adm_18_49,0.0
chp_operational,exclude_2020,True,single5,1,14,threshold,Adm_50_64,7.0
chp_operational,exclude_2020,True,single5,1,14,threshold,Adm_65_higher,0.0
chp_operational,exclude_2020,True,single5,1,14,mem,ILI_PMP,-35.0
chp_operational,exclude_2020,True,single5,1,14,mem,ILI_AED,-28.0
chp_operational,exclude_2020,True,single5,1,14,mem,ILI_CMP,-35.0
chp_operational,exclude_2020,True,single5,1,14,mem,ILI_School,-28.0
chp_operational,exclude_2020,True,single5,1,14,mem,ILI_NonSchool,-17.5
chp_operational,exclude_2020,True,single5,1,14,mem,Fever_RCHE,-17.5
chp_operational,exclude_2020,True,single5,1,14,mem,Adm_All,-21.0
chp_operational,exclude_2020,True,single5,1,14,mem,Adm_0_5,-21.0
chp_operational,exclude_2020,True,single5,1,14,mem,Adm_6_11,-35.0
chp_operational,exclude_2020,True,single5,1,14,mem,Adm_12_17,-28.0
chp_operational,exclude_2020,True,single5,1,14,mem,Adm_18_49,-28.0
chp_operational,exclude_2020,True,single5,1,14,mem,Adm_50_64,-35.0
chp_operational,exclude_2020,True,single5,1,14,mem,Adm_65_higher,-14.0
chp_operational,exclude_2020,True,single5,1,14,rt,ILI_PMP,56.0
chp_operational,exclude_2020,True,single5,1,14,rt,ILI_AED,56.0
chp_operational,exclude_2020,True,single5,1,14,rt,ILI_CMP,56.0
chp_operational,exclude_2020,True,single5,1,14,rt,ILI_School,49.0
chp_operational,exclude_2020,True,single5,1,14,rt,ILI_NonSchool,42.0
chp_operational,exclude_2020,True,single5,1,14,rt,Fever_RCHE,-14.0
chp_operational,exclude_2020,True,single5,1,14,rt,Adm_All,42.0
chp_operational,exclude_2020,True,single5,1,14,rt,Adm_0_5,49.0
chp_operational,exclude_2020,True,single5,1,14,rt,Adm_6_11,42.0
chp_operational,exclude_2020,True,single5,1,14,rt,Adm_12_17,42.0
chp_operational,exclude_2020,True,single5,1,14,rt,Adm_18_49,56.0
chp_operational,exclude_2020,True,single5,1,14,rt,Adm_50_64,42.0
chp_operational,exclude_2020,True,single5,1,14,rt,Adm_65_higher,28.0
chp_operational,exclude_2020,True,single5,2,15,threshold,ILI_PMP,-31.5
chp_operational,exclude_2020,True,single5,2,15,threshold,ILI_AED,-21.0
chp_operational,exclude_2020,True,single5,2,15,threshold,ILI_CMP,-35.0
chp_operational,exclude_2020,True,single5,2,15,threshold,ILI_School,-21.0
chp_operational,exclude_2020,True,single5,2,15,threshold,ILI_NonSchool,-7.0
chp_operational,exclude_2020,True,single5,2,15,threshold,Fever_RCHE,
chp_operational,exclude_2020,True,single5,2,15,threshold,Adm_All,0.0
chp_operational,exclude_2020,True,single5,2,15,threshold,Adm_0_5,0.0
chp_operational,exclude_2020,True,single5,2,15,threshold,Adm_6_11,0.0
chp_operational,exclude_2020,True,single5,2,15,threshold,Adm_12_17,-14.0
chp_operational,exclude_2020,True,single5,2,15,threshold,Adm_18_49,0.0
chp_operational,exclude_2020,True,single5,2,15,threshold,Adm_50_64,7.0
chp_operational,exclude_2020,True,single5,2,15,threshold,Adm_65_higher,0.0
chp_operational,exclude_2020,True,single5,2,15,mem,ILI_PMP,-35.0
chp_operational,exclude_2020,True,single5,2,15,mem,ILI_AED,-28.0
chp_operational,exclude_2020,True,single5,2,15,mem,ILI_CMP,-35.0
chp_operational,exclude_2020,True,single5,2,15,mem,ILI_School,-28.0
chp_operational,exclude_2020,True,single5,2,15,mem,ILI_NonSchool,-17.5
chp_operational,exclude_2020,True,single5,2,15,mem,Fever_RCHE,-17.5
chp_operational,exclude_2020,True,single5,2,15,mem,Adm_All,-21.0
chp_operational,exclude_2020,True,single5,2,15,mem,Adm_0_5,-21.0
chp_operational,exclude_2020,True,single5,2,15,mem,Adm_6_11,-35.0
chp_operational,exclude_2020,True,single5,2,15,mem,Adm_12_17,-28.0
chp_operational,exclude_2020,True,single5,2,15,mem,Adm_18_49,-28.0
chp_operational,exclude_2020,True,single5,2,15,mem,Adm_50_64,-24.5
chp_operational,exclude_2020,True,single5,2,15,mem,Adm_65_higher,-14.0
chp_operational,exclude_2020,True,single5,2,15,rt,ILI_PMP,56.0
chp_operational,exclude_2020,True,single5,2,15,rt,ILI_AED,35.0
chp_operational,exclude_2020,True,single5,2,15,rt,ILI_CMP,56.0
chp_operational,exclude_2020,True,single5,2,15,rt,ILI_School,49.0
chp_operational,exclude_2020,True,single5,2,15,rt,ILI_NonSchool,42.0
chp_operational,exclude_2020,True,single5,2,15,rt,Fever_RCHE,-7.0
chp_operational,exclude_2020,True,single5,2,15,rt,Adm_All,28.0
chp_operational,exclude_2020,True,single5,2,15,rt,Adm_0_5,28.0
chp_operational,exclude_2020,True,single5,2,15,rt,Adm_6_11,42.0
chp_operational,exclude_2020,True,single5,2,15,rt,Adm_12_17,28.0
chp_operational,exclude_2020,True,single5,2,15,rt,Adm_18_49,28.0
chp_operational,exclude_2020,True,single5,2,15,rt,Adm_50_64,28.0
chp_operational,exclude_2020,True,single5,2,15,rt,Adm_65_higher,28.0
chp_operational,include_all,False,all8,1,16,threshold,ILI_PMP,0.0
chp_operational,include_all,False,all8,1,16,threshold,ILI_AED,-49.0
chp_operational,include_all,False,all8,1,16,threshold,ILI_CMP,-28.0
chp_operational,include_all,False,all8,1,16,threshold,ILI_School,-14.0
chp_operational,include_all,False,all8,1,16,threshold,ILI_NonSchool,-3.5
chp_operational,include_all,False,all8,1,16,threshold,Fever_RCHE,
chp_operational,include_all,False,all8,1,16,threshold,Adm_All,0.0
chp_operational,include_all,False,all8,1,16,threshold,Adm_0_5,3.5
chp_operational,include_all,False,all8,1,16,threshold,Adm_6_11,0.0
chp_operational,include_all,False,all8,1,16,threshold,Adm_12_17,-3.5
chp_operational,include_all,False,all8,1,16,threshold,Adm_18_49,0.0
chp_operational,include_all,False,all8,1,16,threshold,Adm_50_64,0.0
chp_operational,include_all,False,all8,1,16,threshold,Adm_65_higher,3.5
chp_operational,include_all,False,all8,1,16,mem,ILI_PMP,-49.0
chp_operational,include_all,False,all8,1,16,mem,ILI_AED,-49.0
chp_operational,include_all,False,all8,1,16,mem,ILI_CMP,-28.0
chp_operational,include_all,False,all8,1,16,mem,ILI_School,-35.0
chp_operational,include_all,False,all8,1,16,mem,ILI_NonSchool,-17.5
chp_operational,include_all,False,all8,1,16,mem,Fever_RCHE,-21.0
chp_operational,include_all,False,all8,1,16,mem,Adm_All,-17.5
chp_operational,include_all,False,all8,1,16,mem,Adm_0_5,-21.0
chp_operational,include_all,False,all8,1,16,mem,Adm_6_11,-21.0
chp_operational,include_all,False,all8,1,16,mem,Adm_12_17,-28.0
chp_operational,include_all,False,all8,1,16,mem,Adm_18_49,-28.0
chp_operational,include_all,False,all8,1,16,mem,Adm_50_64,-17.5
chp_operational,include_all,False,all8,1,16,mem,Adm_65_higher,-28.0
chp_operational,include_all,False,all8,1,16,rt,ILI_PMP,49.0
chp_operational,include_all,False,all8,1,16,rt,ILI_AED,49.0
chp_operational,include_all,False,all8,1,16,rt,ILI_CMP,45.5
chp_operational,include_all,False,all8,1,16,rt,ILI_School,31.5
chp_operational,include_all,False,all8,1,16,rt,ILI_NonSchool,10.5
chp_operational,include_all,False,all8,1,16,rt,Fever_RCHE,7.0
chp_operational,include_all,False,all8,1,16,rt,Adm_All,38.5
chp_operational,include_all,False,all8,1,16,rt,Adm_0_5,38.5
chp_operational,include_all,False,all8,1,16,rt,Adm_6_11,28.0
chp_operational,include_all,False,all8,1,16,rt,Adm_12_17,24.5
chp_operational,include_all,False,all8,1,16,rt,Adm_18_49,42.0
chp_operational,include_all,False,all8,1,16,rt,Adm_50_64,24.5
chp_operational,include_all,False,all8,1,16,rt,Adm_65_higher,24.5
chp_operational,include_all,False,all8,2,17,threshold,ILI_PMP,-21.0
chp_operational,include_all,False,all8,2,17,threshold,ILI_AED,-28.0
chp_operational,include_all,False,all8,2,17,threshold,ILI_CMP,-21.0
chp_operational,include_all,False,all8,2,17,threshold,ILI_School,-21.0
chp_operational,include_all,False,all8,2,17,threshold,ILI_NonSchool,-3.5
chp_operational,include_all,False,all8,2,17,threshold,Fever_RCHE,
chp_operational,include_all,False,all8,2,17,threshold,Adm_All,0.0
chp_operational,include_all,False,all8,2,17,threshold,Adm_0_5,0.0
chp_operational,include_all,False,all8,2,17,threshold,Adm_6_11,0.0
chp_operational,include_all,False,all8,2,17,threshold,Adm_12_17,-3.5
chp_operational,include_all,False,all8,2,17,threshold,Adm_18_49,0.0
chp_operational,include_all,False,all8,2,17,threshold,Adm_50_64,0.0
chp_operational,include_all,False,all8,2,17,threshold,Adm_65_higher,3.5
chp_operational,include_all,False,all8,2,17,mem,ILI_PMP,-59.5
chp_operational,include_all,False,all8,2,17,mem,ILI_AED,-28.0
chp_operational,include_all,False,all8,2,17,mem,ILI_CMP,-31.5
chp_operational,include_all,False,all8,2,17,mem,ILI_School,-42.0
chp_operational,include_all,False,all8,2,17,mem,ILI_NonSchool,-21.0
chp_operational,include_all,False,all8,2,17,mem,Fever_RCHE,-49.0
chp_operational,include_all,False,all8,2,17,mem,Adm_All,-14.0
chp_operational,include_all,False,all8,2,17,mem,Adm_0_5,-17.5
chp_operational,include_all,False,all8,2,17,mem,Adm_6_11,-21.0
chp_operational,include_all,False,all8,2,17,mem,Adm_12_17,-31.5
chp_operational,include_all,False,all8,2,17,mem,Adm_18_49,-28.0
chp_operational,include_all,False,all8,2,17,mem,Adm_50_64,-17.5
chp_operational,include_all,False,all8,2,17,mem,Adm_65_higher,-28.0
chp_operational,include_all,False,all8,2,17,rt,ILI_PMP,49.0
chp_operational,include_all,False,all8,2,17,rt,ILI_AED,31.5
chp_operational,include_all,False,all8,2,17,rt,ILI_CMP,0.0
chp_operational,include_all,False,all8,2,17,rt,ILI_School,31.5
chp_operational,include_all,False,all8,2,17,rt,ILI_NonSchool,10.5
chp_operational,include_all,False,all8,2,17,rt,Fever_RCHE,-28.0
chp_operational,include_all,False,all8,2,17,rt,Adm_All,35.0
chp_operational,include_all,False,all8,2,17,rt,Adm_0_5,31.5
chp_operational,include_all,False,all8,2,17,rt,Adm_6_11,24.5
chp_operational,include_all,False,all8,2,17,rt,Adm_12_17,24.5
chp_operational,include_all,False,all8,2,17,rt,Adm_18_49,28.0
chp_operational,include_all,False,all8,2,17,rt,Adm_50_64,21.0
chp_operational,include_all,False,all8,2,17,rt,Adm_65_higher,24.5
chp_operational,include_all,False,single5,1,18,threshold,ILI_PMP,28.0
chp_operational,include_all,False,single5,1,18,threshold,ILI_AED,-24.5
chp_operational,include_all,False,single5,1,18,threshold,ILI_CMP,-14.0
chp_operational,include_all,False,single5,1,18,threshold,ILI_School,0.0
chp_operational,include_all,False,single5,1,18,threshold,ILI_NonSchool,-7.0
chp_operational,include_all,False,single5,1,18,threshold,Fever_RCHE,
chp_operational,include_all,False,single5,1,18,threshold,Adm_All,7.0
chp_operational,include_all,False,single5,1,18,threshold,Adm_0_5,14.0
chp_operational,include_all,False,single5,1,18,threshold,Adm_6_11,7.0
chp_operational,include_all,False,single5,1,18,threshold,Adm_12_17,-7.0
chp_operational,include_all,False,single5,1,18,threshold,Adm_18_49,7.0
chp_operational,include_all,False,single5,1,18,threshold,Adm_50_64,7.0
chp_operational,include_all,False,single5,1,18,threshold,Adm_65_higher,14.0
chp_operational,include_all,False,single5,1,18,mem,ILI_PMP,-38.5
chp_operational,include_all,False,single5,1,18,mem,ILI_AED,-24.5
chp_operational,include_all,False,single5,1,18,mem,ILI_CMP,-14.0
chp_operational,include_all,False,single5,1,18,mem,ILI_School,-21.0
chp_operational,include_all,False,single5,1,18,mem,ILI_NonSchool,-21.0
chp_operational,include_all,False,single5,1,18,mem,Fever_RCHE,-21.0
chp_operational,include_all,False,single5,1,18,mem,Adm_All,-14.0
chp_operational,include_all,False,single5,1,18,mem,Adm_0_5,-21.0
chp_operational,include_all,False,single5,1,18,mem,Adm_6_11,-21.0
chp_operational,include_all,False,single5,1,18,mem,Adm_12_17,-28.0
chp_operational,include_all,False,single5,1,18,mem,Adm_18_49,-28.0
chp_operational,include_all,False,single5,1,18,mem,Adm_50_64,-14.0
chp_operational,include_all,False,single5,1,18,mem,Adm_65_higher,-14.0
chp_operational,include_all,False,single5,1,18,rt,ILI_PMP,63.0
chp_operational,include_all,False,single5,1,18,rt,ILI_AED,56.0
chp_operational,include_all,False,single5,1,18,rt,ILI_CMP,63.0
chp_operational,include_all,False,single5,1,18,rt,ILI_School,56.0
chp_operational,include_all,False,single5,1,18,rt,ILI_NonSchool,42.0
chp_operational,include_all,False,single5,1,18,rt,Fever_RCHE,42.0
chp_operational,include_all,False,single5,1,18,rt,Adm_All,56.0
chp_operational,include_all,False,single5,1,18,rt,Adm_0_5,56.0
chp_operational,include_all,False,single5,1,18,rt,Adm_6_11,56.0
chp_operational,include_all,False,single5,1,18,rt,Adm_12_17,42.0
chp_operational,include_all,False,single5,1,18,rt,Adm_18_49,42.0
chp_operational,include_all,False,single5,1,18,rt,Adm_50_64,42.0
chp_operational,include_all,False,single5,1,18,rt,Adm_65_higher,35.0
chp_operational,include_all,False,single5,2,19,threshold,ILI_PMP,-24.5
chp_operational,include_all,False,single5,2,19,threshold,ILI_AED,-21.0
chp_operational,include_all,False,single5,2,19,threshold,ILI_CMP,-14.0
chp_operational,include_all,False,single5,2,19,threshold,ILI_School,-14.0
chp_operational,include_all,False,single5,2,19,threshold,ILI_NonSchool,-7.0
chp_operational,include_all,False,single5,2,19,threshold,Fever_RCHE,
chp_operational,include_all,False,single5,2,19,threshold,Adm_All,7.0
chp_operational,include_all,False,single5,2,19,threshold,Adm_0_5,7.0
chp_operational,include_all,False,single5,2,19,threshold,Adm_6_11,7.0
chp_operational,include_all,False,single5,2,19,threshold,Adm_12_17,-7.0
chp_operational,include_all,False,single5,2,19,threshold,Adm_18_49,7.0
chp_operational,include_all,False,single5,2,19,threshold,Adm_50_64,7.0
chp_operational,include_all,False,single5,2,19,threshold,Adm_65_higher,14.0
chp_operational,include_all,False,single5,2,19,mem,ILI_PMP,-35.0
chp_operational,include_all,False,single5,2,19,mem,ILI_AED,-21.0
chp_operational,include_all,False,single5,2,19,mem,ILI_CMP,-28.0
chp_operational,include_all,False,single5,2,19,mem,ILI_School,-35.0
chp_operational,include_all,False,single5,2,19,mem,ILI_NonSchool,-17.5
chp_operational,include_all,False,single5,2,19,mem,Fever_RCHE,-28.0
chp_operational,include_all,False,single5,2,19,mem,Adm_All,-14.0
chp_operational,include_all,False,single5,2,19,mem,Adm_0_5,-17.5
chp_operational,include_all,False,single5,2,19,mem,Adm_6_11,-21.0
chp_operational,include_all,False,single5,2,19,mem,Adm_12_17,-28.0
chp_operational,include_all,False,single5,2,19,mem,Adm_18_49,-21.0
chp_operational,include_all,False,single5,2,19,mem,Adm_50_64,-14.0
chp_operational,include_all,False,single5,2,19,mem,Adm_65_higher,-14.0
chp_operational,include_all,False,single5,2,19,rt,ILI_PMP,63.0
chp_operational,include_all,False,single5,2,19,rt,ILI_AED,42.0
chp_operational,include_all,False,single5,2,19,rt,ILI_CMP,42.0
chp_operational,include_all,False,single5,2,19,rt,ILI_School,56.0
chp_operational,include_all,False,single5,2,19,rt,ILI_NonSchool,42.0
chp_operational,include_all,False,single5,2,19,rt,Fever_RCHE,-7.0
chp_operational,include_all,False,single5,2,19,rt,Adm_All,42.0
chp_operational,include_all,False,single5,2,19,rt,Adm_0_5,42.0
chp_operational,include_all,False,single5,2,19,rt,Adm_6_11,42.0
chp_operational,include_all,False,single5,2,19,rt,Adm_12_17,35.0
chp_operational,include_all,False,single5,2,19,rt,Adm_18_49,42.0
chp_operational,include_all,False,single5,2,19,rt,Adm_50_64,28.0
chp_operational,include_all,False,single5,2,19,rt,Adm_65_higher,35.0
chp_operational,include_all,True,all8,1,20,threshold,ILI_PMP,-21.0
chp_operational,include_all,True,all8,1,20,threshold,ILI_AED,-45.5
chp_operational,include_all,True,all8,1,20,threshold,ILI_CMP,-28.0
chp_operational,include_all,True,all8,1,20,threshold,ILI_School,-14.0
chp_operational,include_all,True,all8,1,20,threshold,ILI_NonSchool,0.0
chp_operational,include_all,True,all8,1,20,threshold,Fever_RCHE,
chp_operational,include_all,True,all8,1,20,threshold,Adm_All,0.0
chp_operational,include_all,True,all8,1,20,threshold,Adm_0_5,3.5
chp_operational,include_all,True,all8,1,20,threshold,Adm_6_11,3.5
chp_operational,include_all,True,all8,1,20,threshold,Adm_12_17,-3.5
chp_operational,include_all,True,all8,1,20,threshold,Adm_18_49,0.0
chp_operational,include_all,True,all8,1,20,threshold,Adm_50_64,0.0
chp_operational,include_all,True,all8,1,20,threshold,Adm_65_higher,0.0
chp_operational,include_all,True,all8,1,20,mem,ILI_PMP,-45.5
chp_operational,include_all,True,all8,1,20,mem,ILI_AED,-49.0
chp_operational,include_all,True,all8,1,20,mem,ILI_CMP,-38.5
chp_operational,include_all,True,all8,1,20,mem,ILI_School,-35.0
chp_operational,include_all,True,all8,1,20,mem,ILI_NonSchool,-21.0
chp_operational,include_all,True,all8,1,20,mem,Fever_RCHE,-21.0
chp_operational,include_all,True,all8,1,20,mem,Adm_All,-21.0
chp_operational,include_all,True,all8,1,20,mem,Adm_0_5,-28.0
chp_operational,include_all,True,all8,1,20,mem,Adm_6_11,-35.0
chp_operational,include_all,True,all8,1,20,mem,Adm_12_17,-28.0
chp_operational,include_all,True,all8,1,20,mem,Adm_18_49,-35.0
chp_operational,include_all,True,all8,1,20,mem,Adm_50_64,-35.0
chp_operational,include_all,True,all8,1,20,mem,Adm_65_higher,-24.5
chp_operational,include_all,True,all8,1,20,rt,ILI_PMP,45.5
chp_operational,include_all,True,all8,1,20,rt,ILI_AED,45.5
chp_operational,include_all,True,all8,1,20,rt,ILI_CMP,35.0
chp_operational,include_all,True,all8,1,20,rt,ILI_School,35.0
chp_operational,include_all,True,all8,1,20,rt,ILI_NonSchool,10.5
chp_operational,include_all,True,all8,1,20,rt,Fever_RCHE,-35.0
chp_operational,include_all,True,all8,1,20,rt,Adm_All,28.0
chp_operational,include_all,True,all8,1,20,rt,Adm_0_5,35.0
chp_operational,include_all,True,all8,1,20,rt,Adm_6_11,28.0
chp_operational,include_all,True,all8,1,20,rt,Adm_12_17,28.0
chp_operational,include_all,True,all8,1,20,rt,Adm_18_49,35.0
chp_operational,include_all,True,all8,1,20,rt,Adm_50_64,24.5
chp_operational,include_all,True,all8,1,20,rt,Adm_65_higher,24.5
chp_operational,include_all,True,all8,2,21,threshold,ILI_PMP,-28.0
chp_operational,include_all,True,all8,2,21,threshold,ILI_AED,-45.5
chp_operational,include_all,True,all8,2,21,threshold,ILI_CMP,-38.5
chp_operational,include_all,True,all8,2,21,threshold,ILI_School,-14.0
chp_operational,include_all,True,all8,2,21,threshold,ILI_NonSchool,-3.5
chp_operational,include_all,True,all8,2,21,threshold,Fever_RCHE,
chp_operational,include_all,True,all8,2,21,threshold,Adm_All,0.0
chp_operational,include_all,True,all8,2,21,threshold,Adm_0_5,3.5
chp_operational,include_all,True,all8,2,21,threshold,Adm_6_11,3.5
chp_operational,include_all,True,all8,2,21,threshold,Adm_12_17,-3.5
chp_operational,include_all,True,all8,2,21,threshold,Adm_18_49,0.0
chp_operational,include_all,True,all8,2,21,threshold,Adm_50_64,0.0
chp_operational,include_all,True,all8,2,21,threshold,Adm_65_higher,0.0
chp_operational,include_all,True,all8,2,21,mem,ILI_PMP,-45.5
chp_operational,include_all,True,all8,2,21,mem,ILI_AED,-28.0
chp_operational,include_all,True,all8,2,21,mem,ILI_CMP,-38.5
chp_operational,include_all,True,all8,2,21,mem,ILI_School,-35.0
chp_operational,include_all,True,all8,2,21,mem,ILI_NonSchool,-21.0
chp_operational,include_all,True,all8,2,21,mem,Fever_RCHE,-42.0
chp_operational,include_all,True,all8,2,21,mem,Adm_All,-21.0
chp_operational,include_all,True,all8,2,21,mem,Adm_0_5,-28.0
chp_operational,include_all,True,all8,2,21,mem,Adm_6_11,-35.0
chp_operational,include_all,True,all8,2,21,mem,Adm_12_17,-35.0
chp_operational,include_all,True,all8,2,21,mem,Adm_18_49,-35.0
chp_operational,include_all,True,all8,2,21,mem,Adm_50_64,-35.0
chp_operational,include_all,True,all8,2,21,mem,Adm_65_higher,-24.5
chp_operational,include_all,True,all8,2,21,rt,ILI_PMP,45.5
chp_operational,include_all,True,all8,2,21,rt,ILI_AED,28.0
chp_operational,include_all,True,all8,2,21,rt,ILI_CMP,35.0
chp_operational,include_all,True,all8,2,21,rt,ILI_School,35.0
chp_operational,include_all,True,all8,2,21,rt,ILI_NonSchool,10.5
chp_operational,include_all,True,all8,2,21,rt,Fever_RCHE,-42.0
chp_operational,include_all,True,all8,2,21,rt,Adm_All,21.0
chp_operational,include_all,True,all8,2,21,rt,Adm_0_5,17.5
chp_operational,include_all,True,all8,2,21,rt,Adm_6_11,24.5
chp_operational,include_all,True,all8,2,21,rt,Adm_12_17,17.5
chp_operational,include_all,True,all8,2,21,rt,Adm_18_49,21.0
chp_operational,include_all,True,all8,2,21,rt,Adm_50_64,17.5
chp_operational,include_all,True,all8,2,21,rt,Adm_65_higher,24.5
chp_operational,include_all,True,single5,1,22,threshold,ILI_PMP,-24.5
chp_operational,include_all,True,single5,1,22,threshold,ILI_AED,-28.0
chp_operational,include_all,True,single5,1,22,threshold,ILI_CMP,-14.0
chp_operational,include_all,True,single5,1,22,threshold,ILI_School,-7.0
chp_operational,include_all,True,single5,1,22,threshold,ILI_NonSchool,-7.0
chp_operational,include_all,True,single5,1,22,threshold,Fever_RCHE,
chp_operational,include_all,True,single5,1,22,threshold,Adm_All,7.0
chp_operational,include_all,True,single5,1,22,threshold,Adm_0_5,7.0
chp_operational,include_all,True,single5,1,22,threshold,Adm_6_11,7.0
chp_operational,include_all,True,single5,1,22,threshold,Adm_12_17,-7.0
chp_operational,include_all,True,single5,1,22,threshold,Adm_18_49,7.0
chp_operational,include_all,True,single5,1,22,threshold,Adm_50_64,7.0
chp_operational,include_all,True,single5,1,22,threshold,Adm_65_higher,7.0
chp_operational,include_all,True,single5,1,22,mem,ILI_PMP,-35.0
chp_operational,include_all,True,single5,1,22,mem,ILI_AED,-28.0
chp_operational,include_all,True,single5,1,22,mem,ILI_CMP,-35.0
chp_operational,include_all,True,single5,1,22,mem,ILI_School,-28.0
chp_operational,include_all,True,single5,1,22,mem,ILI_NonSchool,-17.5
chp_operational,include_all,True,single5,1,22,mem,Fever_RCHE,-17.5
chp_operational,include_all,True,single5,1,22,mem,Adm_All,-21.0
chp_operational,include_all,True,single5,1,22,mem,Adm_0_5,-21.0
chp_operational,include_all,True,single5,1,22,mem,Adm_6_11,-35.0
chp_operational,include_all,True,single5,1,22,mem,Adm_12_17,-28.0
chp_operational,include_all,True,single5,1,22,mem,Adm_18_49,-28.0
chp_operational,include_all,True,single5,1,22,mem,Adm_50_64,-35.0
chp_operational,include_all,True,single5,1,22,mem,Adm_65_higher,-14.0
chp_operational,include_all,True,single5,1,22,rt,ILI_PMP,56.0
chp_operational,include_all,True,single5,1,22,rt,ILI_AED,56.0
chp_operational,include_all,True,single5,1,22,rt,ILI_CMP,56.0
chp_operational,include_all,True,single5,1,22,rt,ILI_School,49.0
chp_operational,include_all,True,single5,1,22,rt,ILI_NonSchool,42.0
chp_operational,include_all,True,single5,1,22,rt,Fever_RCHE,-14.0
chp_operational,include_all,True,single5,1,22,rt,Adm_All,42.0
chp_operational,include_all,True,single5,1,22,rt,Adm_0_5,49.0
chp_operational,include_all,True,single5,1,22,rt,Adm_6_11,42.0
chp_operational,include_all,True,single5,1,22,rt,Adm_12_17,42.0
chp_operational,include_all,True,single5,1,22,rt,Adm_18_49,56.0
chp_operational,include_all,True,single5,1,22,rt,Adm_50_64,42.0
chp_operational,include_all,True,single5,1,22,rt,Adm_65_higher,28.0
chp_operational,include_all,True,single5,2,23,threshold,ILI_PMP,-24.5
chp_operational,include_all,True,single5,2,23,threshold,ILI_AED,-28.0
chp_operational,include_all,True,single5,2,23,threshold,ILI_CMP,-35.0
chp_operational,include_all,True,single5,2,23,threshold,ILI_School,-7.0
chp_operational,include_all,True,single5,2,23,threshold,ILI_NonSchool,-7.0
chp_operational,include_all,True,single5,2,23,threshold,Fever_RCHE,
chp_operational,include_all,True,single5,2,23,threshold,Adm_All,7.0
chp_operational,include_all,True,single5,2,23,threshold,Adm_0_5,7.0
chp_operational,include_all,True,single5,2,23,threshold,Adm_6_11,7.0
chp_operational,include_all,True,single5,2,23,threshold,Adm_12_17,-7.0
chp_operational,include_all,True,single5,2,23,threshold,Adm_18_49,7.0
chp_operational,include_all,True,single5,2,23,threshold,Adm_50_64,7.0
chp_operational,include_all,True,single5,2,23,threshold,Adm_65_higher,7.0
chp_operational,include_all,True,single5,2,23,mem,ILI_PMP,-35.0
chp_operational,include_all,True,single5,2,23,mem,ILI_AED,-28.0
chp_operational,include_all,True,single5,2,23,mem,ILI_CMP,-35.0
chp_operational,include_all,True,single5,2,23,mem,ILI_School,-28.0
chp_operational,include_all,True,single5,2,23,mem,ILI_NonSchool,-17.5
chp_operational,include_all,True,single5,2,23,mem,Fever_RCHE,-17.5
chp_operational,include_all,True,single5,2,23,mem,Adm_All,-21.0
chp_operational,include_all,True,single5,2,23,mem,Adm_0_5,-21.0
chp_operational,include_all,True,single5,2,23,mem,Adm_6_11,-35.0
chp_operational,include_all,True,single5,2,23,mem,Adm_12_17,-28.0
chp_operational,include_all,True,single5,2,23,mem,Adm_18_49,-28.0
chp_operational,include_all,True,single5,2,23,mem,Adm_50_64,-24.5
chp_operational,include_all,True,single5,2,23,mem,Adm_65_higher,-14.0
chp_operational,include_all,True,single5,2,23,rt,ILI_PMP,56.0
chp_operational,include_all,True,single5,2,23,rt,ILI_AED,35.0
chp_operational,include_all,True,single5,2,23,rt,ILI_CMP,56.0
chp_operational,include_all,True,single5,2,23,rt,ILI_School,49.0
chp_operational,include_all,True,single5,2,23,rt,ILI_NonSchool,42.0
chp_operational,include_all,True,single5,2,23,rt,Fever_RCHE,-7.0
chp_operational,include_all,True,single5,2,23,rt,Adm_All,28.0
chp_operational,include_all,True,single5,2,23,rt,Adm_0_5,28.0
chp_operational,include_all,True,single5,2,23,rt,Adm_6_11,42.0
chp_operational,include_all,True,single5,2,23,rt,Adm_12_17,28.0
chp_operational,include_all,True,single5,2,23,rt,Adm_18_49,28.0
chp_operational,include_all,True,single5,2,23,rt,Adm_50_64,28.0
chp_operational,include_all,True,single5,2,23,rt,Adm_65_higher,28.0
data_derived,exclude_2020_2022,False,all8,1,24,threshold,ILI_PMP,-14.0
data_derived,exclude_2020_2022,False,all8,1,24,threshold,ILI_AED,-24.5
data_derived,exclude_2020_2022,False,all8,1,24,threshold,ILI_CMP,-42.0
data_derived,exclude_2020_2022,False,all8,1,24,threshold,ILI_School,-31.5
data_derived,exclude_2020_2022,False,all8,1,24,threshold,ILI_NonSchool,-7.0
data_derived,exclude_2020_2022,False,all8,1,24,threshold,Fever_RCHE,-28.0
data_derived,exclude_2020_2022,False,all8,1,24,threshold,Adm_All,-7.0
data_derived,exclude_2020_2022,False,all8,1,24,threshold,Adm_0_5,0.0
data_derived,exclude_2020_2022,False,all8,1,24,threshold,Adm_6_11,-7.0
data_derived,exclude_2020_2022,False,all8,1,24,threshold,Adm_12_17,-17.5
data_derived,exclude_2020_2022,False,all8,1,24,threshold,Adm_18_49,-10.5
data_derived,exclude_2020_2022,False,all8,1,24,threshold,Adm_50_64,0.0
data_derived,exclude_2020_2022,False,all8,1,24,threshold,Adm_65_higher,-3.5
data_derived,exclude_2020_2022,False,all8,1,24,mem,ILI_PMP,-63.0
data_derived,exclude_2020_2022,False,all8,1,24,mem,ILI_AED,-52.5
data_derived,exclude_2020_2022,False,all8,1,24,mem,ILI_CMP,-42.0
data_derived,exclude_2020_2022,False,all8,1,24,mem,ILI_School,-35.0
data_derived,exclude_2020_2022,False,all8,1,24,mem,ILI_NonSchool,-17.5
data_derived,exclude_2020_2022,False,all8,1,24,mem,Fever_RCHE,-28.0
data_derived,exclude_2020_2022,False,all8,1,24,mem,Adm_All,-24.5
data_derived,exclude_2020_2022,False,all8,1,24,mem,Adm_0_5,-28.0
data_derived,exclude_2020_2022,False,all8,1,24,mem,Adm_6_11,-28.0
data_derived,exclude_2020_2022,False,all8,1,24,mem,Adm_12_17,-35.0
data_derived,exclude_2020_2022,False,all8,1,24,mem,Adm_18_49,-35.0
data_derived,exclude_2020_2022,False,all8,1,24,mem,Adm_50_64,-28.0
data_derived,exclude_2020_2022,False,all8,1,24,mem,Adm_65_higher,-35.0
data_derived,exclude_2020_2022,False,all8,1,24,rt,ILI_PMP,42.0
data_derived,exclude_2020_2022,False,all8,1,24,rt,ILI_AED,42.0
data_derived,exclude_2020_2022,False,all8,1,24,rt,ILI_CMP,38.5
data_derived,exclude_2020_2022,False,all8,1,24,rt,ILI_School,31.5
data_derived,exclude_2020_2022,False,all8,1,24,rt,ILI_NonSchool,10.5
data_derived,exclude_2020_2022,False,all8,1,24,rt,Fever_RCHE,3.5
data_derived,exclude_2020_2022,False,all8,1,24,rt,Adm_All,38.5
data_derived,exclude_2020_2022,False,all8,1,24,rt,Adm_0_5,38.5
data_derived,exclude_2020_2022,False,all8,1,24,rt,Adm_6_11,28.0
data_derived,exclude_2020_2022,False,all8,1,24,rt,Adm_12_17,21.0
data_derived,exclude_2020_2022,False,all8,1,24,rt,Adm_18_49,35.0
data_derived,exclude_2020_2022,False,all8,1,24,rt,Adm_50_64,17.5
data_derived,exclude_2020_2022,False,all8,1,24,rt,Adm_65_higher,17.5
data_derived,exclude_2020_2022,False,all8,2,25,threshold,ILI_PMP,-56.0
data_derived,exclude_2020_2022,False,all8,2,25,threshold,ILI_AED,-28.0
data_derived,exclude_2020_2022,False,all8,2,25,threshold,ILI_CMP,-42.0
data_derived,exclude_2020_2022,False,all8,2,25,threshold,ILI_School,-49.0
data_derived,exclude_2020_2022,False,all8,2,25,threshold,ILI_NonSchool,-7.0
data_derived,exclude_2020_2022,False,all8,2,25,threshold,Fever_RCHE,-56.0
data_derived,exclude_2020_2022,False,all8,2,25,threshold,Adm_All,-7.0
data_derived,exclude_2020_2022,False,all8,2,25,threshold,Adm_0_5,0.0
data_derived,exclude_2020_2022,False,all8,2,25,threshold,Adm_6_11,-17.5
data_derived,exclude_2020_2022,False,all8,2,25,threshold,Adm_12_17,-28.0
data_derived,exclude_2020_2022,False,all8,2,25,threshold,Adm_18_49,-17.5
data_derived,exclude_2020_2022,False,all8,2,25,threshold,Adm_50_64,-10.5
data_derived,exclude_2020_2022,False,all8,2,25,threshold,Adm_65_higher,-3.5
data_derived,exclude_2020_2022,False,all8,2,25,mem,ILI_PMP,-63.0
data_derived,exclude_2020_2022,False,all8,2,25,mem,ILI_AED,-35.0
data_derived,exclude_2020_2022,False,all8,2,25,mem,ILI_CMP,-42.0
data_derived,exclude_2020_2022,False,all8,2,25,mem,ILI_School,-49.0
data_derived,exclude_2020_2022,False,all8,2,25,mem,ILI_NonSchool,-21.0
data_derived,exclude_2020_2022,False,all8,2,25,mem,Fever_RCHE,-49.0
data_derived,exclude_2020_2022,False,all8,2,25,mem,Adm_All,-14.0
data_derived,exclude_2020_2022,False,all8,2,25,mem,Adm_0_5,-28.0
data_derived,exclude_2020_2022,False,all8,2,25,mem,Adm_6_11,-28.0
data_derived,exclude_2020_2022,False,all8,2,25,mem,Adm_12_17,-38.5
data_derived,exclude_2020_2022,False,all8,2,25,mem,Adm_18_49,-35.0
data_derived,exclude_2020_2022,False,all8,2,25,mem,Adm_50_64,-28.0
data_derived,exclude_2020_2022,False,all8,2,25,mem,Adm_65_higher,-35.0
data_derived,exclude_2020_2022,False,all8,2,25,rt,ILI_PMP,42.0
data_derived,exclude_2020_2022,False,all8,2,25,rt,ILI_AED,24.5
data_derived,exclude_2020_2022,False,all8,2,25,rt,ILI_CMP,0.0
data_derived,exclude_2020_2022,False,all8,2,25,rt,ILI_School,31.5
data_derived,exclude_2020_2022,False,all8,2,25,rt,ILI_NonSchool,10.5
data_derived,exclude_2020_2022,False,all8,2,25,rt,Fever_RCHE,-35.0
data_derived,exclude_2020_2022,False,all8,2,25,rt,Adm_All,28.0
data_derived,exclude_2020_2022,False,all8,2,25,rt,Adm_0_5,24.5
data_derived,exclude_2020_2022,False,all8,2,25,rt,Adm_6_11,17.5
data_derived,exclude_2020_2022,False,all8,2,25,rt,Adm_12_17,17.5
data_derived,exclude_2020_2022,False,all8,2,25,rt,Adm_18_49,21.0
data_derived,exclude_2020_2022,False,all8,2,25,rt,Adm_50_64,17.5
data_derived,exclude_2020_2022,False,all8,2,25,rt,Adm_65_higher,17.5
data_derived,exclude_2020_2022,False,single5,1,26,threshold,ILI_PMP,-28.0
data_derived,exclude_2020_2022,False,single5,1,26,threshold,ILI_AED,-21.0
data_derived,exclude_2020_2022,False,single5,1,26,threshold,ILI_CMP,-42.0
data_derived,exclude_2020_2022,False,single5,1,26,threshold,ILI_School,-21.0
data_derived,exclude_2020_2022,False,single5,1,26,threshold,ILI_NonSchool,-7.0
data_derived,exclude_2020_2022,False,single5,1,26,threshold,Fever_RCHE,-21.0
data_derived,exclude_2020_2022,False,single5,1,26,threshold,Adm_All,-7.0
data_derived,exclude_2020_2022,False,single5,1,26,threshold,Adm_0_5,0.0
data_derived,exclude_2020_2022,False,single5,1,26,threshold,Adm_6_11,0.0
data_derived,exclude_2020_2022,False,single5,1,26,threshold,Adm_12_17,-21.0
data_derived,exclude_2020_2022,False,single5,1,26,threshold,Adm_18_49,-7.0
data_derived,exclude_2020_2022,False,single5,1,26,threshold,Adm_50_64,0.0
data_derived,exclude_2020_2022,False,single5,1,26,threshold,Adm_65_higher,-7.0
data_derived,exclude_2020_2022,False,single5,1,26,mem,ILI_PMP,-45.5
data_derived,exclude_2020_2022,False,single5,1,26,mem,ILI_AED,-31.5
data_derived,exclude_2020_2022,False,single5,1,26,mem,ILI_CMP,-21.0
data_derived,exclude_2020_2022,False,single5,1,26,mem,ILI_School,-24.5
data_derived,exclude_2020_2022,False,single5,1,26,mem,ILI_NonSchool,-21.0
data_derived,exclude_2020_2022,False,single5,1,26,mem,Fever_RCHE,-21.0
data_derived,exclude_2020_2022,False,single5,1,26,mem,Adm_All,-14.0
data_derived,exclude_2020_2022,False,single5,1,26,mem,Adm_0_5,-28.0
data_derived,exclude_2020_2022,False,single5,1,26,mem,Adm_6_11,-28.0
data_derived,exclude_2020_2022,False,single5,1,26,mem,Adm_12_17,-35.0
data_derived,exclude_2020_2022,False,single5,1,26,mem,Adm_18_49,-35.0
data_derived,exclude_2020_2022,False,single5,1,26,mem,Adm_50_64,-14.0
data_derived,exclude_2020_2022,False,single5,1,26,mem,Adm_65_higher,-14.0
data_derived,exclude_2020_2022,False,single5,1,26,rt,ILI_PMP,63.0
data_derived,exclude_2020_2022,False,single5,1,26,rt,ILI_AED,56.0
data_derived,exclude_2020_2022,False,single5,1,26,rt,ILI_CMP,63.0
data_derived,exclude_2020_2022,False,single5,1,26,rt,ILI_School,42.0
data_derived,exclude_2020_2022,False,single5,1,26,rt,ILI_NonSchool,28.0
data_derived,exclude_2020_2022,False,single5,1,26,rt,Fever_RCHE,42.0
data_derived,exclude_2020_2022,False,single5,1,26,rt,Adm_All,42.0
data_derived,exclude_2020_2022,False,single5,1,26,rt,Adm_0_5,42.0
data_derived,exclude_2020_2022,False,single5,1,26,rt,Adm_6_11,42.0
data_derived,exclude_2020_2022,False,single5,1,26,rt,Adm_12_17,42.0
data_derived,exclude_2020_2022,False,single5,1,26,rt,Adm_18_49,42.0
data_derived,exclude_2020_2022,False,single5,1,26,rt,Adm_50_64,42.0
data_derived,exclude_2020_2022,False,single5,1,26,rt,Adm_65_higher,35.0
data_derived,exclude_2020_2022,False,single5,2,27,threshold,ILI_PMP,-35.0
data_derived,exclude_2020_2022,False,single5,2,27,threshold,ILI_AED,-21.0
data_derived,exclude_2020_2022,False,single5,2,27,threshold,ILI_CMP,-42.0
data_derived,exclude_2020_2022,False,single5,2,27,threshold,ILI_School,-42.0
data_derived,exclude_2020_2022,False,single5,2,27,threshold,ILI_NonSchool,-7.0
data_derived,exclude_2020_2022,False,single5,2,27,threshold,Fever_RCHE,-42.0
data_derived,exclude_2020_2022,False,single5,2,27,threshold,Adm_All,-7.0
data_derived,exclude_2020_2022,False,single5,2,27,threshold,Adm_0_5,0.0
data_derived,exclude_2020_2022,False,single5,2,27,threshold,Adm_6_11,-14.0
data_derived,exclude_2020_2022,False,single5,2,27,threshold,Adm_12_17,-24.5
data_derived,exclude_2020_2022,False,single5,2,27,threshold,Adm_18_49,-7.0
data_derived,exclude_2020_2022,False,single5,2,27,threshold,Adm_50_64,-7.0
data_derived,exclude_2020_2022,False,single5,2,27,threshold,Adm_65_higher,-7.0
data_derived,exclude_2020_2022,False,single5,2,27,mem,ILI_PMP,-38.5
data_derived,exclude_2020_2022,False,single5,2,27,mem,ILI_AED,-28.0
data_derived,exclude_2020_2022,False,single5,2,27,mem,ILI_CMP,-42.0
data_derived,exclude_2020_2022,False,single5,2,27,mem,ILI_School,-42.0
data_derived,exclude_2020_2022,False,single5,2,27,mem,ILI_NonSchool,-17.5
data_derived,exclude_2020_2022,False,single5,2,27,mem,Fever_RCHE,-28.0
data_derived,exclude_2020_2022,False,single5,2,27,mem,Adm_All,-14.0
data_derived,exclude_2020_2022,False,single5,2,27,mem,Adm_0_5,-28.0
data_derived,exclude_2020_2022,False,single5,2,27,mem,Adm_6_11,-28.0
data_derived,exclude_2020_2022,False,single5,2,27,mem,Adm_12_17,-35.0
data_derived,exclude_2020_2022,False,single5,2,27,mem,Adm_18_49,-28.0
data_derived,exclude_2020_2022,False,single5,2,27,mem,Adm_50_64,-14.0
data_derived,exclude_2020_2022,False,single5,2,27,mem,Adm_65_higher,-14.0
data_derived,exclude_2020_2022,False,single5,2,27,rt,ILI_PMP,63.0
data_derived,exclude_2020_2022,False,single5,2,27,rt,ILI_AED,42.0
data_derived,exclude_2020_2022,False,single5,2,27,rt,ILI_CMP,35.0
data_derived,exclude_2020_2022,False,single5,2,27,rt,ILI_School,42.0
data_derived,exclude_2020_2022,False,single5,2,27,rt,ILI_NonSchool,28.0
data_derived,exclude_2020_2022,False,single5,2,27,rt,Fever_RCHE,-7.0
data_derived,exclude_2020_2022,False,single5,2,27,rt,Adm_All,42.0
data_derived,exclude_2020_2022,False,single5,2,27,rt,Adm_0_5,42.0
data_derived,exclude_2020_2022,False,single5,2,27,rt,Adm_6_11,42.0
data_derived,exclude_2020_2022,False,single5,2,27,rt,Adm_12_17,28.0
data_derived,exclude_2020_2022,False,single5,2,27,rt,Adm_18_49,42.0
data_derived,exclude_2020_2022,False,single5,2,27,rt,Adm_50_64,21.0
data_derived,exclude_2020_2022,False,single5,2,27,rt,Adm_65_higher,35.0
data_derived,exclude_2020_2022,True,all8,1,28,threshold,ILI_PMP,-28.0
data_derived,exclude_2020_2022,True,all8,1,28,threshold,ILI_AED,-21.0
data_derived,exclude_2020_2022,True,all8,1,28,threshold,ILI_CMP,-42.0
data_derived,exclude_2020_2022,True,all8,1,28,threshold,ILI_School,-35.0
data_derived,exclude_2020_2022,True,all8,1,28,threshold,ILI_NonSchool,-7.0
data_derived,exclude_2020_2022,True,all8,1,28,threshold,Fever_RCHE,-49.0
data_derived,exclude_2020_2022,True,all8,1,28,threshold,Adm_All,-7.0
data_derived,exclude_2020_2022,True,all8,1,28,threshold,Adm_0_5,0.0
data_derived,exclude_2020_2022,True,all8,1,28,threshold,Adm_6_11,-14.0
data_derived,exclude_2020_2022,True,all8,1,28,threshold,Adm_12_17,-28.0
data_derived,exclude_2020_2022,True,all8,1,28,threshold,Adm_18_49,-14.0
data_derived,exclude_2020_2022,True,all8,1,28,threshold,Adm_50_64,-3.5
data_derived,exclude_2020_2022,True,all8,1,28,threshold,Adm_65_higher,-7.0
data_derived,exclude_2020_2022,True,all8,1,28,mem,ILI_PMP,-49.0
data_derived,exclude_2020_2022,True,all8,1,28,mem,ILI_AED,-49.0
data_derived,exclude_2020_2022,True,all8,1,28,mem,ILI_CMP,-42.0
data_derived,exclude_2020_2022,True,all8,1,28,mem,ILI_School,-35.0
data_derived,exclude_2020_2022,True,all8,1,28,mem,ILI_NonSchool,-21.0
data_derived,exclude_2020_2022,True,all8,1,28,mem,Fever_RCHE,-21.0
data_derived,exclude_2020_2022,True,all8,1,28,mem,Adm_All,-21.0
data_derived,exclude_2020_2022,True,all8,1,28,mem,Adm_0_5,-35.0
data_derived,exclude_2020_2022,True,all8,1,28,mem,Adm_6_11,-35.0
data_derived,exclude_2020_2022,True,all8,1,28,mem,Adm_12_17,-28.0
data_derived,exclude_2020_2022,True,all8,1,28,mem,Adm_18_49,-35.0
data_derived,exclude_2020_2022,True,all8,1,28,mem,Adm_50_64,-35.0
data_derived,exclude_2020_2022,True,all8,1,28,mem,Adm_65_higher,-24.5
data_derived,exclude_2020_2022,True,all8,1,28,rt,ILI_PMP,45.5
data_derived,exclude_2020_2022,True,all8,1,28,rt,ILI_AED,45.5
data_derived,exclude_2020_2022,True,all8,1,28,rt,ILI_CMP,35.0
data_derived,exclude_2020_2022,True,all8,1,28,rt,ILI_School,35.0
data_derived,exclude_2020_2022,True,all8,1,28,rt,ILI_NonSchool,10.5
data_derived,exclude_2020_2022,True,all8,1,28,rt,Fever_RCHE,-35.0
data_derived,exclude_2020_2022,True,all8,1,28,rt,Adm_All,28.0
data_derived,exclude_2020_2022,True,all8,1,28,rt,Adm_0_5,35.0
data_derived,exclude_2020_2022,True,all8,1,28,rt,Adm_6_11,24.5
data_derived,exclude_2020_2022,True,all8,1,28,rt,Adm_12_17,24.5
data_derived,exclude_2020_2022,True,all8,1,28,rt,Adm_18_49,35.0
data_derived,exclude_2020_2022,True,all8,1,28,rt,Adm_50_64,24.5
data_derived,exclude_2020_2022,True,all8,1,28,rt,Adm_65_higher,24.5
data_derived,exclude_2020_2022,True,all8,2,29,threshold,ILI_PMP,-28.0
data_derived,exclude_2020_2022,True,all8,2,29,threshold,ILI_AED,-21.0
data_derived,exclude_2020_2022,True,all8,2,29,threshold,ILI_CMP,-42.0
data_derived,exclude_2020_2022,True,all8,2,29,threshold,ILI_School,-35.0
data_derived,exclude_2020_2022,True,all8,2,29,threshold,ILI_NonSchool,-7.0
data_derived,exclude_2020_2022,True,all8,2,29,threshold,Fever_RCHE,-49.0
data_derived,exclude_2020_2022,True,all8,2,29,threshold,Adm_All,-7.0
data_derived,exclude_2020_2022,True,all8,2,29,threshold,Adm_0_5,0.0
data_derived,exclude_2020_2022,True,all8,2,29,threshold,Adm_6_11,-14.0
data_derived,exclude_2020_2022,True,all8,2,29,threshold,Adm_12_17,-28.0
data_derived,exclude_2020_2022,True,all8,2,29,threshold,Adm_18_49,-14.0
data_derived,exclude_2020_2022,True,all8,2,29,threshold,Adm_50_64,-3.5
data_derived,exclude_2020_2022,True,all8,2,29,threshold,Adm_65_higher,-7.0
data_derived,exclude_2020_2022,True,all8,2,29,mem,ILI_PMP,-49.0
data_derived,exclude_2020_2022,True,all8,2,29,mem,ILI_AED,-28.0
data_derived,exclude_2020_2022,True,all8,2,29,mem,ILI_CMP,-42.0
data_derived,exclude_2020_2022,True,all8,2,29,mem,ILI_School,-35.0
data_derived,exclude_2020_2022,True,all8,2,29,mem,ILI_NonSchool,-21.0
data_derived,exclude_2020_2022,True,all8,2,29,mem,Fever_RCHE,-42.0
data_derived,exclude_2020_2022,True,all8,2,29,mem,Adm_All,-21.0
data_derived,exclude_2020_2022,True,all8,2,29,mem,Adm_0_5,-35.0
data_derived,exclude_2020_2022,True,all8,2,29,mem,Adm_6_11,-35.0
data_derived,exclude_2020_2022,True,all8,2,29,mem,Adm_12_17,-35.0
data_derived,exclude_2020_2022,True,all8,2,29,mem,Adm_18_49,-35.0
data_derived,exclude_2020_2022,True,all8,2,29,mem,Adm_50_64,-35.0
data_derived,exclude_2020_2022,True,all8,2,29,mem,Adm_65_higher,-24.5
data_derived,exclude_2020_2022,True,all8,2,29,rt,ILI_PMP,45.5
data_derived,exclude_2020_2022,True,all8,2,29,rt,ILI_AED,28.0
data_derived,exclude_2020_2022,True,all8,2,29,rt,ILI_CMP,35.0
data_derived,exclude_2020_2022,True,all8,2,29,rt,ILI_School,35.0
data_derived,exclude_2020_2022,True,all8,2,29,rt,ILI_NonSchool,10.5
data_derived,exclude_2020_2022,True,all8,2,29,rt,Fever_RCHE,-42.0
data_derived,exclude_2020_2022,True,all8,2,29,rt,Adm_All,21.0
data_derived,exclude_2020_2022,True,all8,2,29,rt,Adm_0_5,17.5
data_derived,exclude_2020_2022,True,all8,2,29,rt,Adm_6_11,24.5
data_derived,exclude_2020_2022,True,all8,2,29,rt,Adm_12_17,17.5
data_derived,exclude_2020_2022,True,all8,2,29,rt,Adm_18_49,21.0
data_derived,exclude_2020_2022,True,all8,2,29,rt,Adm_50_64,17.5
data_derived,exclude_2020_2022,True,all8,2,29,rt,Adm_65_higher,24.5
data_derived,exclude_2020_2022,True,single5,1,30,threshold,ILI_PMP,-28.0
data_derived,exclude_2020_2022,True,single5,1,30,threshold,ILI_AED,-21.0
data_derived,exclude_2020_2022,True,single5,1,30,threshold,ILI_CMP,-42.0
data_derived,exclude_2020_2022,True,single5,1,30,threshold,ILI_School,-28.0
data_derived,exclude_2020_2022,True,single5,1,30,threshold,ILI_NonSchool,-7.0
data_derived,exclude_2020_2022,True,single5,1,30,threshold,Fever_RCHE,-24.5
data_derived,exclude_2020_2022,True,single5,1,30,threshold,Adm_All,-7.0
data_derived,exclude_2020_2022,True,single5,1,30,threshold,Adm_0_5,0.0
data_derived,exclude_2020_2022,True,single5,1,30,threshold,Adm_6_11,-7.0
data_derived,exclude_2020_2022,True,single5,1,30,threshold,Adm_12_17,-21.0
data_derived,exclude_2020_2022,True,single5,1,30,threshold,Adm_18_49,-7.0
data_derived,exclude_2020_2022,True,single5,1,30,threshold,Adm_50_64,-7.0
data_derived,exclude_2020_2022,True,single5,1,30,threshold,Adm_65_higher,-7.0
data_derived,exclude_2020_2022,True,single5,1,30,mem,ILI_PMP,-42.0
data_derived,exclude_2020_2022,True,single5,1,30,mem,ILI_AED,-28.0
data_derived,exclude_2020_2022,True,single5,1,30,mem,ILI_CMP,-42.0
data_derived,exclude_2020_2022,True,single5,1,30,mem,ILI_School,-28.0
data_derived,exclude_2020_2022,True,single5,1,30,mem,ILI_NonSchool,-17.5
data_derived,exclude_2020_2022,True,single5,1,30,mem,Fever_RCHE,-17.5
data_derived,exclude_2020_2022,True,single5,1,30,mem,Adm_All,-21.0
data_derived,exclude_2020_2022,True,single5,1,30,mem,Adm_0_5,-21.0
data_derived,exclude_2020_2022,True,single5,1,30,mem,Adm_6_11,-35.0
data_derived,exclude_2020_2022,True,single5,1,30,mem,Adm_12_17,-28.0
data_derived,exclude_2020_2022,True,single5,1,30,mem,Adm_18_49,-28.0
data_derived,exclude_2020_2022,True,single5,1,30,mem,Adm_50_64,-35.0
data_derived,exclude_2020_2022,True,single5,1,30,mem,Adm_65_higher,-14.0
data_derived,exclude_2020_2022,True,single5,1,30,rt,ILI_PMP,56.0
data_derived,exclude_2020_2022,True,single5,1,30,rt,ILI_AED,56.0
data_derived,exclude_2020_2022,True,single5,1,30,rt,ILI_CMP,56.0
data_derived,exclude_2020_2022,True,single5,1,30,rt,ILI_School,49.0
data_derived,exclude_2020_2022,True,single5,1,30,rt,ILI_NonSchool,42.0
data_derived,exclude_2020_2022,True,single5,1,30,rt,Fever_RCHE,-14.0
data_derived,exclude_2020_2022,True,single5,1,30,rt,Adm_All,42.0
data_derived,exclude_2020_2022,True,single5,1,30,rt,Adm_0_5,49.0
data_derived,exclude_2020_2022,True,single5,1,30,rt,Adm_6_11,42.0
data_derived,exclude_2020_2022,True,single5,1,30,rt,Adm_12_17,42.0
data_derived,exclude_2020_2022,True,single5,1,30,rt,Adm_18_49,49.0
data_derived,exclude_2020_2022,True,single5,1,30,rt,Adm_50_64,42.0
data_derived,exclude_2020_2022,True,single5,1,30,rt,Adm_65_higher,28.0
data_derived,exclude_2020_2022,True,single5,2,31,threshold,ILI_PMP,-28.0
data_derived,exclude_2020_2022,True,single5,2,31,threshold,ILI_AED,-17.5
data_derived,exclude_2020_2022,True,single5,2,31,threshold,ILI_CMP,-42.0
data_derived,exclude_2020_2022,True,single5,2,31,threshold,ILI_School,-28.0
data_derived,exclude_2020_2022,True,single5,2,31,threshold,ILI_NonSchool,-7.0
data_derived,exclude_2020_2022,True,single5,2,31,threshold,Fever_RCHE,-31.5
data_derived,exclude_2020_2022,True,single5,2,31,threshold,Adm_All,-7.0
data_derived,exclude_2020_2022,True,single5,2,31,threshold,Adm_0_5,0.0
data_derived,exclude_2020_2022,True,single5,2,31,threshold,Adm_6_11,-7.0
data_derived,exclude_2020_2022,True,single5,2,31,threshold,Adm_12_17,-21.0
data_derived,exclude_2020_2022,True,single5,2,31,threshold,Adm_18_49,-7.0
data_derived,exclude_2020_2022,True,single5,2,31,threshold,Adm_50_64,-7.0
data_derived,exclude_2020_2022,True,single5,2,31,threshold,Adm_65_higher,-7.0
data_derived,exclude_2020_2022,True,single5,2,31,mem,ILI_PMP,-42.0
data_derived,exclude_2020_2022,True,single5,2,31,mem,ILI_AED,-28.0
data_derived,exclude_2020_2022,True,single5,2,31,mem,ILI_CMP,-42.0
data_derived,exclude_2020_2022,True,single5,2,31,mem,ILI_School,-28.0
data_derived,exclude_2020_2022,True,single5,2,31,mem,ILI_NonSchool,-17.5
data_derived,exclude_2020_2022,True,single5,2,31,mem,Fever_RCHE,-17.5
data_derived,exclude_2020_2022,True,single5,2,31,mem,Adm_All,-21.0
data_derived,exclude_2020_2022,True,single5,2,31,mem,Adm_0_5,-21.0
data_derived,exclude_2020_2022,True,single5,2,31,mem,Adm_6_11,-35.0
data_derived,exclude_2020_2022,True,single5,2,31,mem,Adm_12_17,-28.0
data_derived,exclude_2020_2022,True,single5,2,31,mem,Adm_18_49,-28.0
data_derived,exclude_2020_2022,True,single5,2,31,mem,Adm_50_64,-24.5
data_derived,exclude_2020_2022,True,single5,2,31,mem,Adm_65_higher,-14.0
data_derived,exclude_2020_2022,True,single5,2,31,rt,ILI_PMP,56.0
data_derived,exclude_2020_2022,True,single5,2,31,rt,ILI_AED,35.0
data_derived,exclude_2020_2022,True,single5,2,31,rt,ILI_CMP,56.0
data_derived,exclude_2020_2022,True,single5,2,31,rt,ILI_School,49.0
data_derived,exclude_2020_2022,True,single5,2,31,rt,ILI_NonSchool,42.0
data_derived,exclude_2020_2022,True,single5,2,31,rt,Fever_RCHE,-7.0
data_derived,exclude_2020_2022,True,single5,2,31,rt,Adm_All,28.0
data_derived,exclude_2020_2022,True,single5,2,31,rt,Adm_0_5,28.0
data_derived,exclude_2020_2022,True,single5,2,31,rt,Adm_6_11,35.0
data_derived,exclude_2020_2022,True,single5,2,31,rt,Adm_12_17,28.0
data_derived,exclude_2020_2022,True,single5,2,31,rt,Adm_18_49,28.0
data_derived,exclude_2020_2022,True,single5,2,31,rt,Adm_50_64,28.0
data_derived,exclude_2020_2022,True,single5,2,31,rt,Adm_65_higher,28.0
data_derived,exclude_2020,False,all8,1,32,threshold,ILI_PMP,-28.0
data_derived,exclude_2020,False,all8,1,32,threshold,ILI_AED,-38.5
data_derived,exclude_2020,False,all8,1,32,threshold,ILI_CMP,-105.0
data_derived,exclude_2020,False,all8,1,32,threshold,ILI_School,-49.0
data_derived,exclude_2020,False,all8,1,32,threshold,ILI_NonSchool,-14.0
data_derived,exclude_2020,False,all8,1,32,threshold,Fever_RCHE,
data_derived,exclude_2020,False,all8,1,32,threshold,Adm_All,-3.5
data_derived,exclude_2020,False,all8,1,32,threshold,Adm_0_5,-3.5
data_derived,exclude_2020,False,all8,1,32,threshold,Adm_6_11,-28.0
data_derived,exclude_2020,False,all8,1,32,threshold,Adm_12_17,-24.5
data_derived,exclude_2020,False,all8,1,32,threshold,Adm_18_49,-14.0
data_derived,exclude_2020,False,all8,1,32,threshold,Adm_50_64,0.0
data_derived,exclude_2020,False,all8,1,32,threshold,Adm_65_higher,0.0
data_derived,exclude_2020,False,all8,1,32,mem,ILI_PMP,-63.0
data_derived,exclude_2020,False,all8,1,32,mem,ILI_AED,-77.0
data_derived,exclude_2020,False,all8,1,32,mem,ILI_CMP,-105.0
data_derived,exclude_2020,False,all8,1,32,mem,ILI_School,-42.0
data_derived,exclude_2020,False,all8,1,32,mem,ILI_NonSchool,-31.5
data_derived,exclude_2020,False,all8,1,32,mem,Fever_RCHE,-38.5
data_derived,exclude_2020,False,all8,1,32,mem,Adm_All,-42.0
data_derived,exclude_2020,False,all8,1,32,mem,Adm_0_5,-42.0
data_derived,exclude_2020,False,all8,1,32,mem,Adm_6_11,-38.5
data_derived,exclude_2020,False,all8,1,32,mem,Adm_12_17,-63.0
data_derived,exclude_2020,False,all8,1,32,mem,Adm_18_49,-77.0
data_derived,exclude_2020,False,all8,1,32,mem,Adm_50_64,-35.0
data_derived,exclude_2020,False,all8,1,32,mem,Adm_65_higher,-42.0
data_derived,exclude_2020,False,all8,1,32,rt,ILI_PMP,-21.0
data_derived,exclude_2020,False,all8,1,32,rt,ILI_AED,-24.5
data_derived,exclude_2020,False,all8,1,32,rt,ILI_CMP,-24.5
data_derived,exclude_2020,False,all8,1,32,rt,ILI_School,-21.0
data_derived,exclude_2020,False,all8,1,32,rt,ILI_NonSchool,-24.5
data_derived,exclude_2020,False,all8,1,32,rt,Fever_RCHE,-31.5
data_derived,exclude_2020,False,all8,1,32,rt,Adm_All,-21.0
data_derived,exclude_2020,False,all8,1,32,rt,Adm_0_5,-21.0
data_derived,exclude_2020,False,all8,1,32,rt,Adm_6_11,-24.5
data_derived,exclude_2020,False,all8,1,32,rt,Adm_12_17,-21.0
data_derived,exclude_2020,False,all8,1,32,rt,Adm_18_49,-21.0
data_derived,exclude_2020,False,all8,1,32,rt,Adm_50_64,-21.0
data_derived,exclude_2020,False,all8,1,32,rt,Adm_65_higher,-21.0
data_derived,exclude_2020,False,all8,2,33,threshold,ILI_PMP,-56.0
data_derived,exclude_2020,False,all8,2,33,threshold,ILI_AED,-73.5
data_derived,exclude_2020,False,all8,2,33,threshold,ILI_CMP,-66.5
data_derived,exclude_2020,False,all8,2,33,threshold,ILI_School,-56.0
data_derived,exclude_2020,False,all8,2,33,threshold,ILI_NonSchool,-14.0
data_derived,exclude_2020,False,all8,2,33,threshold,Fever_RCHE,
data_derived,exclude_2020,False,all8,2,33,threshold,Adm_All,-3.5
data_derived,exclude_2020,False,all8,2,33,threshold,Adm_0_5,-3.5
data_derived,exclude_2020,False,all8,2,33,threshold,Adm_6_11,-21.0
data_derived,exclude_2020,False,all8,2,33,threshold,Adm_12_17,-28.0
data_derived,exclude_2020,False,all8,2,33,threshold,Adm_18_49,-24.5
data_derived,exclude_2020,False,all8,2,33,threshold,Adm_50_64,-7.0
data_derived,exclude_2020,False,all8,2,33,threshold,Adm_65_higher,0.0
data_derived,exclude_2020,False,all8,2,33,mem,ILI_PMP,-66.5
data_derived,exclude_2020,False,all8,2,33,mem,ILI_AED,-70.0
data_derived,exclude_2020,False,all8,2,33,mem,ILI_CMP,-77.0
data_derived,exclude_2020,False,all8,2,33,mem,ILI_School,-56.0
data_derived,exclude_2020,False,all8,2,33,mem,ILI_NonSchool,-28.0
data_derived,exclude_2020,False,all8,2,33,mem,Fever_RCHE,-49.0
data_derived,exclude_2020,False,all8,2,33,mem,Adm_All,-28.0
data_derived,exclude_2020,False,all8,2,33,mem,Adm_0_5,-35.0
data_derived,exclude_2020,False,all8,2,33,mem,Adm_6_11,-38.5
data_derived,exclude_2020,False,all8,2,33,mem,Adm_12_17,-70.0
data_derived,exclude_2020,False,all8,2,33,mem,Adm_18_49,-52.5
data_derived,exclude_2020,False,all8,2,33,mem,Adm_50_64,-35.0
data_derived,exclude_2020,False,all8,2,33,mem,Adm_65_higher,-35.0
data_derived,exclude_2020,False,all8,2,33,rt,ILI_PMP,7.0
data_derived,exclude_2020,False,all8,2,33,rt,ILI_AED,-7.0
data_derived,exclude_2020,False,all8,2,33,rt,ILI_CMP,-24.5
data_derived,exclude_2020,False,all8,2,33,rt,ILI_School,0.0
data_derived,exclude_2020,False,all8,2,33,rt,ILI_NonSchool,-21.0
data_derived,exclude_2020,False,all8,2,33,rt,Fever_RCHE,-49.0
data_derived,exclude_2020,False,all8,2,33,rt,Adm_All,0.0
data_derived,exclude_2020,False,all8,2,33,rt,Adm_0_5,0.0
data_derived,exclude_2020,False,all8,2,33,rt,Adm_6_11,-14.0
data_derived,exclude_2020,False,all8,2,33,rt,Adm_12_17,-10.5
data_derived,exclude_2020,False,all8,2,33,rt,Adm_18_49,-7.0
data_derived,exclude_2020,False,all8,2,33,rt,Adm_50_64,-7.0
data_derived,exclude_2020,False,all8,2,33,rt,Adm_65_higher,-7.0
data_derived,exclude_2020,False,single5,1,34,threshold,ILI_PMP,-38.5
data_derived,exclude_2020,False,single5,1,34,threshold,ILI_AED,-35.0
data_derived,exclude_2020,False,single5,1,34,threshold,ILI_CMP,-28.0
data_derived,exclude_2020,False,single5,1,34,threshold,ILI_School,-42.0
data_derived,exclude_2020,False,single5,1,34,threshold,ILI_NonSchool,-49.0
data_derived,exclude_2020,False,single5,1,34,threshold,Fever_RCHE,
data_derived,exclude_2020,False,single5,1,34,threshold,Adm_All,-14.0
data_derived,exclude_2020,False,single5,1,34,threshold,Adm_0_5,-7.0
data_derived,exclude_2020,False,single5,1,34,threshold,Adm_6_11,-28.0
data_derived,exclude_2020,False,single5,1,34,threshold,Adm_12_17,-35.0
data_derived,exclude_2020,False,single5,1,34,threshold,Adm_18_49,-21.0
data_derived,exclude_2020,False,single5,1,34,threshold,Adm_50_64,-21.0
data_derived,exclude_2020,False,single5,1,34,threshold,Adm_65_higher,-7.0
data_derived,exclude_2020,False,single5,1,34,mem,ILI_PMP,-84.0
data_derived,exclude_2020,False,single5,1,34,mem,ILI_AED,-70.0
data_derived,exclude_2020,False,single5,1,34,mem,ILI_CMP,-28.0
data_derived,exclude_2020,False,single5,1,34,mem,ILI_School,-38.5
data_derived,exclude_2020,False,single5,1,34,mem,ILI_NonSchool,-56.0
data_derived,exclude_2020,False,single5,1,34,mem,Fever_RCHE,-28.0
data_derived,exclude_2020,False,single5,1,34,mem,Adm_All,-42.0
data_derived,exclude_2020,False,single5,1,34,mem,Adm_0_5,-42.0
data_derived,exclude_2020,False,single5,1,34,mem,Adm_6_11,-38.5
data_derived,exclude_2020,False,single5,1,34,mem,Adm_12_17,-70.0
data_derived,exclude_2020,False,single5,1,34,mem,Adm_18_49,-105.0
data_derived,exclude_2020,False,single5,1,34,mem,Adm_50_64,-35.0
data_derived,exclude_2020,False,single5,1,34,mem,Adm_65_higher,-66.5
data_derived,exclude_2020,False,single5,1,34,rt,ILI_PMP,35.0
data_derived,exclude_2020,False,single5,1,34,rt,ILI_AED,35.0
data_derived,exclude_2020,False,single5,1,34,rt,ILI_CMP,35.0
data_derived,exclude_2020,False,single5,1,34,rt,ILI_School,21.0
data_derived,exclude_2020,False,single5,1,34,rt,ILI_NonSchool,-7.0
data_derived,exclude_2020,False,single5,1,34,rt,Fever_RCHE,-21.0
data_derived,exclude_2020,False,single5,1,34,rt,Adm_All,21.0
data_derived,exclude_2020,False,single5,1,34,rt,Adm_0_5,21.0
data_derived,exclude_2020,False,single5,1,34,rt,Adm_6_11,0.0
data_derived,exclude_2020,False,single5,1,34,rt,Adm_12_17,0.0
data_derived,exclude_2020,False,single5,1,34,rt,Adm_18_49,28.0
data_derived,exclude_2020,False,single5,1,34,rt,Adm_50_64,7.0
data_derived,exclude_2020,False,single5,1,34,rt,Adm_65_higher,7.0
data_derived,exclude_2020,False,single5,2,35,threshold,ILI_PMP,-73.5
data_derived,exclude_2020,False,single5,2,35,threshold,ILI_AED,-66.5
data_derived,exclude_2020,False,single5,2,35,threshold,ILI_CMP,-28.0
data_derived,exclude_2020,False,single5,2,35,threshold,ILI_School,-49.0
data_derived,exclude_2020,False,single5,2,35,threshold,ILI_NonSchool,-14.0
data_derived,exclude_2020,False,single5,2,35,threshold,Fever_RCHE,
data_derived,exclude_2020,False,single5,2,35,threshold,Adm_All,-14.0
data_derived,exclude_2020,False,single5,2,35,threshold,Adm_0_5,-7.0
data_derived,exclude_2020,False,single5,2,35,threshold,Adm_6_11,-14.0
data_derived,exclude_2020,False,single5,2,35,threshold,Adm_12_17,-35.0
data_derived,exclude_2020,False,single5,2,35,threshold,Adm_18_49,-21.0
data_derived,exclude_2020,False,single5,2,35,threshold,Adm_50_64,-21.0
data_derived,exclude_2020,False,single5,2,35,threshold,Adm_65_higher,-7.0
data_derived,exclude_2020,False,single5,2,35,mem,ILI_PMP,-49.0
data_derived,exclude_2020,False,single5,2,35,mem,ILI_AED,-42.0
data_derived,exclude_2020,False,single5,2,35,mem,ILI_CMP,-49.0
data_derived,exclude_2020,False,single5,2,35,mem,ILI_School,-49.0
data_derived,exclude_2020,False,single5,2,35,mem,ILI_NonSchool,-24.5
data_derived,exclude_2020,False,single5,2,35,mem,Fever_RCHE,-38.5
data_derived,exclude_2020,False,single5,2,35,mem,Adm_All,-28.0
data_derived,exclude_2020,False,single5,2,35,mem,Adm_0_5,-35.0
data_derived,exclude_2020,False,single5,2,35,mem,Adm_6_11,-38.5
data_derived,exclude_2020,False,single5,2,35,mem,Adm_12_17,-70.0
data_derived,exclude_2020,False,single5,2,35,mem,Adm_18_49,-63.0
data_derived,exclude_2020,False,single5,2,35,mem,Adm_50_64,-28.0
data_derived,exclude_2020,False,single5,2,35,mem,Adm_65_higher,-24.5
data_derived,exclude_2020,False,single5,2,35,rt,ILI_PMP,49.0
data_derived,exclude_2020,False,single5,2,35,rt,ILI_AED,28.0
data_derived,exclude_2020,False,single5,2,35,rt,ILI_CMP,7.0
data_derived,exclude_2020,False,single5,2,35,rt,ILI_School,21.0
data_derived,exclude_2020,False,single5,2,35,rt,ILI_NonSchool,7.0
data_derived,exclude_2020,False,single5,2,35,rt,Fever_RCHE,-21.0
data_derived,exclude_2020,False,single5,2,35,rt,Adm_All,35.0
data_derived,exclude_2020,False,single5,2,35,rt,Adm_0_5,35.0
data_derived,exclude_2020,False,single5,2,35,rt,Adm_6_11,35.0
data_derived,exclude_2020,False,single5,2,35,rt,Adm_12_17,21.0
data_derived,exclude_2020,False,single5,2,35,rt,Adm_18_49,28.0
data_derived,exclude_2020,False,single5,2,35,rt,Adm_50_64,14.0
data_derived,exclude_2020,False,single5,2,35,rt,Adm_65_higher,21.0
data_derived,exclude_2020,True,all8,1,36,threshold,ILI_PMP,-35.0
data_derived,exclude_2020,True,all8,1,36,threshold,ILI_AED,-49.0
data_derived,exclude_2020,True,all8,1,36,threshold,ILI_CMP,-98.0
data_derived,exclude_2020,True,all8,1,36,threshold,ILI_School,-42.0
data_derived,exclude_2020,True,all8,1,36,threshold,ILI_NonSchool,-3.5
data_derived,exclude_2020,True,all8,1,36,threshold,Fever_RCHE,
data_derived,exclude_2020,True,all8,1,36,threshold,Adm_All,-3.5
data_derived,exclude_2020,True,all8,1,36,threshold,Adm_0_5,0.0
data_derived,exclude_2020,True,all8,1,36,threshold,Adm_6_11,-17.5
data_derived,exclude_2020,True,all8,1,36,threshold,Adm_12_17,-28.0
data_derived,exclude_2020,True,all8,1,36,threshold,Adm_18_49,-14.0
data_derived,exclude_2020,True,all8,1,36,threshold,Adm_50_64,0.0
data_derived,exclude_2020,True,all8,1,36,threshold,Adm_65_higher,-3.5
data_derived,exclude_2020,True,all8,1,36,mem,ILI_PMP,-52.5
data_derived,exclude_2020,True,all8,1,36,mem,ILI_AED,-77.0
data_derived,exclude_2020,True,all8,1,36,mem,ILI_CMP,-77.0
data_derived,exclude_2020,True,all8,1,36,mem,ILI_School,-42.0
data_derived,exclude_2020,True,all8,1,36,mem,ILI_NonSchool,-42.0
data_derived,exclude_2020,True,all8,1,36,mem,Fever_RCHE,-28.0
data_derived,exclude_2020,True,all8,1,36,mem,Adm_All,-42.0
data_derived,exclude_2020,True,all8,1,36,mem,Adm_0_5,-42.0
data_derived,exclude_2020,True,all8,1,36,mem,Adm_6_11,-56.0
data_derived,exclude_2020,True,all8,1,36,mem,Adm_12_17,-59.5
data_derived,exclude_2020,True,all8,1,36,mem,Adm_18_49,-77.0
data_derived,exclude_2020,True,all8,1,36,mem,Adm_50_64,-52.5
data_derived,exclude_2020,True,all8,1,36,mem,Adm_65_higher,-42.0
data_derived,exclude_2020,True,all8,1,36,rt,ILI_PMP,-21.0
data_derived,exclude_2020,True,all8,1,36,rt,ILI_AED,-28.0
data_derived,exclude_2020,True,all8,1,36,rt,ILI_CMP,-21.0
data_derived,exclude_2020,True,all8,1,36,rt,ILI_School,-21.0
data_derived,exclude_2020,True,all8,1,36,rt,ILI_NonSchool,-28.0
data_derived,exclude_2020,True,all8,1,36,rt,Fever_RCHE,-66.5
data_derived,exclude_2020,True,all8,1,36,rt,Adm_All,-21.0
data_derived,exclude_2020,True,all8,1,36,rt,Adm_0_5,-21.0
data_derived,exclude_2020,True,all8,1,36,rt,Adm_6_11,-21.0
data_derived,exclude_2020,True,all8,1,36,rt,Adm_12_17,-21.0
data_derived,exclude_2020,True,all8,1,36,rt,Adm_18_49,-21.0
data_derived,exclude_2020,True,all8,1,36,rt,Adm_50_64,-21.0
data_derived,exclude_2020,True,all8,1,36,rt,Adm_65_higher,-21.0
data_derived,exclude_2020,True,all8,2,37,threshold,ILI_PMP,-35.0
data_derived,exclude_2020,True,all8,2,37,threshold,ILI_AED,-73.5
data_derived,exclude_2020,True,all8,2,37,threshold,ILI_CMP,-98.0
data_derived,exclude_2020,True,all8,2,37,threshold,ILI_School,-42.0
data_derived,exclude_2020,True,all8,2,37,threshold,ILI_NonSchool,-10.5
data_derived,exclude_2020,True,all8,2,37,threshold,Fever_RCHE,
data_derived,exclude_2020,True,all8,2,37,threshold,Adm_All,-3.5
data_derived,exclude_2020,True,all8,2,37,threshold,Adm_0_5,0.0
data_derived,exclude_2020,True,all8,2,37,threshold,Adm_6_11,-17.5
data_derived,exclude_2020,True,all8,2,37,threshold,Adm_12_17,-14.0
data_derived,exclude_2020,True,all8,2,37,threshold,Adm_18_49,-14.0
data_derived,exclude_2020,True,all8,2,37,threshold,Adm_50_64,0.0
data_derived,exclude_2020,True,all8,2,37,threshold,Adm_65_higher,-3.5
data_derived,exclude_2020,True,all8,2,37,mem,ILI_PMP,-52.5
data_derived,exclude_2020,True,all8,2,37,mem,ILI_AED,-70.0
data_derived,exclude_2020,True,all8,2,37,mem,ILI_CMP,-77.0
data_derived,exclude_2020,True,all8,2,37,mem,ILI_School,-42.0
data_derived,exclude_2020,True,all8,2,37,mem,ILI_NonSchool,-28.0
data_derived,exclude_2020,True,all8,2,37,mem,Fever_RCHE,-42.0
data_derived,exclude_2020,True,all8,2,37,mem,Adm_All,-28.0
data_derived,exclude_2020,True,all8,2,37,mem,Adm_0_5,-42.0
data_derived,exclude_2020,True,all8,2,37,mem,Adm_6_11,-56.0
data_derived,exclude_2020,True,all8,2,37,mem,Adm_12_17,-63.0
data_derived,exclude_2020,True,all8,2,37,mem,Adm_18_49,-35.0
data_derived,exclude_2020,True,all8,2,37,mem,Adm_50_64,-35.0
data_derived,exclude_2020,True,all8,2,37,mem,Adm_65_higher,-31.5
data_derived,exclude_2020,True,all8,2,37,rt,ILI_PMP,7.0
data_derived,exclude_2020,True,all8,2,37,rt,ILI_AED,-10.5
data_derived,exclude_2020,True,all8,2,37,rt,ILI_CMP,-3.5
data_derived,exclude_2020,True,all8,2,37,rt,ILI_School,3.5
data_derived,exclude_2020,True,all8,2,37,rt,ILI_NonSchool,-17.5
data_derived,exclude_2020,True,all8,2,37,rt,Fever_RCHE,-42.0
data_derived,exclude_2020,True,all8,2,37,rt,Adm_All,-7.0
data_derived,exclude_2020,True,all8,2,37,rt,Adm_0_5,-7.0
data_derived,exclude_2020,True,all8,2,37,rt,Adm_6_11,-7.0
data_derived,exclude_2020,True,all8,2,37,rt,Adm_12_17,-7.0
data_derived,exclude_2020,True,all8,2,37,rt,Adm_18_49,-7.0
data_derived,exclude_2020,True,all8,2,37,rt,Adm_50_64,-7.0
data_derived,exclude_2020,True,all8,2,37,rt,Adm_65_higher,-3.5
data_derived,exclude_2020,True,single5,1,38,threshold,ILI_PMP,-38.5
data_derived,exclude_2020,True,single5,1,38,threshold,ILI_AED,-31.5
data_derived,exclude_2020,True,single5,1,38,threshold,ILI_CMP,-28.0
data_derived,exclude_2020,True,single5,1,38,threshold,ILI_School,-35.0
data_derived,exclude_2020,True,single5,1,38,threshold,ILI_NonSchool,-14.0
data_derived,exclude_2020,True,single5,1,38,threshold,Fever_RCHE,
data_derived,exclude_2020,True,single5,1,38,threshold,Adm_All,-14.0
data_derived,exclude_2020,True,single5,1,38,threshold,Adm_0_5,-7.0
data_derived,exclude_2020,True,single5,1,38,threshold,Adm_6_11,-21.0
data_derived,exclude_2020,True,single5,1,38,threshold,Adm_12_17,-35.0
data_derived,exclude_2020,True,single5,1,38,threshold,Adm_18_49,-28.0
data_derived,exclude_2020,True,single5,1,38,threshold,Adm_50_64,-14.0
data_derived,exclude_2020,True,single5,1,38,threshold,Adm_65_higher,-7.0
data_derived,exclude_2020,True,single5,1,38,mem,ILI_PMP,-49.0
data_derived,exclude_2020,True,single5,1,38,mem,ILI_AED,-66.5
data_derived,exclude_2020,True,single5,1,38,mem,ILI_CMP,-49.0
data_derived,exclude_2020,True,single5,1,38,mem,ILI_School,-35.0
data_derived,exclude_2020,True,single5,1,38,mem,ILI_NonSchool,-66.5
data_derived,exclude_2020,True,single5,1,38,mem,Fever_RCHE,-24.5
data_derived,exclude_2020,True,single5,1,38,mem,Adm_All,-42.0
data_derived,exclude_2020,True,single5,1,38,mem,Adm_0_5,-42.0
data_derived,exclude_2020,True,single5,1,38,mem,Adm_6_11,-56.0
data_derived,exclude_2020,True,single5,1,38,mem,Adm_12_17,-66.5
data_derived,exclude_2020,True,single5,1,38,mem,Adm_18_49,-105.0
data_derived,exclude_2020,True,single5,1,38,mem,Adm_50_64,-56.0
data_derived,exclude_2020,True,single5,1,38,mem,Adm_65_higher,-63.0
data_derived,exclude_2020,True,single5,1,38,rt,ILI_PMP,35.0
data_derived,exclude_2020,True,single5,1,38,rt,ILI_AED,35.0
data_derived,exclude_2020,True,single5,1,38,rt,ILI_CMP,14.0
data_derived,exclude_2020,True,single5,1,38,rt,ILI_School,28.0
data_derived,exclude_2020,True,single5,1,38,rt,ILI_NonSchool,-7.0
data_derived,exclude_2020,True,single5,1,38,rt,Fever_RCHE,-91.0
data_derived,exclude_2020,True,single5,1,38,rt,Adm_All,21.0
data_derived,exclude_2020,True,single5,1,38,rt,Adm_0_5,21.0
data_derived,exclude_2020,True,single5,1,38,rt,Adm_6_11,7.0
data_derived,exclude_2020,True,single5,1,38,rt,Adm_12_17,7.0
data_derived,exclude_2020,True,single5,1,38,rt,Adm_18_49,35.0
data_derived,exclude_2020,True,single5,1,38,rt,Adm_50_64,14.0
data_derived,exclude_2020,True,single5,1,38,rt,Adm_65_higher,14.0
data_derived,exclude_2020,True,single5,2,39,threshold,ILI_PMP,-38.5
data_derived,exclude_2020,True,single5,2,39,threshold,ILI_AED,-59.5
data_derived,exclude_2020,True,single5,2,39,threshold,ILI_CMP,-49.0
data_derived,exclude_2020,True,single5,2,39,threshold,ILI_School,-35.0
data_derived,exclude_2020,True,single5,2,39,threshold,ILI_NonSchool,-14.0
data_derived,exclude_2020,True,single5,2,39,threshold,Fever_RCHE,
data_derived,exclude_2020,True,single5,2,39,threshold,Adm_All,-14.0
data_derived,exclude_2020,True,single5,2,39,threshold,Adm_0_5,-7.0
data_derived,exclude_2020,True,single5,2,39,threshold,Adm_6_11,-14.0
data_derived,exclude_2020,True,single5,2,39,threshold,Adm_12_17,-35.0
data_derived,exclude_2020,True,single5,2,39,threshold,Adm_18_49,-21.0
data_derived,exclude_2020,True,single5,2,39,threshold,Adm_50_64,-14.0
data_derived,exclude_2020,True,single5,2,39,threshold,Adm_65_higher,-7.0
data_derived,exclude_2020,True,single5,2,39,mem,ILI_PMP,-49.0
data_derived,exclude_2020,True,single5,2,39,mem,ILI_AED,-35.0
data_derived,exclude_2020,True,single5,2,39,mem,ILI_CMP,-49.0
data_derived,exclude_2020,True,single5,2,39,mem,ILI_School,-35.0
data_derived,exclude_2020,True,single5,2,39,mem,ILI_NonSchool,-24.5
data_derived,exclude_2020,True,single5,2,39,mem,Fever_RCHE,-24.5
data_derived,exclude_2020,True,single5,2,39,mem,Adm_All,-28.0
data_derived,exclude_2020,True,single5,2,39,mem,Adm_0_5,-42.0
data_derived,exclude_2020,True,single5,2,39,mem,Adm_6_11,-56.0
data_derived,exclude_2020,True,single5,2,39,mem,Adm_12_17,-66.5
data_derived,exclude_2020,True,single5,2,39,mem,Adm_18_49,-35.0
data_derived,exclude_2020,True,single5,2,39,mem,Adm_50_64,-35.0
data_derived,exclude_2020,True,single5,2,39,mem,Adm_65_higher,-21.0
data_derived,exclude_2020,True,single5,2,39,rt,ILI_PMP,49.0
data_derived,exclude_2020,True,single5,2,39,rt,ILI_AED,28.0
data_derived,exclude_2020,True,single5,2,39,rt,ILI_CMP,49.0
data_derived,exclude_2020,True,single5,2,39,rt,ILI_School,28.0
data_derived,exclude_2020,True,single5,2,39,rt,ILI_NonSchool,14.0
data_derived,exclude_2020,True,single5,2,39,rt,Fever_RCHE,-14.0
data_derived,exclude_2020,True,single5,2,39,rt,Adm_All,21.0
data_derived,exclude_2020,True,single5,2,39,rt,Adm_0_5,21.0
data_derived,exclude_2020,True,single5,2,39,rt,Adm_6_11,28.0
data_derived,exclude_2020,True,single5,2,39,rt,Adm_12_17,14.0
data_derived,exclude_2020,True,single5,2,39,rt,Adm_18_49,21.0
data_derived,exclude_2020,True,single5,2,39,rt,Adm_50_64,14.0
data_derived,exclude_2020,True,single5,2,39,rt,Adm_65_higher,21.0
data_derived,include_all,False,all8,1,40,threshold,ILI_PMP,-14.0
data_derived,include_all,False,all8,1,40,threshold,ILI_AED,-77.0
data_derived,include_all,False,all8,1,40,threshold,ILI_CMP,-105.0
data_derived,include_all,False,all8,1,40,threshold,ILI_School,-35.0
data_derived,include_all,False,all8,1,40,threshold,ILI_NonSchool,-14.0
data_derived,include_all,False,all8,1,40,threshold,Fever_RCHE,
data_derived,include_all,False,all8,1,40,threshold,Adm_All,0.0
data_derived,include_all,False,all8,1,40,threshold,Adm_0_5,0.0
data_derived,include_all,False,all8,1,40,threshold,Adm_6_11,-7.0
data_derived,include_all,False,all8,1,40,threshold,Adm_12_17,-21.0
data_derived,include_all,False,all8,1,40,threshold,Adm_18_49,0.0
data_derived,include_all,False,all8,1,40,threshold,Adm_50_64,0.0
data_derived,include_all,False,all8,1,40,threshold,Adm_65_higher,0.0
data_derived,include_all,False,all8,1,40,mem,ILI_PMP,-63.0
data_derived,include_all,False,all8,1,40,mem,ILI_AED,-77.0
data_derived,include_all,False,all8,1,40,mem,ILI_CMP,-105.0
data_derived,include_all,False,all8,1,40,mem,ILI_School,-42.0
data_derived,include_all,False,all8,1,40,mem,ILI_NonSchool,-31.5
data_derived,include_all,False,all8,1,40,mem,Fever_RCHE,-38.5
data_derived,include_all,False,all8,1,40,mem,Adm_All,-45.5
data_derived,include_all,False,all8,1,40,mem,Adm_0_5,-42.0
data_derived,include_all,False,all8,1,40,mem,Adm_6_11,-42.0
data_derived,include_all,False,all8,1,40,mem,Adm_12_17,-63.0
data_derived,include_all,False,all8,1,40,mem,Adm_18_49,-77.0
data_derived,include_all,False,all8,1,40,mem,Adm_50_64,-38.5
data_derived,include_all,False,all8,1,40,mem,Adm_65_higher,-42.0
data_derived,include_all,False,all8,1,40,rt,ILI_PMP,-21.0
data_derived,include_all,False,all8,1,40,rt,ILI_AED,-24.5
data_derived,include_all,False,all8,1,40,rt,ILI_CMP,-24.5
data_derived,include_all,False,all8,1,40,rt,ILI_School,-21.0
data_derived,include_all,False,all8,1,40,rt,ILI_NonSchool,-24.5
data_derived,include_all,False,all8,1,40,rt,Fever_RCHE,-31.5
data_derived,include_all,False,all8,1,40,rt,Adm_All,-21.0
data_derived,include_all,False,all8,1,40,rt,Adm_0_5,-21.0
data_derived,include_all,False,all8,1,40,rt,Adm_6_11,-24.5
data_derived,include_all,False,all8,1,40,rt,Adm_12_17,-21.0
data_derived,include_all,False,all8,1,40,rt,Adm_18_49,-21.0
data_derived,include_all,False,all8,1,40,rt,Adm_50_64,-21.0
data_derived,include_all,False,all8,1,40,rt,Adm_65_higher,-21.0
data_derived,include_all,False,all8,2,41,threshold,ILI_PMP,-28.0
data_derived,include_all,False,all8,2,41,threshold,ILI_AED,-70.0
data_derived,include_all,False,all8,2,41,threshold,ILI_CMP,-70.0
data_derived,include_all,False,all8,2,41,threshold,ILI_School,-35.0
data_derived,include_all,False,all8,2,41,threshold,ILI_NonSchool,-14.0
data_derived,include_all,False,all8,2,41,threshold,Fever_RCHE,
data_derived,include_all,False,all8,2,41,threshold,Adm_All,0.0
data_derived,include_all,False,all8,2,41,threshold,Adm_0_5,0.0
data_derived,include_all,False,all8,2,41,threshold,Adm_6_11,0.0
data_derived,include_all,False,all8,2,41,threshold,Adm_12_17,-10.5
data_derived,include_all,False,all8,2,41,threshold,Adm_18_49,0.0
data_derived,include_all,False,all8,2,41,threshold,Adm_50_64,0.0
data_derived,include_all,False,all8,2,41,threshold,Adm_65_higher,0.0
data_derived,include_all,False,all8,2,41,mem,ILI_PMP,-70.0
data_derived,include_all,False,all8,2,41,mem,ILI_AED,-70.0
data_derived,include_all,False,all8,2,41,mem,ILI_CMP,-80.5
data_derived,include_all,False,all8,2,41,mem,ILI_School,-56.0
data_derived,include_all,False,all8,2,41,mem,ILI_NonSchool,-28.0
data_derived,include_all,False,all8,2,41,mem,Fever_RCHE,-49.0
data_derived,include_all,False,all8,2,41,mem,Adm_All,-28.0
data_derived,include_all,False,all8,2,41,mem,Adm_0_5,-38.5
data_derived,include_all,False,all8,2,41,mem,Adm_6_11,-42.0
data_derived,include_all,False,all8,2,41,mem,Adm_12_17,-70.0
data_derived,include_all,False,all8,2,41,mem,Adm_18_49,-52.5
data_derived,include_all,False,all8,2,41,mem,Adm_50_64,-35.0
data_derived,include_all,False,all8,2,41,mem,Adm_65_higher,-35.0
data_derived,include_all,False,all8,2,41,rt,ILI_PMP,7.0
data_derived,include_all,False,all8,2,41,rt,ILI_AED,-7.0
data_derived,include_all,False,all8,2,41,rt,ILI_CMP,-24.5
data_derived,include_all,False,all8,2,41,rt,ILI_School,0.0
data_derived,include_all,False,all8,2,41,rt,ILI_NonSchool,-21.0
data_derived,include_all,False,all8,2,41,rt,Fever_RCHE,-49.0
data_derived,include_all,False,all8,2,41,rt,Adm_All,0.0
data_derived,include_all,False,all8,2,41,rt,Adm_0_5,0.0
data_derived,include_all,False,all8,2,41,rt,Adm_6_11,-14.0
data_derived,include_all,False,all8,2,41,rt,Adm_12_17,-10.5
data_derived,include_all,False,all8,2,41,rt,Adm_18_49,-7.0
data_derived,include_all,False,all8,2,41,rt,Adm_50_64,-7.0
data_derived,include_all,False,all8,2,41,rt,Adm_65_higher,-7.0
data_derived,include_all,False,single5,1,42,threshold,ILI_PMP,-28.0
data_derived,include_all,False,single5,1,42,threshold,ILI_AED,-70.0
data_derived,include_all,False,single5,1,42,threshold,ILI_CMP,-35.0
data_derived,include_all,False,single5,1,42,threshold,ILI_School,-35.0
data_derived,include_all,False,single5,1,42,threshold,ILI_NonSchool,-49.0
data_derived,include_all,False,single5,1,42,threshold,Fever_RCHE,
data_derived,include_all,False,single5,1,42,threshold,Adm_All,-7.0
data_derived,include_all,False,single5,1,42,threshold,Adm_0_5,0.0
data_derived,include_all,False,single5,1,42,threshold,Adm_6_11,-21.0
data_derived,include_all,False,single5,1,42,threshold,Adm_12_17,-35.0
data_derived,include_all,False,single5,1,42,threshold,Adm_18_49,-7.0
data_derived,include_all,False,single5,1,42,threshold,Adm_50_64,0.0
data_derived,include_all,False,single5,1,42,threshold,Adm_65_higher,0.0
data_derived,include_all,False,single5,1,42,mem,ILI_PMP,-84.0
data_derived,include_all,False,single5,1,42,mem,ILI_AED,-70.0
data_derived,include_all,False,single5,1,42,mem,ILI_CMP,-35.0
data_derived,include_all,False,single5,1,42,mem,ILI_School,-42.0
data_derived,include_all,False,single5,1,42,mem,ILI_NonSchool,-63.0
data_derived,include_all,False,single5,1,42,mem,Fever_RCHE,-28.0
data_derived,include_all,False,single5,1,42,mem,Adm_All,-49.0
data_derived,include_all,False,single5,1,42,mem,Adm_0_5,-42.0
data_derived,include_all,False,single5,1,42,mem,Adm_6_11,-42.0
data_derived,include_all,False,single5,1,42,mem,Adm_12_17,-70.0
data_derived,include_all,False,single5,1,42,mem,Adm_18_49,-105.0
data_derived,include_all,False,single5,1,42,mem,Adm_50_64,-42.0
data_derived,include_all,False,single5,1,42,mem,Adm_65_higher,-66.5
data_derived,include_all,False,single5,1,42,rt,ILI_PMP,35.0
data_derived,include_all,False,single5,1,42,rt,ILI_AED,35.0
data_derived,include_all,False,single5,1,42,rt,ILI_CMP,35.0
data_derived,include_all,False,single5,1,42,rt,ILI_School,21.0
data_derived,include_all,False,single5,1,42,rt,ILI_NonSchool,-7.0
data_derived,include_all,False,single5,1,42,rt,Fever_RCHE,-21.0
data_derived,include_all,False,single5,1,42,rt,Adm_All,21.0
data_derived,include_all,False,single5,1,42,rt,Adm_0_5,21.0
data_derived,include_all,False,single5,1,42,rt,Adm_6_11,0.0
data_derived,include_all,False,single5,1,42,rt,Adm_12_17,0.0
data_derived,include_all,False,single5,1,42,rt,Adm_18_49,28.0
data_derived,include_all,False,single5,1,42,rt,Adm_50_64,7.0
data_derived,include_all,False,single5,1,42,rt,Adm_65_higher,7.0
data_derived,include_all,False,single5,2,43,threshold,ILI_PMP,-35.0
data_derived,include_all,False,single5,2,43,threshold,ILI_AED,-42.0
data_derived,include_all,False,single5,2,43,threshold,ILI_CMP,-35.0
data_derived,include_all,False,single5,2,43,threshold,ILI_School,-28.0
data_derived,include_all,False,single5,2,43,threshold,ILI_NonSchool,-14.0
data_derived,include_all,False,single5,2,43,threshold,Fever_RCHE,
data_derived,include_all,False,single5,2,43,threshold,Adm_All,-7.0
data_derived,include_all,False,single5,2,43,threshold,Adm_0_5,0.0
data_derived,include_all,False,single5,2,43,threshold,Adm_6_11,-21.0
data_derived,include_all,False,single5,2,43,threshold,Adm_12_17,-28.0
data_derived,include_all,False,single5,2,43,threshold,Adm_18_49,-21.0
data_derived,include_all,False,single5,2,43,threshold,Adm_50_64,0.0
data_derived,include_all,False,single5,2,43,threshold,Adm_65_higher,0.0
data_derived,include_all,False,single5,2,43,mem,ILI_PMP,-52.5
data_derived,include_all,False,single5,2,43,mem,ILI_AED,-42.0
data_derived,include_all,False,single5,2,43,mem,ILI_CMP,-56.0
data_derived,include_all,False,single5,2,43,mem,ILI_School,-52.5
data_derived,include_all,False,single5,2,43,mem,ILI_NonSchool,-24.5
data_derived,include_all,False,single5,2,43,mem,Fever_RCHE,-38.5
data_derived,include_all,False,single5,2,43,mem,Adm_All,-28.0
data_derived,include_all,False,single5,2,43,mem,Adm_0_5,-38.5
data_derived,include_all,False,single5,2,43,mem,Adm_6_11,-42.0
data_derived,include_all,False,single5,2,43,mem,Adm_12_17,-70.0
data_derived,include_all,False,single5,2,43,mem,Adm_18_49,-63.0
data_derived,include_all,False,single5,2,43,mem,Adm_50_64,-28.0
data_derived,include_all,False,single5,2,43,mem,Adm_65_higher,-24.5
data_derived,include_all,False,single5,2,43,rt,ILI_PMP,49.0
data_derived,include_all,False,single5,2,43,rt,ILI_AED,28.0
data_derived,include_all,False,single5,2,43,rt,ILI_CMP,7.0
data_derived,include_all,False,single5,2,43,rt,ILI_School,21.0
data_derived,include_all,False,single5,2,43,rt,ILI_NonSchool,7.0
data_derived,include_all,False,single5,2,43,rt,Fever_RCHE,-21.0
data_derived,include_all,False,single5,2,43,rt,Adm_All,35.0
data_derived,include_all,False,single5,2,43,rt,Adm_0_5,35.0
data_derived,include_all,False,single5,2,43,rt,Adm_6_11,28.0
data_derived,include_all,False,single5,2,43,rt,Adm_12_17,14.0
data_derived,include_all,False,single5,2,43,rt,Adm_18_49,28.0
data_derived,include_all,False,single5,2,43,rt,Adm_50_64,14.0
data_derived,include_all,False,single5,2,43,rt,Adm_65_higher,21.0
data_derived,include_all,True,all8,1,44,threshold,ILI_PMP,-28.0
data_derived,include_all,True,all8,1,44,threshold,ILI_AED,-73.5
data_derived,include_all,True,all8,1,44,threshold,ILI_CMP,-66.5
data_derived,include_all,True,all8,1,44,threshold,ILI_School,-38.5
data_derived,include_all,True,all8,1,44,threshold,ILI_NonSchool,-7.0
data_derived,include_all,True,all8,1,44,threshold,Fever_RCHE,
data_derived,include_all,True,all8,1,44,threshold,Adm_All,0.0
data_derived,include_all,True,all8,1,44,threshold,Adm_0_5,0.0
data_derived,include_all,True,all8,1,44,threshold,Adm_6_11,-10.5
data_derived,include_all,True,all8,1,44,threshold,Adm_12_17,-10.5
data_derived,include_all,True,all8,1,44,threshold,Adm_18_49,-3.5
data_derived,include_all,True,all8,1,44,threshold,Adm_50_64,0.0
data_derived,include_all,True,all8,1,44,threshold,Adm_65_higher,0.0
data_derived,include_all,True,all8,1,44,mem,ILI_PMP,-56.0
data_derived,include_all,True,all8,1,44,mem,ILI_AED,-77.0
data_derived,include_all,True,all8,1,44,mem,ILI_CMP,-80.5
data_derived,include_all,True,all8,1,44,mem,ILI_School,-42.0
data_derived,include_all,True,all8,1,44,mem,ILI_NonSchool,-42.0
data_derived,include_all,True,all8,1,44,mem,Fever_RCHE,-28.0
data_derived,include_all,True,all8,1,44,mem,Adm_All,-42.0
data_derived,include_all,True,all8,1,44,mem,Adm_0_5,-49.0
data_derived,include_all,True,all8,1,44,mem,Adm_6_11,-63.0
data_derived,include_all,True,all8,1,44,mem,Adm_12_17,-63.0
data_derived,include_all,True,all8,1,44,mem,Adm_18_49,-77.0
data_derived,include_all,True,all8,1,44,mem,Adm_50_64,-56.0
data_derived,include_all,True,all8,1,44,mem,Adm_65_higher,-42.0
data_derived,include_all,True,all8,1,44,rt,ILI_PMP,-21.0
data_derived,include_all,True,all8,1,44,rt,ILI_AED,-28.0
data_derived,include_all,True,all8,1,44,rt,ILI_CMP,-21.0
data_derived,include_all,True,all8,1,44,rt,ILI_School,-21.0
data_derived,include_all,True,all8,1,44,rt,ILI_NonSchool,-28.0
data_derived,include_all,True,all8,1,44,rt,Fever_RCHE,-70.0
data_derived,include_all,True,all8,1,44,rt,Adm_All,-21.0
data_derived,include_all,True,all8,1,44,rt,Adm_0_5,-21.0
data_derived,include_all,True,all8,1,44,rt,Adm_6_11,-21.0
data_derived,include_all,True,all8,1,44,rt,Adm_12_17,-21.0
data_derived,include_all,True,all8,1,44,rt,Adm_18_49,-21.0
data_derived,include_all,True,all8,1,44,rt,Adm_50_64,-21.0
data_derived,include_all,True,all8,1,44,rt,Adm_65_higher,-21.0
data_derived,include_all,True,all8,2,45,threshold,ILI_PMP,-28.0
data_derived,include_all,True,all8,2,45,threshold,ILI_AED,-73.5
data_derived,include_all,True,all8,2,45,threshold,ILI_CMP,-77.0
data_derived,include_all,True,all8,2,45,threshold,ILI_School,-38.5
data_derived,include_all,True,all8,2,45,threshold,ILI_NonSchool,-21.0
data_derived,include_all,True,all8,2,45,threshold,Fever_RCHE,
data_derived,include_all,True,all8,2,45,threshold,Adm_All,0.0
data_derived,include_all,True,all8,2,45,threshold,Adm_0_5,0.0
data_derived,include_all,True,all8,2,45,threshold,Adm_6_11,-10.5
data_derived,include_all,True,all8,2,45,threshold,Adm_12_17,-17.5
data_derived,include_all,True,all8,2,45,threshold,Adm_18_49,-3.5
data_derived,include_all,True,all8,2,45,threshold,Adm_50_64,0.0
data_derived,include_all,True,all8,2,45,threshold,Adm_65_higher,0.0
data_derived,include_all,True,all8,2,45,mem,ILI_PMP,-56.0
data_derived,include_all,True,all8,2,45,mem,ILI_AED,-70.0
data_derived,include_all,True,all8,2,45,mem,ILI_CMP,-80.5
data_derived,include_all,True,all8,2,45,mem,ILI_School,-42.0
data_derived,include_all,True,all8,2,45,mem,ILI_NonSchool,-42.0
data_derived,include_all,True,all8,2,45,mem,Fever_RCHE,-42.0
data_derived,include_all,True,all8,2,45,mem,Adm_All,-42.0
data_derived,include_all,True,all8,2,45,mem,Adm_0_5,-49.0
data_derived,include_all,True,all8,2,45,mem,Adm_6_11,-63.0
data_derived,include_all,True,all8,2,45,mem,Adm_12_17,-63.0
data_derived,include_all,True,all8,2,45,mem,Adm_18_49,-77.0
data_derived,include_all,True,all8,2,45,mem,Adm_50_64,-49.0
data_derived,include_all,True,all8,2,45,mem,Adm_65_higher,-42.0
data_derived,include_all,True,all8,2,45,rt,ILI_PMP,-21.0
data_derived,include_all,True,all8,2,45,rt,ILI_AED,-35.0
data_derived,include_all,True,all8,2,45,rt,ILI_CMP,-21.0
data_derived,include_all,True,all8,2,45,rt,ILI_School,-21.0
data_derived,include_all,True,all8,2,45,rt,ILI_NonSchool,-28.0
data_derived,include_all,True,all8,2,45,rt,Fever_RCHE,-42.0
data_derived,include_all,True,all8,2,45,rt,Adm_All,-21.0
data_derived,include_all,True,all8,2,45,rt,Adm_0_5,-21.0
data_derived,include_all,True,all8,2,45,rt,Adm_6_11,-21.0
data_derived,include_all,True,all8,2,45,rt,Adm_12_17,-24.5
data_derived,include_all,True,all8,2,45,rt,Adm_18_49,-21.0
data_derived,include_all,True,all8,2,45,rt,Adm_50_64,-21.0
data_derived,include_all,True,all8,2,45,rt,Adm_65_higher,-21.0
data_derived,include_all,True,single5,1,46,threshold,ILI_PMP,-35.0
data_derived,include_all,True,single5,1,46,threshold,ILI_AED,-70.0
data_derived,include_all,True,single5,1,46,threshold,ILI_CMP,-35.0
data_derived,include_all,True,single5,1,46,threshold,ILI_School,-42.0
data_derived,include_all,True,single5,1,46,threshold,ILI_NonSchool,-14.0
data_derived,include_all,True,single5,1,46,threshold,Fever_RCHE,
data_derived,include_all,True,single5,1,46,threshold,Adm_All,-7.0
data_derived,include_all,True,single5,1,46,threshold,Adm_0_5,-7.0
data_derived,include_all,True,single5,1,46,threshold,Adm_6_11,-21.0
data_derived,include_all,True,single5,1,46,threshold,Adm_12_17,-21.0
data_derived,include_all,True,single5,1,46,threshold,Adm_18_49,-14.0
data_derived,include_all,True,single5,1,46,threshold,Adm_50_64,-7.0
data_derived,include_all,True,single5,1,46,threshold,Adm_65_higher,-14.0
data_derived,include_all,True,single5,1,46,mem,ILI_PMP,-56.0
data_derived,include_all,True,single5,1,46,mem,ILI_AED,-70.0
data_derived,include_all,True,single5,1,46,mem,ILI_CMP,-56.0
data_derived,include_all,True,single5,1,46,mem,ILI_School,-38.5
data_derived,include_all,True,single5,1,46,mem,ILI_NonSchool,-70.0
data_derived,include_all,True,single5,1,46,mem,Fever_RCHE,-28.0
data_derived,include_all,True,single5,1,46,mem,Adm_All,-49.0
data_derived,include_all,True,single5,1,46,mem,Adm_0_5,-49.0
data_derived,include_all,True,single5,1,46,mem,Adm_6_11,-63.0
data_derived,include_all,True,single5,1,46,mem,Adm_12_17,-70.0
data_derived,include_all,True,single5,1,46,mem,Adm_18_49,-105.0
data_derived,include_all,True,single5,1,46,mem,Adm_50_64,-63.0
data_derived,include_all,True,single5,1,46,mem,Adm_65_higher,-66.5
data_derived,include_all,True,single5,1,46,rt,ILI_PMP,28.0
data_derived,include_all,True,single5,1,46,rt,ILI_AED,28.0
data_derived,include_all,True,single5,1,46,rt,ILI_CMP,7.0
data_derived,include_all,True,single5,1,46,rt,ILI_School,21.0
data_derived,include_all,True,single5,1,46,rt,ILI_NonSchool,-14.0
data_derived,include_all,True,single5,1,46,rt,Fever_RCHE,-98.0
data_derived,include_all,True,single5,1,46,rt,Adm_All,21.0
data_derived,include_all,True,single5,1,46,rt,Adm_0_5,21.0
data_derived,include_all,True,single5,1,46,rt,Adm_6_11,7.0
data_derived,include_all,True,single5,1,46,rt,Adm_12_17,7.0
data_derived,include_all,True,single5,1,46,rt,Adm_18_49,28.0
data_derived,include_all,True,single5,1,46,rt,Adm_50_64,14.0
data_derived,include_all,True,single5,1,46,rt,Adm_65_higher,7.0
data_derived,include_all,True,single5,2,47,threshold,ILI_PMP,-35.0
data_derived,include_all,True,single5,2,47,threshold,ILI_AED,-70.0
data_derived,include_all,True,single5,2,47,threshold,ILI_CMP,-56.0
data_derived,include_all,True,single5,2,47,threshold,ILI_School,-42.0
data_derived,include_all,True,single5,2,47,threshold,ILI_NonSchool,-49.0
data_derived,include_all,True,single5,2,47,threshold,Fever_RCHE,
data_derived,include_all,True,single5,2,47,threshold,Adm_All,-7.0
data_derived,include_all,True,single5,2,47,threshold,Adm_0_5,-7.0
data_derived,include_all,True,single5,2,47,threshold,Adm_6_11,-21.0
data_derived,include_all,True,single5,2,47,threshold,Adm_12_17,-35.0
data_derived,include_all,True,single5,2,47,threshold,Adm_18_49,-14.0
data_derived,include_all,True,single5,2,47,threshold,Adm_50_64,-7.0
data_derived,include_all,True,single5,2,47,threshold,Adm_65_higher,-14.0
data_derived,include_all,True,single5,2,47,mem,ILI_PMP,-56.0
data_derived,include_all,True,single5,2,47,mem,ILI_AED,-42.0
data_derived,include_all,True,single5,2,47,mem,ILI_CMP,-56.0
data_derived,include_all,True,single5,2,47,mem,ILI_School,-38.5
data_derived,include_all,True,single5,2,47,mem,ILI_NonSchool,-70.0
data_derived,include_all,True,single5,2,47,mem,Fever_RCHE,-28.0
data_derived,include_all,True,single5,2,47,mem,Adm_All,-49.0
data_derived,include_all,True,single5,2,47,mem,Adm_0_5,-49.0
data_derived,include_all,True,single5,2,47,mem,Adm_6_11,-63.0
data_derived,include_all,True,single5,2,47,mem,Adm_12_17,-70.0
data_derived,include_all,True,single5,2,47,mem,Adm_18_49,-105.0
data_derived,include_all,True,single5,2,47,mem,Adm_50_64,-77.0
data_derived,include_all,True,single5,2,47,mem,Adm_65_higher,-66.5
data_derived,include_all,True,single5,2,47,rt,ILI_PMP,28.0
data_derived,include_all,True,single5,2,47,rt,ILI_AED,7.0
data_derived,include_all,True,single5,2,47,rt,ILI_CMP,7.0
data_derived,include_all,True,single5,2,47,rt,ILI_School,21.0
data_derived,include_all,True,single5,2,47,rt,ILI_NonSchool,-14.0
data_derived,include_all,True,single5,2,47,rt,Fever_RCHE,-59.5
data_derived,include_all,True,single5,2,47,rt,Adm_All,0.0
data_derived,include_all,True,single5,2,47,rt,Adm_0_5,0.0
data_derived,include_all,True,single5,2,47,rt,Adm_6_11,7.0
data_derived,include_all,True,single5,2,47,rt,Adm_12_17,7.0
data_derived,include_all,True,single5,2,47,rt,Adm_18_49,0.0
data_derived,include_all,True,single5,2,47,rt,Adm_50_64,0.0
data_derived,include_all,True,single5,2,47,rt,Adm_65_higher,7.0
