si_mean,si_sd,window,prior,scaling,onset_rule,comparator,spec_id,channel,n_detected,median_lead
2.0,1.0,2,v7,1000.0,posterior_mean,chp_operational,0,ILI_PMP,8,56.0
2.0,1.0,2,v7,1000.0,posterior_mean,chp_operational,0,ILI_AED,8,45.5
2.0,1.0,2,v7,1000.0,posterior_mean,chp_operational,0,ILI_CMP,8,52.5
2.0,1.0,2,v7,1000.0,posterior_mean,chp_operational,0,ILI_School,8,31.5
2.0,1.0,2,v7,1000.0,posterior_mean,chp_operational,0,ILI_NonSchool,8,10.5
2.0,1.0,2,v7,1000.0,posterior_mean,chp_operational,0,Fever_RCHE,0,
2.0,1.0,2,v7,1000.0,posterior_mean,chp_operational,0,Adm_All,8,42.0
2.0,1.0,2,v7,1000.0,posterior_mean,chp_operational,0,Adm_0_5,8,42.0
2.0,1.0,2,v7,1000.0,posterior_mean,chp_operational,0,Adm_6_11,8,28.0
2.0,1.0,2,v7,1000.0,posterior_mean,chp_operational,0,Adm_12_17,8,24.5
2.0,1.0,2,v7,1000.0,posterior_mean,chp_operational,0,Adm_18_49,8,45.5
2.0,1.0,2,v7,1000.0,posterior_mean,chp_operational,0,Adm_50_64,8,28.0
2.0,1.0,2,v7,1000.0,posterior_mean,chp_operational,0,Adm_65_higher,8,31.5
2.0,1.0,2,v7,1000.0,posterior_mean,data_derived,1,ILI_PMP,8,56.0
2.0,1.0,2,v7,1000.0,posterior_mean,data_derived,1,ILI_AED,8,45.5
2.0,1.0,2,v7,1000.0,posterior_mean,data_derived,1,ILI_CMP,8,52.5
2.0,1.0,2,v7,1000.0,posterior_mean,data_derived,1,ILI_School,8,31.5
2.0,1.0,2,v7,1000.0,posterior_mean,data_derived,1,ILI_NonSchool,8,10.5
2.0,1.0,2,v7,1000.0,posterior_mean,data_derived,1,Fever_RCHE,0,
2.0,1.0,2,v7,1000.0,posterior_mean,data_derived,1,Adm_All,8,42.0
2.0,1.0,2,v7,1000.0,posterior_mean,data_derived,1,Adm_0_5,8,42.0
2.0,1.0,2,v7,1000.0,posterior_mean,data_derived,1,Adm_6_11,8,31.5
2.0,1.0,2,v7,1000.0,posterior_mean,data_derived,1,Adm_12_17,8,28.0
2.0,1.0,2,v7,1000.0,posterior_mean,data_derived,1,Adm_18_49,8,45.5
2.0,1.0,2,v7,1000.0,posterior_mean,data_derived,1,Adm_50_64,8,28.0
2.0,1.0,2,v7,1000.0,posterior_mean,data_derived,1,Adm_65_higher,8,31.5
2.0,1.0,2,v7,1000.0,ci_lower,chp_operational,2,ILI_PMP,8,56.0
2.0,1.0,2,v7,1000.0,ci_lower,chp_operational,2,ILI_AED,8,45.5
2.0,1.0,2,v7,1000.0,ci_lower,chp_operational,2,ILI_CMP,8,52.5
2.0,1.0,2,v7,1000.0,ci_lower,chp_operational,2,ILI_School,8,31.5
2.0,1.0,2,v7,1000.0,ci_lower,chp_operational,2,ILI_NonSchool,8,10.5
2.0,1.0,2,v7,1000.0,ci_lower,chp_operational,2,Fever_RCHE,0,
2.0,1.0,2,v7,1000.0,ci_lower,chp_operational,2,Adm_All,8,24.5
2.0,1.0,2,v7,1000.0,ci_lower,chp_operational,2,Adm_0_5,8,42.0
2.0,1.0,2,v7,1000.0,ci_lower,chp_operational,2,Adm_6_11,8,28.0
2.0,1.0,2,v7,1000.0,ci_lower,chp_operational,2,Adm_12_17,8,24.5
2.0,1.0,2,v7,1000.0,ci_lower,chp_operational,2,Adm_18_49,8,3.5
2.0,1.0,2,v7,1000.0,ci_lower,chp_operational,2,Adm_50_64,8,21.0
2.0,1.0,2,v7,1000.0,ci_lower,chp_operational,2,Adm_65_higher,8,24.5
2.0,1.0,2,v7,1000.0,ci_lower,data_derived,3,ILI_PMP,8,56.0
2.0,1.0,2,v7,1000.0,ci_lower,data_derived,3,ILI_AED,8,45.5
2.0,1.0,2,v7,1000.0,ci_lower,data_derived,3,ILI_CMP,8,52.5
2.0,1.0,2,v7,1000.0,ci_lower,data_derived,3,ILI_School,8,31.5
2.0,1.0,2,v7,1000.0,ci_lower,data_derived,3,ILI_NonSchool,8,10.5
2.0,1.0,2,v7,1000.0,ci_lower,data_derived,3,Fever_RCHE,0,
2.0,1.0,2,v7,1000.0,ci_lower,data_derived,3,Adm_All,8,28.0
2.0,1.0,2,v7,1000.0,ci_lower,data_derived,3,Adm_0_5,8,42.0
2.0,1.0,2,v7,1000.0,ci_lower,data_derived,3,Adm_6_11,8,31.5
2.0,1.0,2,v7,1000.0,ci_lower,data_derived,3,Adm_12_17,8,28.0
2.0,1.0,2,v7,1000.0,ci_lower,data_derived,3,Adm_18_49,8,3.5
2.0,1.0,2,v7,1000.0,ci_lower,data_derived,3,Adm_50_64,8,24.5
2.0,1.0,2,v7,1000.0,ci_lower,data_derived,3,Adm_65_higher,8,24.5
2.0,1.0,2,v7,10000.0,posterior_mean,chp_operational,4,ILI_PMP,8,56.0
2.0,1.0,2,v7,10000.0,posterior_mean,chp_operational,4,ILI_AED,8,45.5
2.0,1.0,2,v7,10000.0,posterior_mean,chp_operational,4,ILI_CMP,8,52.5
2.0,1.0,2,v7,10000.0,posterior_mean,chp_operational,4,ILI_School,8,35.0
2.0,1.0,2,v7,10000.0,posterior_mean,chp_operational,4,ILI_NonSchool,8,10.5
2.0,1.0,2,v7,10000.0,posterior_mean,chp_operational,4,Fever_RCHE,8,7.0
2.0,1.0,2,v7,10000.0,posterior_mean,chp_operational,4,Adm_All,8,45.5
2.0,1.0,2,v7,10000.0,posterior_mean,chp_operational,4,Adm_0_5,8,42.0
2.0,1.0,2,v7,10000.0,posterior_mean,chp_operational,4,Adm_6_11,8,28.0
2.0,1.0,2,v7,10000.0,posterior_mean,chp_operational,4,Adm_12_17,8,24.5
2.0,1.0,2,v7,10000.0,posterior_mean,chp_operational,4,Adm_18_49,8,45.5
2.0,1.0,2,v7,10000.0,posterior_mean,chp_operational,4,Adm_50_64,8,28.0
2.0,1.0,2,v7,10000.0,posterior_mean,chp_operational,4,Adm_65_higher,8,31.5
2.0,1.0,2,v7,10000.0,posterior_mean,data_derived,5,ILI_PMP,8,56.0
2.0,1.0,2,v7,10000.0,posterior_mean,data_derived,5,ILI_AED,8,45.5
2.0,1.0,2,v7,10000.0,posterior_mean,data_derived,5,ILI_CMP,8,52.5
2.0,1.0,2,v7,10000.0,posterior_mean,data_derived,5,ILI_School,8,35.0
2.0,1.0,2,v7,10000.0,posterior_mean,data_derived,5,ILI_NonSchool,8,10.5
2.0,1.0,2,v7,10000.0,posterior_mean,data_derived,5,Fever_RCHE,8,10.5
2.0,1.0,2,v7,10000.0,posterior_mean,data_derived,5,Adm_All,8,45.5
2.0,1.0,2,v7,10000.0,posterior_mean,data_derived,5,Adm_0_5,8,42.0
2.0,1.0,2,v7,10000.0,posterior_mean,data_derived,5,Adm_6_11,8,31.5
2.0,1.0,2,v7,10000.0,posterior_mean,data_derived,5,Adm_12_17,8,28.0
2.0,1.0,2,v7,10000.0,posterior_mean,data_derived,5,Adm_18_49,8,45.5
2.0,1.0,2,v7,10000.0,posterior_mean,data_derived,5,Adm_50_64,8,28.0
2.0,1.0,2,v7,10000.0,posterior_mean,data_derived,5,Adm_65_higher,8,31.5
2.0,1.0,2,v7,10000.0,ci_lower,chp_operational,6,ILI_PMP,8,56.0
2.0,1.0,2,v7,10000.0,ci_lower,chp_operational,6,ILI_AED,8,45.5
2.0,1.0,2,v7,10000.0,ci_lower,chp_operational,6,ILI_CMP,8,52.5
2.0,1.0,2,v7,10000.0,ci_lower,chp_operational,6,ILI_School,8,31.5
2.0,1.0,2,v7,10000.0,ci_lower,chp_operational,6,ILI_NonSchool,8,10.5
2.0,1.0,2,v7,10000.0,ci_lower,chp_operational,6,Fever_RCHE,0,
2.0,1.0,2,v7,10000.0,ci_lower,chp_operational,6,Adm_All,8,45.5
2.0,1.0,2,v7,10000.0,ci_lower,chp_operational,6,Adm_0_5,8,42.0
2.0,1.0,2,v7,10000.0,ci_lower,chp_operational,6,Adm_6_11,8,28.0
2.0,1.0,2,v7,10000.0,ci_lower,chp_operational,6,Adm_12_17,8,24.5
2.0,1.0,2,v7,10000.0,ci_lower,chp_operational,6,Adm_18_49,8,45.5
2.0,1.0,2,v7,10000.0,ci_lower,chp_operational,6,Adm_50_64,8,28.0
2.0,1.0,2,v7,10000.0,ci_lower,chp_operational,6,Adm_65_higher,8,31.5
2.0,1.0,2,v7,10000.0,ci_lower,data_derived,7,ILI_PMP,8,56.0
2.0,1.0,2,v7,10000.0,ci_lower,data_derived,7,ILI_AED,8,45.5
2.0,1.0,2,v7,10000.0,ci_lower,data_derived,7,ILI_CMP,8,52.5
2.0,1.0,2,v7,10000.0,ci_lower,data_derived,7,ILI_School,8,31.5
2.0,1.0,2,v7,10000.0,ci_lower,data_derived,7,ILI_NonSchool,8,10.5
2.0,1.0,2,v7,10000.0,ci_lower,data_derived,7,Fever_RCHE,0,
2.0,1.0,2,v7,10000.0,ci_lower,data_derived,7,Adm_All,8,45.5
2.0,1.0,2,v7,10000.0,ci_lower,data_derived,7,Adm_0_5,8,42.0
2.0,1.0,2,v7,10000.0,ci_lower,data_derived,7,Adm_6_11,8,31.5
2.0,1.0,2,v7,10000.0,ci_lower,data_derived,7,Adm_12_17,8,28.0
2.0,1.0,2,v7,10000.0,ci_lower,data_derived,7,Adm_18_49,8,45.5
2.0,1.0,2,v7,10000.0,ci_lower,data_derived,7,Adm_50_64,8,28.0
2.0,1.0,2,v7,10000.0,ci_lower,data_derived,7,Adm_65_higher,8,31.5
2.0,1.0,2,v7,100000.0,posterior_mean,chp_operational,8,ILI_PMP,8,56.0
2.0,1.0,2,v7,100000.0,posterior_mean,chp_operational,8,ILI_AED,8,45.5
2.0,1.0,2,v7,100000.0,posterior_mean,chp_operational,8,ILI_CMP,8,52.5
2.0,1.0,2,v7,100000.0,posterior_mean,chp_operational,8,ILI_School,8,35.0
2.0,1.0,2,v7,100000.0,posterior_mean,chp_operational,8,ILI_NonSchool,8,10.5
2.0,1.0,2,v7,100000.0,posterior_mean,chp_operational,8,Fever_RCHE,8,52.5
2.0,1.0,2,v7,100000.0,posterior_mean,chp_operational,8,Adm_All,8,45.5
2.0,1.0,2,v7,100000.0,posterior_mean,chp_operational,8,Adm_0_5,8,42.0
2.0,1.0,2,v7,100000.0,posterior_mean,chp_operational,8,Adm_6_11,8,28.0
2.0,1.0,2,v7,100000.0,posterior_mean,chp_operational,8,Adm_12_17,8,24.5
2.0,1.0,2,v7,100000.0,posterior_mean,chp_operational,8,Adm_18_49,8,45.5
2.0,1.0,2,v7,100000.0,posterior_mean,chp_operational,8,Adm_50_64,8,28.0
2.0,1.0,2,v7,100000.0,posterior_mean,chp_operational,8,Adm_65_higher,8,31.5
2.0,1.0,2,v7,100000.0,posterior_mean,data_derived,9,ILI_PMP,8,56.0
2.0,1.0,2,v7,100000.0,posterior_mean,data_derived,9,ILI_AED,8,45.5
2.0,1.0,2,v7,100000.0,posterior_mean,data_derived,9,ILI_CMP,8,52.5
2.0,1.0,2,v7,100000.0,posterior_mean,data_derived,9,ILI_School,8,35.0
2.0,1.0,2,v7,100000.0,posterior_mean,data_derived,9,ILI_NonSchool,8,10.5
2.0,1.0,2,v7,100000.0,posterior_mean,data_derived,9,Fever_RCHE,8,52.5
2.0,1.0,2,v7,100000.0,posterior_mean,data_derived,9,Adm_All,8,45.5
2.0,1.0,2,v7,100000.0,posterior_mean,data_derived,9,Adm_0_5,8,42.0
2.0,1.0,2,v7,100000.0,posterior_mean,data_derived,9,Adm_6_11,8,31.5
2.0,1.0,2,v7,100000.0,posterior_mean,data_derived,9,Adm_12_17,8,28.0
2.0,1.0,2,v7,100000.0,posterior_mean,data_derived,9,Adm_18_49,8,45.5
2.0,1.0,2,v7,100000.0,posterior_mean,data_derived,9,Adm_50_64,8,28.0
2.0,1.0,2,v7,100000.0,posterior_mean,data_derived,9,Adm_65_higher,8,31.5
2.0,1.0,2,v7,100000.0,ci_lower,chp_operational,10,ILI_PMP,8,56.0
2.0,1.0,2,v7,100000.0,ci_lower,chp_operational,10,ILI_AED,8,45.5
2.0,1.0,2,v7,100000.0,ci_lower,chp_operational,10,ILI_CMP,8,52.5
2.0,1.0,2,v7,100000.0,ci_lower,chp_operational,10,ILI_School,8,31.5
2.0,1.0,2,v7,100000.0,ci_lower,chp_operational,10,ILI_NonSchool,8,10.5
2.0,1.0,2,v7,100000.0,ci_lower,chp_operational,10,Fever_RCHE,8,7.0
2.0,1.0,2,v7,100000.0,ci_lower,chp_operational,10,Adm_All,8,45.5
2.0,1.0,2,v7,100000.0,ci_lower,chp_operational,10,Adm_0_5,8,42.0
2.0,1.0,2,v7,100000.0,ci_lower,chp_operational,10,Adm_6_11,8,28.0
2.0,1.0,2,v7,100000.0,ci_lower,chp_operational,10,Adm_12_17,8,24.5
2.0,1.0,2,v7,100000.0,ci_lower,chp_operational,10,Adm_18_49,8,45.5
2.0,1.0,2,v7,100000.0,ci_lower,chp_operational,10,Adm_50_64,8,28.0
2.0,1.0,2,v7,100000.0,ci_lower,chp_operational,10,Adm_65_higher,8,31.5
2.0,1.0,2,v7,100000.0,ci_lower,data_derived,11,ILI_PMP,8,56.0
2.0,1.0,2,v7,100000.0,ci_lower,data_derived,11,ILI_AED,8,45.5
2.0,1.0,2,v7,100000.0,ci_lower,data_derived,11,ILI_CMP,8,52.5
2.0,1.0,2,v7,100000.0,ci_lower,data_derived,11,ILI_School,8,31.5
2.0,1.0,2,v7,100000.0,ci_lower,data_derived,11,ILI_NonSchool,8,10.5
2.0,1.0,2,v7,100000.0,ci_lower,data_derived,11,Fever_RCHE,8,10.5
2.0,1.0,2,v7,100000.0,ci_lower,data_derived,11,Adm_All,8,45.5
2.0,1.0,2,v7,100000.0,ci_lower,data_derived,11,Adm_0_5,8,42.0
2.0,1.0,2,v7,100000.0,ci_lower,data_derived,11,Adm_6_11,8,31.5
2.0,1.0,2,v7,100000.0,ci_lower,data_derived,11,Adm_12_17,8,28.0
2.0,1.0,2,v7,100000.0,ci_lower,data_derived,11,Adm_18_49,8,45.5
2.0,1.0,2,v7,100000.0,ci_lower,data_derived,11,Adm_50_64,8,28.0
2.0,1.0,2,v7,100000.0,ci_lower,data_derived,11,Adm_65_higher,8,31.5
2.0,1.0,2,vague,1000.0,posterior_mean,chp_operational,12,ILI_PMP,8,56.0
2.0,1.0,2,vague,1000.0,posterior_mean,chp_operational,12,ILI_AED,8,45.5
2.0,1.0,2,vague,1000.0,posterior_mean,chp_operational,12,ILI_CMP,6,-31.5
2.0,1.0,2,vague,1000.0,posterior_mean,chp_operational,12,ILI_School,8,31.5
2.0,1.0,2,vague,1000.0,posterior_mean,chp_operational,12,ILI_NonSchool,8,10.5
2.0,1.0,2,vague,1000.0,posterior_mean,chp_operational,12,Fever_RCHE,0,
2.0,1.0,2,vague,1000.0,posterior_mean,chp_operational,12,Adm_All,0,
2.0,1.0,2,vague,1000.0,posterior_mean,chp_operational,12,Adm_0_5,7,-14.0
2.0,1.0,2,vague,1000.0,posterior_mean,chp_operational,12,Adm_6_11,4,-59.5
2.0,1.0,2,vague,1000.0,posterior_mean,chp_operational,12,Adm_12_17,0,
2.0,1.0,2,vague,1000.0,posterior_mean,chp_operational,12,Adm_18_49,0,
2.0,1.0,2,vague,1000.0,posterior_mean,chp_operational,12,Adm_50_64,0,
2.0,1.0,2,vague,1000.0,posterior_mean,chp_operational,12,Adm_65_higher,5,-35.0
2.0,1.0,2,vague,1000.0,posterior_mean,data_derived,13,ILI_PMP,8,56.0
2.0,1.0,2,vague,1000.0,posterior_mean,data_derived,13,ILI_AED,8,45.5
2.0,1.0,2,vague,1000.0,posterior_mean,data_derived,13,ILI_CMP,6,-28.0
2.0,1.0,2,vague,1000.0,posterior_mean,data_derived,13,ILI_School,8,31.5
2.0,1.0,2,vague,1000.0,posterior_mean,data_derived,13,ILI_NonSchool,8,10.5
2.0,1.0,2,vague,1000.0,posterior_mean,data_derived,13,Fever_RCHE,0,
2.0,1.0,2,vague,1000.0,posterior_mean,data_derived,13,Adm_All,0,
2.0,1.0,2,vague,1000.0,posterior_mean,data_derived,13,Adm_0_5,7,-14.0
2.0,1.0,2,vague,1000.0,posterior_mean,data_derived,13,Adm_6_11,4,-56.0
2.0,1.0,2,vague,1000.0,posterior_mean,data_derived,13,Adm_12_17,0,
2.0,1.0,2,vague,1000.0,posterior_mean,data_derived,13,Adm_18_49,0,
2.0,1.0,2,vague,1000.0,posterior_mean,data_derived,13,Adm_50_64,0,
2.0,1.0,2,vague,1000.0,posterior_mean,data_derived,13,Adm_65_higher,5,-35.0
2.0,1.0,2,vague,1000.0,ci_lower,chp_operational,14,ILI_PMP,8,56.0
2.0,1.0,2,vague,1000.0,ci_lower,chp_operational,14,ILI_AED,8,42.0
2.0,1.0,2,vague,1000.0,ci_lower,chp_operational,14,ILI_CMP,6,-35.0
2.0,1.0,2,vague,1000.0,ci_lower,chp_operational,14,ILI_School,8,14.0
2.0,1.0,2,vague,1000.0,ci_lower,chp_operational,14,ILI_NonSchool,8,-10.5
2.0,1.0,2,vague,1000.0,ci_lower,chp_operational,14,Fever_RCHE,0,
2.0,1.0,2,vague,1000.0,ci_lower,chp_operational,14,Adm_All,0,
2.0,1.0,2,vague,1000.0,ci_lower,chp_operational,14,Adm_0_5,7,-21.0
2.0,1.0,2,vague,1000.0,ci_lower,chp_operational,14,Adm_6_11,3,-84.0
2.0,1.0,2,vague,1000.0,ci_lower,chp_operational,14,Adm_12_17,0,
2.0,1.0,2,vague,1000.0,ci_lower,chp_operational,14,Adm_18_49,0,
2.0,1.0,2,vague,1000.0,ci_lower,chp_operational,14,Adm_50_64,0,
2.0,1.0,2,vague,1000.0,ci_lower,chp_operational,14,Adm_65_higher,5,-35.0
2.0,1.0,2,vague,1000.0,ci_lower,data_derived,15,ILI_PMP,8,56.0
2.0,1.0,2,vague,1000.0,ci_lower,data_derived,15,ILI_AED,8,42.0
2.0,1.0,2,vague,1000.0,ci_lower,data_derived,15,ILI_CMP,6,-31.5
2.0,1.0,2,vague,1000.0,ci_lower,data_derived,15,ILI_School,8,14.0
2.0,1.0,2,vague,1000.0,ci_lower,data_derived,15,ILI_NonSchool,8,-10.5
2.0,1.0,2,vague,1000.0,ci_lower,data_derived,15,Fever_RCHE,0,
2.0,1.0,2,vague,1000.0,ci_lower,data_derived,15,Adm_All,0,
2.0,1.0,2,vague,1000.0,ci_lower,data_derived,15,Adm_0_5,7,-14.0
2.0,1.0,2,vague,1000.0,ci_lower,data_derived,15,Adm_6_11,3,-77.0
2.0,1.0,2,vague,1000.0,ci_lower,data_derived,15,Adm_12_17,0,
2.0,1.0,2,vague,1000.0,ci_lower,data_derived,15,Adm_18_49,0,
2.0,1.0,2,vague,1000.0,ci_lower,data_derived,15,Adm_50_64,0,
2.0,1.0,2,vague,1000.0,ci_lower,data_derived,15,Adm_65_higher,5,-35.0
2.0,1.0,2,vague,10000.0,posterior_mean,chp_operational,16,ILI_PMP,8,56.0
2.0,1.0,2,vague,10000.0,posterior_mean,chp_operational,16,ILI_AED,8,45.5
2.0,1.0,2,vague,10000.0,posterior_mean,chp_operational,16,ILI_CMP,8,52.5
2.0,1.0,2,vague,10000.0,posterior_mean,chp_operational,16,ILI_School,8,31.5
2.0,1.0,2,vague,10000.0,posterior_mean,chp_operational,16,ILI_NonSchool,8,10.5
2.0,1.0,2,vague,10000.0,posterior_mean,chp_operational,16,Fever_RCHE,0,
2.0,1.0,2,vague,10000.0,posterior_mean,chp_operational,16,Adm_All,8,-17.5
2.0,1.0,2,vague,10000.0,posterior_mean,chp_operational,16,Adm_0_5,8,24.5
2.0,1.0,2,vague,10000.0,posterior_mean,chp_operational,16,Adm_6_11,8,14.0
2.0,1.0,2,vague,10000.0,posterior_mean,chp_operational,16,Adm_12_17,8,-17.5
2.0,1.0,2,vague,10000.0,posterior_mean,chp_operational,16,Adm_18_49,5,-28.0
2.0,1.0,2,vague,10000.0,posterior_mean,chp_operational,16,Adm_50_64,8,-21.0
2.0,1.0,2,vague,10000.0,posterior_mean,chp_operational,16,Adm_65_higher,8,-3.5
2.0,1.0,2,vague,10000.0,posterior_mean,data_derived,17,ILI_PMP,8,56.0
2.0,1.0,2,vague,10000.0,posterior_mean,data_derived,17,ILI_AED,8,45.5
2.0,1.0,2,vague,10000.0,posterior_mean,data_derived,17,ILI_CMP,8,52.5
2.0,1.0,2,vague,10000.0,posterior_mean,data_derived,17,ILI_School,8,31.5
2.0,1.0,2,vague,10000.0,posterior_mean,data_derived,17,ILI_NonSchool,8,10.5
2.0,1.0,2,vague,10000.0,posterior_mean,data_derived,17,Fever_RCHE,0,
2.0,1.0,2,vague,10000.0,posterior_mean,data_derived,17,Adm_All,8,-14.0
2.0,1.0,2,vague,10000.0,posterior_mean,data_derived,17,Adm_0_5,8,28.0
2.0,1.0,2,vague,10000.0,posterior_mean,data_derived,17,Adm_6_11,8,17.5
2.0,1.0,2,vague,10000.0,posterior_mean,data_derived,17,Adm_12_17,8,-14.0
2.0,1.0,2,vague,10000.0,posterior_mean,data_derived,17,Adm_18_49,5,-28.0
2.0,1.0,2,vague,10000.0,posterior_mean,data_derived,17,Adm_50_64,8,-17.5
2.0,1.0,2,vague,10000.0,posterior_mean,data_derived,17,Adm_65_higher,8,0.0
2.0,1.0,2,vague,10000.0,ci_lower,chp_operational,18,ILI_PMP,8,56.0
2.0,1.0,2,vague,10000.0,ci_lower,chp_operational,18,ILI_AED,8,45.5
2.0,1.0,2,vague,10000.0,ci_lower,chp_operational,18,ILI_CMP,8,52.5
2.0,1.0,2,vague,10000.0,ci_lower,chp_operational,18,ILI_School,8,31.5
2.0,1.0,2,vague,10000.0,ci_lower,chp_operational,18,ILI_NonSchool,8,10.5
2.0,1.0,2,vague,10000.0,ci_lower,chp_operational,18,Fever_RCHE,0,
2.0,1.0,2,vague,10000.0,ci_lower,chp_operational,18,Adm_All,8,-17.5
2.0,1.0,2,vague,10000.0,ci_lower,chp_operational,18,Adm_0_5,8,24.5
2.0,1.0,2,vague,10000.0,ci_lower,chp_operational,18,Adm_6_11,8,14.0
2.0,1.0,2,vague,10000.0,ci_lower,chp_operational,18,Adm_12_17,8,-17.5
2.0,1.0,2,vague,10000.0,ci_lower,chp_operational,18,Adm_18_49,5,-28.0
2.0,1.0,2,vague,10000.0,ci_lower,chp_operational,18,Adm_50_64,8,-21.0
2.0,1.0,2,vague,10000.0,ci_lower,chp_operational,18,Adm_65_higher,8,-3.5
2.0,1.0,2,vague,10000.0,ci_lower,data_derived,19,ILI_PMP,8,56.0
2.0,1.0,2,vague,10000.0,ci_lower,data_derived,19,ILI_AED,8,45.5
2.0,1.0,2,vague,10000.0,ci_lower,data_derived,19,ILI_CMP,8,52.5
2.0,1.0,2,vague,10000.0,ci_lower,data_derived,19,ILI_School,8,31.5
2.0,1.0,2,vague,10000.0,ci_lower,data_derived,19,ILI_NonSchool,8,10.5
2.0,1.0,2,vague,10000.0,ci_lower,data_derived,19,Fever_RCHE,0,
2.0,1.0,2,vague,10000.0,ci_lower,data_derived,19,Adm_All,8,-14.0
2.0,1.0,2,vague,10000.0,ci_lower,data_derived,19,Adm_0_5,8,28.0
2.0,1.0,2,vague,10000.0,ci_lower,data_derived,19,Adm_6_11,8,17.5
2.0,1.0,2,vague,10000.0,ci_lower,data_derived,19,Adm_12_17,8,-14.0
2.0,1.0,2,vague,10000.0,ci_lower,data_derived,19,Adm_18_49,5,-28.0
2.0,1.0,2,vague,10000.0,ci_lower,data_derived,19,Adm_50_64,8,-17.5
2.0,1.0,2,vague,10000.0,ci_lower,data_derived,19,Adm_65_higher,8,-3.5
2.0,1.0,2,vague,100000.0,posterior_mean,chp_operational,20,ILI_PMP,8,56.0
2.0,1.0,2,vague,100000.0,posterior_mean,chp_operational,20,ILI_AED,8,45.5
2.0,1.0,2,vague,100000.0,posterior_mean,chp_operational,20,ILI_CMP,8,52.5
2.0,1.0,2,vague,100000.0,posterior_mean,chp_operational,20,ILI_School,8,31.5
2.0,1.0,2,vague,100000.0,posterior_mean,chp_operational,20,ILI_NonSchool,8,10.5
2.0,1.0,2,vague,100000.0,posterior_mean,chp_operational,20,Fever_RCHE,0,
2.0,1.0,2,vague,100000.0,posterior_mean,chp_operational,20,Adm_All,8,28.0
2.0,1.0,2,vague,100000.0,posterior_mean,chp_operational,20,Adm_0_5,8,42.0
2.0,1.0,2,vague,100000.0,posterior_mean,chp_operational,20,Adm_6_11,8,28.0
2.0,1.0,2,vague,100000.0,posterior_mean,chp_operational,20,Adm_12_17,8,24.5
2.0,1.0,2,vague,100000.0,posterior_mean,chp_operational,20,Adm_18_49,8,10.5
2.0,1.0,2,vague,100000.0,posterior_mean,chp_operational,20,Adm_50_64,8,24.5
2.0,1.0,2,vague,100000.0,posterior_mean,chp_operational,20,Adm_65_higher,8,31.5
2.0,1.0,2,vague,100000.0,posterior_mean,data_derived,21,ILI_PMP,8,56.0
2.0,1.0,2,vague,100000.0,posterior_mean,data_derived,21,ILI_AED,8,45.5
2.0,1.0,2,vague,100000.0,posterior_mean,data_derived,21,ILI_CMP,8,52.5
2.0,1.0,2,vague,100000.0,posterior_mean,data_derived,21,ILI_School,8,31.5
2.0,1.0,2,vague,100000.0,posterior_mean,data_derived,21,ILI_NonSchool,8,10.5
2.0,1.0,2,vague,100000.0,posterior_mean,data_derived,21,Fever_RCHE,0,
2.0,1.0,2,vague,100000.0,posterior_mean,data_derived,21,Adm_All,8,31.5
2.0,1.0,2,vague,100000.0,posterior_mean,data_derived,21,Adm_0_5,8,42.0
2.0,1.0,2,vague,100000.0,posterior_mean,data_derived,21,Adm_6_11,8,31.5
2.0,1.0,2,vague,100000.0,posterior_mean,data_derived,21,Adm_12_17,8,28.0
2.0,1.0,2,vague,100000.0,posterior_mean,data_derived,21,Adm_18_49,8,14.0
2.0,1.0,2,vague,100000.0,posterior_mean,data_derived,21,Adm_50_64,8,24.5
2.0,1.0,2,vague,100000.0,posterior_mean,data_derived,21,Adm_65_higher,8,31.5
2.0,1.0,2,vague,100000.0,ci_lower,chp_operational,22,ILI_PMP,8,56.0
2.0,1.0,2,vague,100000.0,ci_lower,chp_operational,22,ILI_AED,8,45.5
2.0,1.0,2,vague,100000.0,ci_lower,chp_operational,22,ILI_CMP,8,52.5
2.0,1.0,2,vague,100000.0,ci_lower,chp_operational,22,ILI_School,8,31.5
2.0,1.0,2,vague,100000.0,ci_lower,chp_operational,22,ILI_NonSchool,8,10.5
2.0,1.0,2,vague,100000.0,ci_lower,chp_operational,22,Fever_RCHE,0,
2.0,1.0,2,vague,100000.0,ci_lower,chp_operational,22,Adm_All,8,28.0
2.0,1.0,2,vague,100000.0,ci_lower,chp_operational,22,Adm_0_5,8,42.0
2.0,1.0,2,vague,100000.0,ci_lower,chp_operational,22,Adm_6_11,8,28.0
2.0,1.0,2,vague,100000.0,ci_lower,chp_operational,22,Adm_12_17,8,24.5
2.0,1.0,2,vague,100000.0,ci_lower,chp_operational,22,Adm_18_49,8,3.5
2.0,1.0,2,vague,100000.0,ci_lower,chp_operational,22,Adm_50_64,8,24.5
2.0,1.0,2,vague,100000.0,ci_lower,chp_operational,22,Adm_65_higher,8,31.5
2.0,1.0,2,vague,100000.0,ci_lower,data_derived,23,ILI_PMP,8,56.0
2.0,1.0,2,vague,100000.0,ci_lower,data_derived,23,ILI_AED,8,45.5
2.0,1.0,2,vague,100000.0,ci_lower,data_derived,23,ILI_CMP,8,52.5
2.0,1.0,2,vague,100000.0,ci_lower,data_derived,23,ILI_School,8,31.5
2.0,1.0,2,vague,100000.0,ci_lower,data_derived,23,ILI_NonSchool,8,10.5
2.0,1.0,2,vague,100000.0,ci_lower,data_derived,23,Fever_RCHE,0,
2.0,1.0,2,vague,100000.0,ci_lower,data_derived,23,Adm_All,8,31.5
2.0,1.0,2,vague,100000.0,ci_lower,data_derived,23,Adm_0_5,8,42.0
2.0,1.0,2,vague,100000.0,ci_lower,data_derived,23,Adm_6_11,8,31.5
2.0,1.0,2,vague,100000.0,ci_lower,data_derived,23,Adm_12_17,8,28.0
2.0,1.0,2,vague,100000.0,ci_lower,data_derived,23,Adm_18_49,8,3.5
2.0,1.0,2,vague,100000.0,ci_lower,data_derived,23,Adm_50_64,8,24.5
2.0,1.0,2,vague,100000.0,ci_lower,data_derived,23,Adm_65_higher,8,31.5
2.0,1.0,2,weak_wide,1000.0,posterior_mean,chp_operational,24,ILI_PMP,8,56.0
2.0,1.0,2,weak_wide,1000.0,posterior_mean,chp_operational,24,ILI_AED,8,45.5
2.0,1.0,2,weak_wide,1000.0,posterior_mean,chp_operational,24,ILI_CMP,8,52.5
2.0,1.0,2,weak_wide,1000.0,posterior_mean,chp_operational,24,ILI_School,8,42.0
2.0,1.0,2,weak_wide,1000.0,posterior_mean,chp_operational,24,ILI_NonSchool,8,49.0
2.0,1.0,2,weak_wide,1000.0,posterior_mean,chp_operational,24,Fever_RCHE,8,56.0
2.0,1.0,2,weak_wide,1000.0,posterior_mean,chp_operational,24,Adm_All,8,56.0
2.0,1.0,2,weak_wide,1000.0,posterior_mean,chp_operational,24,Adm_0_5,8,56.0
2.0,1.0,2,weak_wide,1000.0,posterior_mean,chp_operational,24,Adm_6_11,8,56.0
2.0,1.0,2,weak_wide,1000.0,posterior_mean,chp_operational,24,Adm_12_17,8,56.0
2.0,1.0,2,weak_wide,1000.0,posterior_mean,chp_operational,24,Adm_18_49,8,45.5
2.0,1.0,2,weak_wide,1000.0,posterior_mean,chp_operational,24,Adm_50_64,8,52.5
2.0,1.0,2,weak_wide,1000.0,posterior_mean,chp_operational,24,Adm_65_higher,8,35.0
2.0,1.0,2,weak_wide,1000.0,posterior_mean,data_derived,25,ILI_PMP,8,56.0
2.0,1.0,2,weak_wide,1000.0,posterior_mean,data_derived,25,ILI_AED,8,45.5
2.0,1.0,2,weak_wide,1000.0,posterior_mean,data_derived,25,ILI_CMP,8,52.5
2.0,1.0,2,weak_wide,1000.0,posterior_mean,data_derived,25,ILI_School,8,42.0
2.0,1.0,2,weak_wide,1000.0,posterior_mean,data_derived,25,ILI_NonSchool,8,49.0
2.0,1.0,2,weak_wide,1000.0,posterior_mean,data_derived,25,Fever_RCHE,8,56.0
2.0,1.0,2,weak_wide,1000.0,posterior_mean,data_derived,25,Adm_All,8,56.0
2.0,1.0,2,weak_wide,1000.0,posterior_mean,data_derived,25,Adm_0_5,8,56.0
2.0,1.0,2,weak_wide,1000.0,posterior_mean,data_derived,25,Adm_6_11,8,56.0
2.0,1.0,2,weak_wide,1000.0,posterior_mean,data_derived,25,Adm_12_17,8,56.0
2.0,1.0,2,weak_wide,1000.0,posterior_mean,data_derived,25,Adm_18_49,8,45.5
2.0,1.0,2,weak_wide,1000.0,posterior_mean,data_derived,25,Adm_50_64,8,52.5
2.0,1.0,2,weak_wide,1000.0,posterior_mean,data_derived,25,Adm_65_higher,8,35.0
2.0,1.0,2,weak_wide,1000.0,ci_lower,chp_operational,26,ILI_PMP,8,56.0
2.0,1.0,2,weak_wide,1000.0,ci_lower,chp_operational,26,ILI_AED,8,45.5
2.0,1.0,2,weak_wide,1000.0,ci_lower,chp_operational,26,ILI_CMP,8,52.5
2.0,1.0,2,weak_wide,1000.0,ci_lower,chp_operational,26,ILI_School,8,31.5
2.0,1.0,2,weak_wide,1000.0,ci_lower,chp_operational,26,ILI_NonSchool,8,10.5
2.0,1.0,2,weak_wide,1000.0,ci_lower,chp_operational,26,Fever_RCHE,0,
2.0,1.0,2,weak_wide,1000.0,ci_lower,chp_operational,26,Adm_All,8,31.5
2.0,1.0,2,weak_wide,1000.0,ci_lower,chp_operational,26,Adm_0_5,8,42.0
2.0,1.0,2,weak_wide,1000.0,ci_lower,chp_operational,26,Adm_6_11,8,28.0
2.0,1.0,2,weak_wide,1000.0,ci_lower,chp_operational,26,Adm_12_17,8,24.5
2.0,1.0,2,weak_wide,1000.0,ci_lower,chp_operational,26,Adm_18_49,8,45.5
2.0,1.0,2,weak_wide,1000.0,ci_lower,chp_operational,26,Adm_50_64,8,28.0
2.0,1.0,2,weak_wide,1000.0,ci_lower,chp_operational,26,Adm_65_higher,8,31.5
2.0,1.0,2,weak_wide,1000.0,ci_lower,data_derived,27,ILI_PMP,8,56.0
2.0,1.0,2,weak_wide,1000.0,ci_lower,data_derived,27,ILI_AED,8,45.5
2.0,1.0,2,weak_wide,1000.0,ci_lower,data_derived,27,ILI_CMP,8,52.5
2.0,1.0,2,weak_wide,1000.0,ci_lower,data_derived,27,ILI_School,8,31.5
2.0,1.0,2,weak_wide,1000.0,ci_lower,data_derived,27,ILI_NonSchool,8,10.5
2.0,1.0,2,weak_wide,1000.0,ci_lower,data_derived,27,Fever_RCHE,0,
2.0,1.0,2,weak_wide,1000.0,ci_lower,data_derived,27,Adm_All,8,38.5
2.0,1.0,2,weak_wide,1000.0,ci_lower,data_derived,27,Adm_0_5,8,42.0
2.0,1.0,2,weak_wide,1000.0,ci_lower,data_derived,27,Adm_6_11,8,31.5
2.0,1.0,2,weak_wide,1000.0,ci_lower,data_derived,27,Adm_12_17,8,28.0
2.0,1.0,2,weak_wide,1000.0,ci_lower,data_derived,27,Adm_18_49,8,45.5
2.0,1.0,2,weak_wide,1000.0,ci_lower,data_derived,27,Adm_50_64,8,28.0
2.0,1.0,2,weak_wide,1000.0,ci_lower,data_derived,27,Adm_65_higher,8,31.5
2.0,1.0,2,weak_wide,10000.0,posterior_mean,chp_operational,28,ILI_PMP,8,56.0
2.0,1.0,2,weak_wide,10000.0,posterior_mean,chp_operational,28,ILI_AED,8,45.5
2.0,1.0,2,weak_wide,10000.0,posterior_mean,chp_operational,28,ILI_CMP,8,52.5
2.0,1.0,2,weak_wide,10000.0,posterior_mean,chp_operational,28,ILI_School,8,38.5
2.0,1.0,2,weak_wide,10000.0,posterior_mean,chp_operational,28,ILI_NonSchool,8,42.0
2.0,1.0,2,weak_wide,10000.0,posterior_mean,chp_operational,28,Fever_RCHE,8,52.5
2.0,1.0,2,weak_wide,10000.0,posterior_mean,chp_operational,28,Adm_All,8,56.0
2.0,1.0,2,weak_wide,10000.0,posterior_mean,chp_operational,28,Adm_0_5,8,56.0
2.0,1.0,2,weak_wide,10000.0,posterior_mean,chp_operational,28,Adm_6_11,8,56.0
2.0,1.0,2,weak_wide,10000.0,posterior_mean,chp_operational,28,Adm_12_17,8,56.0
2.0,1.0,2,weak_wide,10000.0,posterior_mean,chp_operational,28,Adm_18_49,8,45.5
2.0,1.0,2,weak_wide,10000.0,posterior_mean,chp_operational,28,Adm_50_64,8,52.5
2.0,1.0,2,weak_wide,10000.0,posterior_mean,chp_operational,28,Adm_65_higher,8,35.0
2.0,1.0,2,weak_wide,10000.0,posterior_mean,data_derived,29,ILI_PMP,8,56.0
2.0,1.0,2,weak_wide,10000.0,posterior_mean,data_derived,29,ILI_AED,8,45.5
2.0,1.0,2,weak_wide,10000.0,posterior_mean,data_derived,29,ILI_CMP,8,52.5
2.0,1.0,2,weak_wide,10000.0,posterior_mean,data_derived,29,ILI_School,8,38.5
2.0,1.0,2,weak_wide,10000.0,posterior_mean,data_derived,29,ILI_NonSchool,8,45.5
2.0,1.0,2,weak_wide,10000.0,posterior_mean,data_derived,29,Fever_RCHE,8,52.5
2.0,1.0,2,weak_wide,10000.0,posterior_mean,data_derived,29,Adm_All,8,56.0
2.0,1.0,2,weak_wide,10000.0,posterior_mean,data_derived,29,Adm_0_5,8,56.0
2.0,1.0,2,weak_wide,10000.0,posterior_mean,data_derived,29,Adm_6_11,8,56.0
2.0,1.0,2,weak_wide,10000.0,posterior_mean,data_derived,29,Adm_12_17,8,56.0
2.0,1.0,2,weak_wide,10000.0,posterior_mean,data_derived,29,Adm_18_49,8,45.5
2.0,1.0,2,weak_wide,10000.0,posterior_mean,data_derived,29,Adm_50_64,8,52.5
2.0,1.0,2,weak_wide,10000.0,posterior_mean,data_derived,29,Adm_65_higher,8,35.0
2.0,1.0,2,weak_wide,10000.0,ci_lower,chp_operational,30,ILI_PMP,8,56.0
2.0,1.0,2,weak_wide,10000.0,ci_lower,chp_operational,30,ILI_AED,8,45.5
2.0,1.0,2,weak_wide,10000.0,ci_lower,chp_operational,30,ILI_CMP,8,52.5
2.0,1.0,2,weak_wide,10000.0,ci_lower,chp_operational,30,ILI_School,8,31.5
2.0,1.0,2,weak_wide,10000.0,ci_lower,chp_operational,30,ILI_NonSchool,8,10.5
2.0,1.0,2,weak_wide,10000.0,ci_lower,chp_operational,30,Fever_RCHE,6,-35.0
2.0,1.0,2,weak_wide,10000.0,ci_lower,chp_operational,30,Adm_All,8,45.5
2.0,1.0,2,weak_wide,10000.0,ci_lower,chp_operational,30,Adm_0_5,8,42.0
2.0,1.0,2,weak_wide,10000.0,ci_lower,chp_operational,30,Adm_6_11,8,28.0
2.0,1.0,2,weak_wide,10000.0,ci_lower,chp_operational,30,Adm_12_17,8,24.5
2.0,1.0,2,weak_wide,10000.0,ci_lower,chp_operational,30,Adm_18_49,8,45.5
2.0,1.0,2,weak_wide,10000.0,ci_lower,chp_operational,30,Adm_50_64,8,28.0
2.0,1.0,2,weak_wide,10000.0,ci_lower,chp_operational,30,Adm_65_higher,8,31.5
2.0,1.0,2,weak_wide,10000.0,ci_lower,data_derived,31,ILI_PMP,8,56.0
2.0,1.0,2,weak_wide,10000.0,ci_lower,data_derived,31,ILI_AED,8,45.5
2.0,1.0,2,weak_wide,10000.0,ci_lower,data_derived,31,ILI_CMP,8,52.5
2.0,1.0,2,weak_wide,10000.0,ci_lower,data_derived,31,ILI_School,8,31.5
2.0,1.0,2,weak_wide,10000.0,ci_lower,data_derived,31,ILI_NonSchool,8,10.5
2.0,1.0,2,weak_wide,10000.0,ci_lower,data_derived,31,Fever_RCHE,6,-31.5
2.0,1.0,2,weak_wide,10000.0,ci_lower,data_derived,31,Adm_All,8,45.5
2.0,1.0,2,weak_wide,10000.0,ci_lower,data_derived,31,Adm_0_5,8,42.0
2.0,1.0,2,weak_wide,10000.0,ci_lower,data_derived,31,Adm_6_11,8,31.5
2.0,1.0,2,weak_wide,10000.0,ci_lower,data_derived,31,Adm_12_17,8,28.0
2.0,1.0,2,weak_wide,10000.0,ci_lower,data_derived,31,Adm_18_49,8,45.5
2.0,1.0,2,weak_wide,10000.0,ci_lower,data_derived,31,Adm_50_64,8,28.0
2.0,1.0,2,weak_wide,10000.0,ci_lower,data_derived,31,Adm_65_higher,8,31.5
2.0,1.0,2,weak_wide,100000.0,posterior_mean,chp_operational,32,ILI_PMP,8,56.0
2.0,1.0,2,weak_wide,100000.0,posterior_mean,chp_operational,32,ILI_AED,8,45.5
2.0,1.0,2,weak_wide,100000.0,posterior_mean,chp_operational,32,ILI_CMP,8,52.5
2.0,1.0,2,weak_wide,100000.0,posterior_mean,chp_operational,32,ILI_School,8,38.5
2.0,1.0,2,weak_wide,100000.0,posterior_mean,chp_operational,32,ILI_NonSchool,8,42.0
2.0,1.0,2,weak_wide,100000.0,posterior_mean,chp_operational,32,Fever_RCHE,8,52.5
2.0,1.0,2,weak_wide,100000.0,posterior_mean,chp_operational,32,Adm_All,8,56.0
2.0,1.0,2,weak_wide,100000.0,posterior_mean,chp_operational,32,Adm_0_5,8,56.0
2.0,1.0,2,weak_wide,100000.0,posterior_mean,chp_operational,32,Adm_6_11,8,52.5
2.0,1.0,2,weak_wide,100000.0,posterior_mean,chp_operational,32,Adm_12_17,8,56.0
2.0,1.0,2,weak_wide,100000.0,posterior_mean,chp_operational,32,Adm_18_49,8,45.5
2.0,1.0,2,weak_wide,100000.0,posterior_mean,chp_operational,32,Adm_50_64,8,52.5
2.0,1.0,2,weak_wide,100000.0,posterior_mean,chp_operational,32,Adm_65_higher,8,35.0
2.0,1.0,2,weak_wide,100000.0,posterior_mean,data_derived,33,ILI_PMP,8,56.0
2.0,1.0,2,weak_wide,100000.0,posterior_mean,data_derived,33,ILI_AED,8,45.5
2.0,1.0,2,weak_wide,100000.0,posterior_mean,data_derived,33,ILI_CMP,8,52.5
2.0,1.0,2,weak_wide,100000.0,posterior_mean,data_derived,33,ILI_School,8,38.5
2.0,1.0,2,weak_wide,100000.0,posterior_mean,data_derived,33,ILI_NonSchool,8,45.5
2.0,1.0,2,weak_wide,100000.0,posterior_mean,data_derived,33,Fever_RCHE,8,52.5
2.0,1.0,2,weak_wide,100000.0,posterior_mean,data_derived,33,Adm_All,8,56.0
2.0,1.0,2,weak_wide,100000.0,posterior_mean,data_derived,33,Adm_0_5,8,56.0
2.0,1.0,2,weak_wide,100000.0,posterior_mean,data_derived,33,Adm_6_11,8,52.5
2.0,1.0,2,weak_wide,100000.0,posterior_mean,data_derived,33,Adm_12_17,8,56.0
2.0,1.0,2,weak_wide,100000.0,posterior_mean,data_derived,33,Adm_18_49,8,45.5
2.0,1.0,2,weak_wide,100000.0,posterior_mean,data_derived,33,Adm_50_64,8,52.5
2.0,1.0,2,weak_wide,100000.0,posterior_mean,data_derived,33,Adm_65_higher,8,35.0
2.0,1.0,2,weak_wide,100000.0,ci_lower,chp_operational,34,ILI_PMP,8,56.0
2.0,1.0,2,weak_wide,100000.0,ci_lower,chp_operational,34,ILI_AED,8,45.5
2.0,1.0,2,weak_wide,100000.0,ci_lower,chp_operational,34,ILI_CMP,8,52.5
2.0,1.0,2,weak_wide,100000.0,ci_lower,chp_operational,34,ILI_School,8,31.5
2.0,1.0,2,weak_wide,100000.0,ci_lower,chp_operational,34,ILI_NonSchool,8,10.5
2.0,1.0,2,weak_wide,100000.0,ci_lower,chp_operational,34,Fever_RCHE,8,24.5
2.0,1.0,2,weak_wide,100000.0,ci_lower,chp_operational,34,Adm_All,8,45.5
2.0,1.0,2,weak_wide,100000.0,ci_lower,chp_operational,34,Adm_0_5,8,42.0
2.0,1.0,2,weak_wide,100000.0,ci_lower,chp_operational,34,Adm_6_11,8,28.0
2.0,1.0,2,weak_wide,100000.0,ci_lower,chp_operational,34,Adm_12_17,8,24.5
2.0,1.0,2,weak_wide,100000.0,ci_lower,chp_operational,34,Adm_18_49,8,45.5
2.0,1.0,2,weak_wide,100000.0,ci_lower,chp_operational,34,Adm_50_64,8,28.0
2.0,1.0,2,weak_wide,100000.0,ci_lower,chp_operational,34,Adm_65_higher,8,31.5
2.0,1.0,2,weak_wide,100000.0,ci_lower,data_derived,35,ILI_PMP,8,56.0
2.0,1.0,2,weak_wide,100000.0,ci_lower,data_derived,35,ILI_AED,8,45.5
2.0,1.0,2,weak_wide,100000.0,ci_lower,data_derived,35,ILI_CMP,8,52.5
2.0,1.0,2,weak_wide,100000.0,ci_lower,data_derived,35,ILI_School,8,31.5
2.0,1.0,2,weak_wide,100000.0,ci_lower,data_derived,35,ILI_NonSchool,8,10.5
2.0,1.0,2,weak_wide,100000.0,ci_lower,data_derived,35,Fever_RCHE,8,28.0
2.0,1.0,2,weak_wide,100000.0,ci_lower,data_derived,35,Adm_All,8,45.5
2.0,1.0,2,weak_wide,100000.0,ci_lower,data_derived,35,Adm_0_5,8,42.0
2.0,1.0,2,weak_wide,100000.0,ci_lower,data_derived,35,Adm_6_11,8,31.5
2.0,1.0,2,weak_wide,100000.0,ci_lower,data_derived,35,Adm_12_17,8,28.0
2.0,1.0,2,weak_wide,100000.0,ci_lower,data_derived,35,Adm_18_49,8,45.5
2.0,1.0,2,weak_wide,100000.0,ci_lower,data_derived,35,Adm_50_64,8,28.0
2.0,1.0,2,weak_wide,100000.0,ci_lower,data_derived,35,Adm_65_higher,8,31.5
2.0,1.0,3,v7,1000.0,posterior_mean,chp_operational,36,ILI_PMP,8,49.0
2.0,1.0,3,v7,1000.0,posterior_mean,chp_operational,36,ILI_AED,8,38.5
2.0,1.0,3,v7,1000.0,posterior_mean,chp_operational,36,ILI_CMP,8,45.5
2.0,1.0,3,v7,1000.0,posterior_mean,chp_operational,36,ILI_School,8,31.5
2.0,1.0,3,v7,1000.0,posterior_mean,chp_operational,36,ILI_NonSchool,8,10.5
2.0,1.0,3,v7,1000.0,posterior_mean,chp_operational,36,Fever_RCHE,0,
2.0,1.0,3,v7,1000.0,posterior_mean,chp_operational,36,Adm_All,8,35.0
2.0,1.0,3,v7,1000.0,posterior_mean,chp_operational,36,Adm_0_5,8,38.5
2.0,1.0,3,v7,1000.0,posterior_mean,chp_operational,36,Adm_6_11,8,24.5
2.0,1.0,3,v7,1000.0,posterior_mean,chp_operational,36,Adm_12_17,8,24.5
2.0,1.0,3,v7,1000.0,posterior_mean,chp_operational,36,Adm_18_49,8,7.0
2.0,1.0,3,v7,1000.0,posterior_mean,chp_operational,36,Adm_50_64,8,21.0
2.0,1.0,3,v7,1000.0,posterior_mean,chp_operational,36,Adm_65_higher,8,24.5
2.0,1.0,3,v7,1000.0,posterior_mean,data_derived,37,ILI_PMP,8,49.0
2.0,1.0,3,v7,1000.0,posterior_mean,data_derived,37,ILI_AED,8,38.5
2.0,1.0,3,v7,1000.0,posterior_mean,data_derived,37,ILI_CMP,8,45.5
2.0,1.0,3,v7,1000.0,posterior_mean,data_derived,37,ILI_School,8,31.5
2.0,1.0,3,v7,1000.0,posterior_mean,data_derived,37,ILI_NonSchool,8,10.5
2.0,1.0,3,v7,1000.0,posterior_mean,data_derived,37,Fever_RCHE,0,
2.0,1.0,3,v7,1000.0,posterior_mean,data_derived,37,Adm_All,8,35.0
2.0,1.0,3,v7,1000.0,posterior_mean,data_derived,37,Adm_0_5,8,38.5
2.0,1.0,3,v7,1000.0,posterior_mean,data_derived,37,Adm_6_11,8,24.5
2.0,1.0,3,v7,1000.0,posterior_mean,data_derived,37,Adm_12_17,8,24.5
2.0,1.0,3,v7,1000.0,posterior_mean,data_derived,37,Adm_18_49,8,7.0
2.0,1.0,3,v7,1000.0,posterior_mean,data_derived,37,Adm_50_64,8,21.0
2.0,1.0,3,v7,1000.0,posterior_mean,data_derived,37,Adm_65_higher,8,24.5
2.0,1.0,3,v7,1000.0,ci_lower,chp_operational,38,ILI_PMP,8,49.0
2.0,1.0,3,v7,1000.0,ci_lower,chp_operational,38,ILI_AED,8,38.5
2.0,1.0,3,v7,1000.0,ci_lower,chp_operational,38,ILI_CMP,8,31.5
2.0,1.0,3,v7,1000.0,ci_lower,chp_operational,38,ILI_School,8,31.5
2.0,1.0,3,v7,1000.0,ci_lower,chp_operational,38,ILI_NonSchool,8,10.5
2.0,1.0,3,v7,1000.0,ci_lower,chp_operational,38,Fever_RCHE,0,
2.0,1.0,3,v7,1000.0,ci_lower,chp_operational,38,Adm_All,8,14.0
2.0,1.0,3,v7,1000.0,ci_lower,chp_operational,38,Adm_0_5,8,31.5
2.0,1.0,3,v7,1000.0,ci_lower,chp_operational,38,Adm_6_11,8,24.5
2.0,1.0,3,v7,1000.0,ci_lower,chp_operational,38,Adm_12_17,8,24.5
2.0,1.0,3,v7,1000.0,ci_lower,chp_operational,38,Adm_18_49,8,3.5
2.0,1.0,3,v7,1000.0,ci_lower,chp_operational,38,Adm_50_64,8,10.5
2.0,1.0,3,v7,1000.0,ci_lower,chp_operational,38,Adm_65_higher,8,24.5
2.0,1.0,3,v7,1000.0,ci_lower,data_derived,39,ILI_PMP,8,49.0
2.0,1.0,3,v7,1000.0,ci_lower,data_derived,39,ILI_AED,8,38.5
2.0,1.0,3,v7,1000.0,ci_lower,data_derived,39,ILI_CMP,8,31.5
2.0,1.0,3,v7,1000.0,ci_lower,data_derived,39,ILI_School,8,31.5
2.0,1.0,3,v7,1000.0,ci_lower,data_derived,39,ILI_NonSchool,8,10.5
2.0,1.0,3,v7,1000.0,ci_lower,data_derived,39,Fever_RCHE,0,
2.0,1.0,3,v7,1000.0,ci_lower,data_derived,39,Adm_All,8,17.5
2.0,1.0,3,v7,1000.0,ci_lower,data_derived,39,Adm_0_5,8,31.5
2.0,1.0,3,v7,1000.0,ci_lower,data_derived,39,Adm_6_11,8,24.5
2.0,1.0,3,v7,1000.0,ci_lower,data_derived,39,Adm_12_17,8,24.5
2.0,1.0,3,v7,1000.0,ci_lower,data_derived,39,Adm_18_49,8,3.5
2.0,1.0,3,v7,1000.0,ci_lower,data_derived,39,Adm_50_64,8,10.5
2.0,1.0,3,v7,1000.0,ci_lower,data_derived,39,Adm_65_higher,8,24.5
2.0,1.0,3,v7,10000.0,posterior_mean,chp_operational,40,ILI_PMP,8,49.0
2.0,1.0,3,v7,10000.0,posterior_mean,chp_operational,40,ILI_AED,8,38.5
2.0,1.0,3,v7,10000.0,posterior_mean,chp_operational,40,ILI_CMP,8,45.5
2.0,1.0,3,v7,10000.0,posterior_mean,chp_operational,40,ILI_School,8,31.5
2.0,1.0,3,v7,10000.0,posterior_mean,chp_operational,40,ILI_NonSchool,8,10.5
2.0,1.0,3,v7,10000.0,posterior_mean,chp_operational,40,Fever_RCHE,8,7.0
2.0,1.0,3,v7,10000.0,posterior_mean,chp_operational,40,Adm_All,8,35.0
2.0,1.0,3,v7,10000.0,posterior_mean,chp_operational,40,Adm_0_5,8,38.5
2.0,1.0,3,v7,10000.0,posterior_mean,chp_operational,40,Adm_6_11,8,24.5
2.0,1.0,3,v7,10000.0,posterior_mean,chp_operational,40,Adm_12_17,8,24.5
2.0,1.0,3,v7,10000.0,posterior_mean,chp_operational,40,Adm_18_49,8,28.0
2.0,1.0,3,v7,10000.0,posterior_mean,chp_operational,40,Adm_50_64,8,21.0
2.0,1.0,3,v7,10000.0,posterior_mean,chp_operational,40,Adm_65_higher,8,24.5
2.0,1.0,3,v7,10000.0,posterior_mean,data_derived,41,ILI_PMP,8,49.0
2.0,1.0,3,v7,10000.0,posterior_mean,data_derived,41,ILI_AED,8,38.5
2.0,1.0,3,v7,10000.0,posterior_mean,data_derived,41,ILI_CMP,8,45.5
2.0,1.0,3,v7,10000.0,posterior_mean,data_derived,41,ILI_School,8,31.5
2.0,1.0,3,v7,10000.0,posterior_mean,data_derived,41,ILI_NonSchool,8,10.5
2.0,1.0,3,v7,10000.0,posterior_mean,data_derived,41,Fever_RCHE,8,10.5
2.0,1.0,3,v7,10000.0,posterior_mean,data_derived,41,Adm_All,8,35.0
2.0,1.0,3,v7,10000.0,posterior_mean,data_derived,41,Adm_0_5,8,38.5
2.0,1.0,3,v7,10000.0,posterior_mean,data_derived,41,Adm_6_11,8,24.5
2.0,1.0,3,v7,10000.0,posterior_mean,data_derived,41,Adm_12_17,8,24.5
2.0,1.0,3,v7,10000.0,posterior_mean,data_derived,41,Adm_18_49,8,28.0
2.0,1.0,3,v7,10000.0,posterior_mean,data_derived,41,Adm_50_64,8,21.0
2.0,1.0,3,v7,10000.0,posterior_mean,data_derived,41,Adm_65_higher,8,24.5
2.0,1.0,3,v7,10000.0,ci_lower,chp_operational,42,ILI_PMP,8,49.0
2.0,1.0,3,v7,10000.0,ci_lower,chp_operational,42,ILI_AED,8,38.5
2.0,1.0,3,v7,10000.0,ci_lower,chp_operational,42,ILI_CMP,8,45.5
2.0,1.0,3,v7,10000.0,ci_lower,chp_operational,42,ILI_School,8,31.5
2.0,1.0,3,v7,10000.0,ci_lower,chp_operational,42,ILI_NonSchool,8,10.5
2.0,1.0,3,v7,10000.0,ci_lower,chp_operational,42,Fever_RCHE,0,
2.0,1.0,3,v7,10000.0,ci_lower,chp_operational,42,Adm_All,8,24.5
2.0,1.0,3,v7,10000.0,ci_lower,chp_operational,42,Adm_0_5,8,38.5
2.0,1.0,3,v7,10000.0,ci_lower,chp_operational,42,Adm_6_11,8,24.5
2.0,1.0,3,v7,10000.0,ci_lower,chp_operational,42,Adm_12_17,8,24.5
2.0,1.0,3,v7,10000.0,ci_lower,chp_operational,42,Adm_18_49,8,24.5
2.0,1.0,3,v7,10000.0,ci_lower,chp_operational,42,Adm_50_64,8,21.0
2.0,1.0,3,v7,10000.0,ci_lower,chp_operational,42,Adm_65_higher,8,24.5
2.0,1.0,3,v7,10000.0,ci_lower,data_derived,43,ILI_PMP,8,49.0
2.0,1.0,3,v7,10000.0,ci_lower,data_derived,43,ILI_AED,8,38.5
2.0,1.0,3,v7,10000.0,ci_lower,data_derived,43,ILI_CMP,8,45.5
2.0,1.0,3,v7,10000.0,ci_lower,data_derived,43,ILI_School,8,31.5
2.0,1.0,3,v7,10000.0,ci_lower,data_derived,43,ILI_NonSchool,8,10.5
2.0,1.0,3,v7,10000.0,ci_lower,data_derived,43,Fever_RCHE,0,
2.0,1.0,3,v7,10000.0,ci_lower,data_derived,43,Adm_All,8,24.5
2.0,1.0,3,v7,10000.0,ci_lower,data_derived,43,Adm_0_5,8,38.5
2.0,1.0,3,v7,10000.0,ci_lower,data_derived,43,Adm_6_11,8,24.5
2.0,1.0,3,v7,10000.0,ci_lower,data_derived,43,Adm_12_17,8,24.5
2.0,1.0,3,v7,10000.0,ci_lower,data_derived,43,Adm_18_49,8,24.5
2.0,1.0,3,v7,10000.0,ci_lower,data_derived,43,Adm_50_64,8,21.0
2.0,1.0,3,v7,10000.0,ci_lower,data_derived,43,Adm_65_higher,8,24.5
2.0,1.0,3,v7,100000.0,posterior_mean,chp_operational,44,ILI_PMP,8,49.0
2.0,1.0,3,v7,100000.0,posterior_mean,chp_operational,44,ILI_AED,8,38.5
2.0,1.0,3,v7,100000.0,posterior_mean,chp_operational,44,ILI_CMP,8,45.5
2.0,1.0,3,v7,100000.0,posterior_mean,chp_operational,44,ILI_School,8,31.5
2.0,1.0,3,v7,100000.0,posterior_mean,chp_operational,44,ILI_NonSchool,8,10.5
2.0,1.0,3,v7,100000.0,posterior_mean,chp_operational,44,Fever_RCHE,8,49.0
2.0,1.0,3,v7,100000.0,posterior_mean,chp_operational,44,Adm_All,8,35.0
2.0,1.0,3,v7,100000.0,posterior_mean,chp_operational,44,Adm_0_5,8,38.5
2.0,1.0,3,v7,100000.0,posterior_mean,chp_operational,44,Adm_6_11,8,28.0
2.0,1.0,3,v7,100000.0,posterior_mean,chp_operational,44,Adm_12_17,8,24.5
2.0,1.0,3,v7,100000.0,posterior_mean,chp_operational,44,Adm_18_49,8,28.0
2.0,1.0,3,v7,100000.0,posterior_mean,chp_operational,44,Adm_50_64,8,21.0
2.0,1.0,3,v7,100000.0,posterior_mean,chp_operational,44,Adm_65_higher,8,24.5
2.0,1.0,3,v7,100000.0,posterior_mean,data_derived,45,ILI_PMP,8,49.0
2.0,1.0,3,v7,100000.0,posterior_mean,data_derived,45,ILI_AED,8,38.5
2.0,1.0,3,v7,100000.0,posterior_mean,data_derived,45,ILI_CMP,8,45.5
2.0,1.0,3,v7,100000.0,posterior_mean,data_derived,45,ILI_School,8,31.5
2.0,1.0,3,v7,100000.0,posterior_mean,data_derived,45,ILI_NonSchool,8,10.5
2.0,1.0,3,v7,100000.0,posterior_mean,data_derived,45,Fever_RCHE,8,49.0
2.0,1.0,3,v7,100000.0,posterior_mean,data_derived,45,Adm_All,8,35.0
2.0,1.0,3,v7,100000.0,posterior_mean,data_derived,45,Adm_0_5,8,38.5
2.0,1.0,3,v7,100000.0,posterior_mean,data_derived,45,Adm_6_11,8,28.0
2.0,1.0,3,v7,100000.0,posterior_mean,data_derived,45,Adm_12_17,8,24.5
2.0,1.0,3,v7,100000.0,posterior_mean,data_derived,45,Adm_18_49,8,28.0
2.0,1.0,3,v7,100000.0,posterior_mean,data_derived,45,Adm_50_64,8,21.0
2.0,1.0,3,v7,100000.0,posterior_mean,data_derived,45,Adm_65_higher,8,24.5
2.0,1.0,3,v7,100000.0,ci_lower,chp_operational,46,ILI_PMP,8,49.0
2.0,1.0,3,v7,100000.0,ci_lower,chp_operational,46,ILI_AED,8,38.5
2.0,1.0,3,v7,100000.0,ci_lower,chp_operational,46,ILI_CMP,8,45.5
2.0,1.0,3,v7,100000.0,ci_lower,chp_operational,46,ILI_School,8,31.5
2.0,1.0,3,v7,100000.0,ci_lower,chp_operational,46,ILI_NonSchool,8,10.5
2.0,1.0,3,v7,100000.0,ci_lower,chp_operational,46,Fever_RCHE,8,7.0
2.0,1.0,3,v7,100000.0,ci_lower,chp_operational,46,Adm_All,8,35.0
2.0,1.0,3,v7,100000.0,ci_lower,chp_operational,46,Adm_0_5,8,38.5
2.0,1.0,3,v7,100000.0,ci_lower,chp_operational,46,Adm_6_11,8,24.5
2.0,1.0,3,v7,100000.0,ci_lower,chp_operational,46,Adm_12_17,8,24.5
2.0,1.0,3,v7,100000.0,ci_lower,chp_operational,46,Adm_18_49,8,28.0
2.0,1.0,3,v7,100000.0,ci_lower,chp_operational,46,Adm_50_64,8,21.0
2.0,1.0,3,v7,100000.0,ci_lower,chp_operational,46,Adm_65_higher,8,24.5
2.0,1.0,3,v7,100000.0,ci_lower,data_derived,47,ILI_PMP,8,49.0
2.0,1.0,3,v7,100000.0,ci_lower,data_derived,47,ILI_AED,8,38.5
2.0,1.0,3,v7,100000.0,ci_lower,data_derived,47,ILI_CMP,8,45.5
2.0,1.0,3,v7,100000.0,ci_lower,data_derived,47,ILI_School,8,31.5
2.0,1.0,3,v7,100000.0,ci_lower,data_derived,47,ILI_NonSchool,8,10.5
2.0,1.0,3,v7,100000.0,ci_lower,data_derived,47,Fever_RCHE,8,10.5
2.0,1.0,3,v7,100000.0,ci_lower,data_derived,47,Adm_All,8,35.0
2.0,1.0,3,v7,100000.0,ci_lower,data_derived,47,Adm_0_5,8,38.5
2.0,1.0,3,v7,100000.0,ci_lower,data_derived,47,Adm_6_11,8,24.5
2.0,1.0,3,v7,100000.0,ci_lower,data_derived,47,Adm_12_17,8,24.5
2.0,1.0,3,v7,100000.0,ci_lower,data_derived,47,Adm_18_49,8,28.0
2.0,1.0,3,v7,100000.0,ci_lower,data_derived,47,Adm_50_64,8,21.0
2.0,1.0,3,v7,100000.0,ci_lower,data_derived,47,Adm_65_higher,8,24.5
2.0,1.0,3,vague,1000.0,posterior_mean,chp_operational,48,ILI_PMP,8,49.0
2.0,1.0,3,vague,1000.0,posterior_mean,chp_operational,48,ILI_AED,8,38.5
2.0,1.0,3,vague,1000.0,posterior_mean,chp_operational,48,ILI_CMP,6,-45.5
2.0,1.0,3,vague,1000.0,posterior_mean,chp_operational,48,ILI_School,8,31.5
2.0,1.0,3,vague,1000.0,posterior_mean,chp_operational,48,ILI_NonSchool,8,10.5
2.0,1.0,3,vague,1000.0,posterior_mean,chp_operational,48,Fever_RCHE,0,
2.0,1.0,3,vague,1000.0,posterior_mean,chp_operational,48,Adm_All,2,-70.0
2.0,1.0,3,vague,1000.0,posterior_mean,chp_operational,48,Adm_0_5,8,-14.0
2.0,1.0,3,vague,1000.0,posterior_mean,chp_operational,48,Adm_6_11,5,-35.0
2.0,1.0,3,vague,1000.0,posterior_mean,chp_operational,48,Adm_12_17,0,
2.0,1.0,3,vague,1000.0,posterior_mean,chp_operational,48,Adm_18_49,0,
2.0,1.0,3,vague,1000.0,posterior_mean,chp_operational,48,Adm_50_64,0,
2.0,1.0,3,vague,1000.0,posterior_mean,chp_operational,48,Adm_65_higher,6,-24.5
2.0,1.0,3,vague,1000.0,posterior_mean,data_derived,49,ILI_PMP,8,49.0
2.0,1.0,3,vague,1000.0,posterior_mean,data_derived,49,ILI_AED,8,38.5
2.0,1.0,3,vague,1000.0,posterior_mean,data_derived,49,ILI_CMP,6,-42.0
2.0,1.0,3,vague,1000.0,posterior_mean,data_derived,49,ILI_School,8,31.5
2.0,1.0,3,vague,1000.0,posterior_mean,data_derived,49,ILI_NonSchool,8,10.5
2.0,1.0,3,vague,1000.0,posterior_mean,data_derived,49,Fever_RCHE,0,
2.0,1.0,3,vague,1000.0,posterior_mean,data_derived,49,Adm_All,2,-66.5
2.0,1.0,3,vague,1000.0,posterior_mean,data_derived,49,Adm_0_5,8,-10.5
2.0,1.0,3,vague,1000.0,posterior_mean,data_derived,49,Adm_6_11,5,-35.0
2.0,1.0,3,vague,1000.0,posterior_mean,data_derived,49,Adm_12_17,0,
2.0,1.0,3,vague,1000.0,posterior_mean,data_derived,49,Adm_18_49,0,
2.0,1.0,3,vague,1000.0,posterior_mean,data_derived,49,Adm_50_64,0,
2.0,1.0,3,vague,1000.0,posterior_mean,data_derived,49,Adm_65_higher,6,-24.5
2.0,1.0,3,vague,1000.0,ci_lower,chp_operational,50,ILI_PMP,8,49.0
2.0,1.0,3,vague,1000.0,ci_lower,chp_operational,50,ILI_AED,8,28.0
2.0,1.0,3,vague,1000.0,ci_lower,chp_operational,50,ILI_CMP,4,-10.5
2.0,1.0,3,vague,1000.0,ci_lower,chp_operational,50,ILI_School,8,28.0
2.0,1.0,3,vague,1000.0,ci_lower,chp_operational,50,ILI_NonSchool,8,-14.0
2.0,1.0,3,vague,1000.0,ci_lower,chp_operational,50,Fever_RCHE,0,
2.0,1.0,3,vague,1000.0,ci_lower,chp_operational,50,Adm_All,1,-98.0
2.0,1.0,3,vague,1000.0,ci_lower,chp_operational,50,Adm_0_5,7,-14.0
2.0,1.0,3,vague,1000.0,ci_lower,chp_operational,50,Adm_6_11,4,-59.5
2.0,1.0,3,vague,1000.0,ci_lower,chp_operational,50,Adm_12_17,0,
2.0,1.0,3,vague,1000.0,ci_lower,chp_operational,50,Adm_18_49,0,
2.0,1.0,3,vague,1000.0,ci_lower,chp_operational,50,Adm_50_64,0,
2.0,1.0,3,vague,1000.0,ci_lower,chp_operational,50,Adm_65_higher,6,-24.5
2.0,1.0,3,vague,1000.0,ci_lower,data_derived,51,ILI_PMP,8,49.0
2.0,1.0,3,vague,1000.0,ci_lower,data_derived,51,ILI_AED,8,28.0
2.0,1.0,3,vague,1000.0,ci_lower,data_derived,51,ILI_CMP,4,-7.0
2.0,1.0,3,vague,1000.0,ci_lower,data_derived,51,ILI_School,8,31.5
2.0,1.0,3,vague,1000.0,ci_lower,data_derived,51,ILI_NonSchool,8,-10.5
2.0,1.0,3,vague,1000.0,ci_lower,data_derived,51,Fever_RCHE,0,
2.0,1.0,3,vague,1000.0,ci_lower,data_derived,51,Adm_All,1,-91.0
2.0,1.0,3,vague,1000.0,ci_lower,data_derived,51,Adm_0_5,7,-7.0
2.0,1.0,3,vague,1000.0,ci_lower,data_derived,51,Adm_6_11,4,-56.0
2.0,1.0,3,vague,1000.0,ci_lower,data_derived,51,Adm_12_17,0,
2.0,1.0,3,vague,1000.0,ci_lower,data_derived,51,Adm_18_49,0,
2.0,1.0,3,vague,1000.0,ci_lower,data_derived,51,Adm_50_64,0,
2.0,1.0,3,vague,1000.0,ci_lower,data_derived,51,Adm_65_higher,6,-24.5
2.0,1.0,3,vague,10000.0,posterior_mean,chp_operational,52,ILI_PMP,8,49.0
2.0,1.0,3,vague,10000.0,posterior_mean,chp_operational,52,ILI_AED,8,38.5
2.0,1.0,3,vague,10000.0,posterior_mean,chp_operational,52,ILI_CMP,8,31.5
2.0,1.0,3,vague,10000.0,posterior_mean,chp_operational,52,ILI_School,8,31.5
2.0,1.0,3,vague,10000.0,posterior_mean,chp_operational,52,ILI_NonSchool,8,10.5
2.0,1.0,3,vague,10000.0,posterior_mean,chp_operational,52,Fever_RCHE,0,
2.0,1.0,3,vague,10000.0,posterior_mean,chp_operational,52,Adm_All,8,-10.5
2.0,1.0,3,vague,10000.0,posterior_mean,chp_operational,52,Adm_0_5,8,21.0
2.0,1.0,3,vague,10000.0,posterior_mean,chp_operational,52,Adm_6_11,8,10.5
2.0,1.0,3,vague,10000.0,posterior_mean,chp_operational,52,Adm_12_17,8,-17.5
2.0,1.0,3,vague,10000.0,posterior_mean,chp_operational,52,Adm_18_49,7,-28.0
2.0,1.0,3,vague,10000.0,posterior_mean,chp_operational,52,Adm_50_64,8,-17.5
2.0,1.0,3,vague,10000.0,posterior_mean,chp_operational,52,Adm_65_higher,8,-3.5
2.0,1.0,3,vague,10000.0,posterior_mean,data_derived,53,ILI_PMP,8,49.0
2.0,1.0,3,vague,10000.0,posterior_mean,data_derived,53,ILI_AED,8,38.5
2.0,1.0,3,vague,10000.0,posterior_mean,data_derived,53,ILI_CMP,8,31.5
2.0,1.0,3,vague,10000.0,posterior_mean,data_derived,53,ILI_School,8,31.5
2.0,1.0,3,vague,10000.0,posterior_mean,data_derived,53,ILI_NonSchool,8,10.5
2.0,1.0,3,vague,10000.0,posterior_mean,data_derived,53,Fever_RCHE,0,
2.0,1.0,3,vague,10000.0,posterior_mean,data_derived,53,Adm_All,8,-7.0
2.0,1.0,3,vague,10000.0,posterior_mean,data_derived,53,Adm_0_5,8,21.0
2.0,1.0,3,vague,10000.0,posterior_mean,data_derived,53,Adm_6_11,8,14.0
2.0,1.0,3,vague,10000.0,posterior_mean,data_derived,53,Adm_12_17,8,-14.0
2.0,1.0,3,vague,10000.0,posterior_mean,data_derived,53,Adm_18_49,7,-28.0
2.0,1.0,3,vague,10000.0,posterior_mean,data_derived,53,Adm_50_64,8,-14.0
2.0,1.0,3,vague,10000.0,posterior_mean,data_derived,53,Adm_65_higher,8,0.0
2.0,1.0,3,vague,10000.0,ci_lower,chp_operational,54,ILI_PMP,8,49.0
2.0,1.0,3,vague,10000.0,ci_lower,chp_operational,54,ILI_AED,8,38.5
2.0,1.0,3,vague,10000.0,ci_lower,chp_operational,54,ILI_CMP,8,31.5
2.0,1.0,3,vague,10000.0,ci_lower,chp_operational,54,ILI_School,8,31.5
2.0,1.0,3,vague,10000.0,ci_lower,chp_operational,54,ILI_NonSchool,8,10.5
2.0,1.0,3,vague,10000.0,ci_lower,chp_operational,54,Fever_RCHE,0,
2.0,1.0,3,vague,10000.0,ci_lower,chp_operational,54,Adm_All,8,-10.5
2.0,1.0,3,vague,10000.0,ci_lower,chp_operational,54,Adm_0_5,8,21.0
2.0,1.0,3,vague,10000.0,ci_lower,chp_operational,54,Adm_6_11,8,10.5
2.0,1.0,3,vague,10000.0,ci_lower,chp_operational,54,Adm_12_17,8,-17.5
2.0,1.0,3,vague,10000.0,ci_lower,chp_operational,54,Adm_18_49,6,-31.5
2.0,1.0,3,vague,10000.0,ci_lower,chp_operational,54,Adm_50_64,8,-17.5
2.0,1.0,3,vague,10000.0,ci_lower,chp_operational,54,Adm_65_higher,8,-3.5
2.0,1.0,3,vague,10000.0,ci_lower,data_derived,55,ILI_PMP,8,49.0
2.0,1.0,3,vague,10000.0,ci_lower,data_derived,55,ILI_AED,8,38.5
2.0,1.0,3,vague,10000.0,ci_lower,data_derived,55,ILI_CMP,8,31.5
2.0,1.0,3,vague,10000.0,ci_lower,data_derived,55,ILI_School,8,31.5
2.0,1.0,3,vague,10000.0,ci_lower,data_derived,55,ILI_NonSchool,8,10.5
2.0,1.0,3,vague,10000.0,ci_lower,data_derived,55,Fever_RCHE,0,
2.0,1.0,3,vague,10000.0,ci_lower,data_derived,55,Adm_All,8,-7.0
2.0,1.0,3,vague,10000.0,ci_lower,data_derived,55,Adm_0_5,8,21.0
2.0,1.0,3,vague,10000.0,ci_lower,data_derived,55,Adm_6_11,8,14.0
2.0,1.0,3,vague,10000.0,ci_lower,data_derived,55,Adm_12_17,8,-14.0
2.0,1.0,3,vague,10000.0,ci_lower,data_derived,55,Adm_18_49,6,-28.0
2.0,1.0,3,vague,10000.0,ci_lower,data_derived,55,Adm_50_64,8,-14.0
2.0,1.0,3,vague,10000.0,ci_lower,data_derived,55,Adm_65_higher,8,0.0
2.0,1.0,3,vague,100000.0,posterior_mean,chp_operational,56,ILI_PMP,8,49.0
2.0,1.0,3,vague,100000.0,posterior_mean,chp_operational,56,ILI_AED,8,38.5
2.0,1.0,3,vague,100000.0,posterior_mean,chp_operational,56,ILI_CMP,8,45.5
2.0,1.0,3,vague,100000.0,posterior_mean,chp_operational,56,ILI_School,8,31.5
2.0,1.0,3,vague,100000.0,posterior_mean,chp_operational,56,ILI_NonSchool,8,10.5
2.0,1.0,3,vague,100000.0,posterior_mean,chp_operational,56,Fever_RCHE,0,
2.0,1.0,3,vague,100000.0,posterior_mean,chp_operational,56,Adm_All,8,17.5
2.0,1.0,3,vague,100000.0,posterior_mean,chp_operational,56,Adm_0_5,8,38.5
2.0,1.0,3,vague,100000.0,posterior_mean,chp_operational,56,Adm_6_11,8,24.5
2.0,1.0,3,vague,100000.0,posterior_mean,chp_operational,56,Adm_12_17,8,24.5
2.0,1.0,3,vague,100000.0,posterior_mean,chp_operational,56,Adm_18_49,8,3.5
2.0,1.0,3,vague,100000.0,posterior_mean,chp_operational,56,Adm_50_64,8,10.5
2.0,1.0,3,vague,100000.0,posterior_mean,chp_operational,56,Adm_65_higher,8,24.5
2.0,1.0,3,vague,100000.0,posterior_mean,data_derived,57,ILI_PMP,8,49.0
2.0,1.0,3,vague,100000.0,posterior_mean,data_derived,57,ILI_AED,8,38.5
2.0,1.0,3,vague,100000.0,posterior_mean,data_derived,57,ILI_CMP,8,45.5
2.0,1.0,3,vague,100000.0,posterior_mean,data_derived,57,ILI_School,8,31.5
2.0,1.0,3,vague,100000.0,posterior_mean,data_derived,57,ILI_NonSchool,8,10.5
2.0,1.0,3,vague,100000.0,posterior_mean,data_derived,57,Fever_RCHE,0,
2.0,1.0,3,vague,100000.0,posterior_mean,data_derived,57,Adm_All,8,17.5
2.0,1.0,3,vague,100000.0,posterior_mean,data_derived,57,Adm_0_5,8,38.5
2.0,1.0,3,vague,100000.0,posterior_mean,data_derived,57,Adm_6_11,8,24.5
2.0,1.0,3,vague,100000.0,posterior_mean,data_derived,57,Adm_12_17,8,24.5
2.0,1.0,3,vague,100000.0,posterior_mean,data_derived,57,Adm_18_49,8,3.5
2.0,1.0,3,vague,100000.0,posterior_mean,data_derived,57,Adm_50_64,8,10.5
2.0,1.0,3,vague,100000.0,posterior_mean,data_derived,57,Adm_65_higher,8,24.5
2.0,1.0,3,vague,100000.0,ci_lower,chp_operational,58,ILI_PMP,8,49.0
2.0,1.0,3,vague,100000.0,ci_lower,chp_operational,58,ILI_AED,8,38.5
2.0,1.0,3,vague,100000.0,ci_lower,chp_operational,58,ILI_CMP,8,45.5
2.0,1.0,3,vague,100000.0,ci_lower,chp_operational,58,ILI_School,8,31.5
2.0,1.0,3,vague,100000.0,ci_lower,chp_operational,58,ILI_NonSchool,8,10.5
2.0,1.0,3,vague,100000.0,ci_lower,chp_operational,58,Fever_RCHE,0,
2.0,1.0,3,vague,100000.0,ci_lower,chp_operational,58,Adm_All,8,17.5
2.0,1.0,3,vague,100000.0,ci_lower,chp_operational,58,Adm_0_5,8,38.5
2.0,1.0,3,vague,100000.0,ci_lower,chp_operational,58,Adm_6_11,8,24.5
2.0,1.0,3,vague,100000.0,ci_lower,chp_operational,58,Adm_12_17,8,24.5
2.0,1.0,3,vague,100000.0,ci_lower,chp_operational,58,Adm_18_49,8,3.5
2.0,1.0,3,vague,100000.0,ci_lower,chp_operational,58,Adm_50_64,8,10.5
2.0,1.0,3,vague,100000.0,ci_lower,chp_operational,58,Adm_65_higher,8,24.5
2.0,1.0,3,vague,100000.0,ci_lower,data_derived,59,ILI_PMP,8,49.0
2.0,1.0,3,vague,100000.0,ci_lower,data_derived,59,ILI_AED,8,38.5
2.0,1.0,3,vague,100000.0,ci_lower,data_derived,59,ILI_CMP,8,45.5
2.0,1.0,3,vague,100000.0,ci_lower,data_derived,59,ILI_School,8,31.5
2.0,1.0,3,vague,100000.0,ci_lower,data_derived,59,ILI_NonSchool,8,10.5
2.0,1.0,3,vague,100000.0,ci_lower,data_derived,59,Fever_RCHE,0,
2.0,1.0,3,vague,100000.0,ci_lower,data_derived,59,Adm_All,8,17.5
2.0,1.0,3,vague,100000.0,ci_lower,data_derived,59,Adm_0_5,8,38.5
2.0,1.0,3,vague,100000.0,ci_lower,data_derived,59,Adm_6_11,8,24.5
2.0,1.0,3,vague,100000.0,ci_lower,data_derived,59,Adm_12_17,8,24.5
2.0,1.0,3,vague,100000.0,ci_lower,data_derived,59,Adm_18_49,8,3.5
2.0,1.0,3,vague,100000.0,ci_lower,data_derived,59,Adm_50_64,8,10.5
2.0,1.0,3,vague,100000.0,ci_lower,data_derived,59,Adm_65_higher,8,24.5
2.0,1.0,3,weak_wide,1000.0,posterior_mean,chp_operational,60,ILI_PMP,8,49.0
2.0,1.0,3,weak_wide,1000.0,posterior_mean,chp_operational,60,ILI_AED,8,38.5
2.0,1.0,3,weak_wide,1000.0,posterior_mean,chp_operational,60,ILI_CMP,8,45.5
2.0,1.0,3,weak_wide,1000.0,posterior_mean,chp_operational,60,ILI_School,8,35.0
2.0,1.0,3,weak_wide,1000.0,posterior_mean,chp_operational,60,ILI_NonSchool,8,38.5
2.0,1.0,3,weak_wide,1000.0,posterior_mean,chp_operational,60,Fever_RCHE,8,49.0
2.0,1.0,3,weak_wide,1000.0,posterior_mean,chp_operational,60,Adm_All,8,35.0
2.0,1.0,3,weak_wide,1000.0,posterior_mean,chp_operational,60,Adm_0_5,8,38.5
2.0,1.0,3,weak_wide,1000.0,posterior_mean,chp_operational,60,Adm_6_11,8,49.0
2.0,1.0,3,weak_wide,1000.0,posterior_mean,chp_operational,60,Adm_12_17,8,49.0
2.0,1.0,3,weak_wide,1000.0,posterior_mean,chp_operational,60,Adm_18_49,8,42.0
2.0,1.0,3,weak_wide,1000.0,posterior_mean,chp_operational,60,Adm_50_64,8,42.0
2.0,1.0,3,weak_wide,1000.0,posterior_mean,chp_operational,60,Adm_65_higher,8,28.0
2.0,1.0,3,weak_wide,1000.0,posterior_mean,data_derived,61,ILI_PMP,8,49.0
2.0,1.0,3,weak_wide,1000.0,posterior_mean,data_derived,61,ILI_AED,8,38.5
2.0,1.0,3,weak_wide,1000.0,posterior_mean,data_derived,61,ILI_CMP,8,45.5
2.0,1.0,3,weak_wide,1000.0,posterior_mean,data_derived,61,ILI_School,8,35.0
2.0,1.0,3,weak_wide,1000.0,posterior_mean,data_derived,61,ILI_NonSchool,8,38.5
2.0,1.0,3,weak_wide,1000.0,posterior_mean,data_derived,61,Fever_RCHE,8,49.0
2.0,1.0,3,weak_wide,1000.0,posterior_mean,data_derived,61,Adm_All,8,35.0
2.0,1.0,3,weak_wide,1000.0,posterior_mean,data_derived,61,Adm_0_5,8,38.5
2.0,1.0,3,weak_wide,1000.0,posterior_mean,data_derived,61,Adm_6_11,8,49.0
2.0,1.0,3,weak_wide,1000.0,posterior_mean,data_derived,61,Adm_12_17,8,49.0
2.0,1.0,3,weak_wide,1000.0,posterior_mean,data_derived,61,Adm_18_49,8,42.0
2.0,1.0,3,weak_wide,1000.0,posterior_mean,data_derived,61,Adm_50_64,8,42.0
2.0,1.0,3,weak_wide,1000.0,posterior_mean,data_derived,61,Adm_65_higher,8,28.0
2.0,1.0,3,weak_wide,1000.0,ci_lower,chp_operational,62,ILI_PMP,8,49.0
2.0,1.0,3,weak_wide,1000.0,ci_lower,chp_operational,62,ILI_AED,8,38.5
2.0,1.0,3,weak_wide,1000.0,ci_lower,chp_operational,62,ILI_CMP,8,31.5
2.0,1.0,3,weak_wide,1000.0,ci_lower,chp_operational,62,ILI_School,8,31.5
2.0,1.0,3,weak_wide,1000.0,ci_lower,chp_operational,62,ILI_NonSchool,8,10.5
2.0,1.0,3,weak_wide,1000.0,ci_lower,chp_operational,62,Fever_RCHE,0,
2.0,1.0,3,weak_wide,1000.0,ci_lower,chp_operational,62,Adm_All,8,17.5
2.0,1.0,3,weak_wide,1000.0,ci_lower,chp_operational,62,Adm_0_5,8,31.5
2.0,1.0,3,weak_wide,1000.0,ci_lower,chp_operational,62,Adm_6_11,8,24.5
2.0,1.0,3,weak_wide,1000.0,ci_lower,chp_operational,62,Adm_12_17,8,24.5
2.0,1.0,3,weak_wide,1000.0,ci_lower,chp_operational,62,Adm_18_49,8,10.5
2.0,1.0,3,weak_wide,1000.0,ci_lower,chp_operational,62,Adm_50_64,8,21.0
2.0,1.0,3,weak_wide,1000.0,ci_lower,chp_operational,62,Adm_65_higher,8,24.5
2.0,1.0,3,weak_wide,1000.0,ci_lower,data_derived,63,ILI_PMP,8,49.0
2.0,1.0,3,weak_wide,1000.0,ci_lower,data_derived,63,ILI_AED,8,38.5
2.0,1.0,3,weak_wide,1000.0,ci_lower,data_derived,63,ILI_CMP,8,31.5
2.0,1.0,3,weak_wide,1000.0,ci_lower,data_derived,63,ILI_School,8,31.5
2.0,1.0,3,weak_wide,1000.0,ci_lower,data_derived,63,ILI_NonSchool,8,10.5
2.0,1.0,3,weak_wide,1000.0,ci_lower,data_derived,63,Fever_RCHE,0,
2.0,1.0,3,weak_wide,1000.0,ci_lower,data_derived,63,Adm_All,8,21.0
2.0,1.0,3,weak_wide,1000.0,ci_lower,data_derived,63,Adm_0_5,8,31.5
2.0,1.0,3,weak_wide,1000.0,ci_lower,data_derived,63,Adm_6_11,8,24.5
2.0,1.0,3,weak_wide,1000.0,ci_lower,data_derived,63,Adm_12_17,8,24.5
2.0,1.0,3,weak_wide,1000.0,ci_lower,data_derived,63,Adm_18_49,8,10.5
2.0,1.0,3,weak_wide,1000.0,ci_lower,data_derived,63,Adm_50_64,8,21.0
2.0,1.0,3,weak_wide,1000.0,ci_lower,data_derived,63,Adm_65_higher,8,24.5
2.0,1.0,3,weak_wide,10000.0,posterior_mean,chp_operational,64,ILI_PMP,8,49.0
2.0,1.0,3,weak_wide,10000.0,posterior_mean,chp_operational,64,ILI_AED,8,38.5
2.0,1.0,3,weak_wide,10000.0,posterior_mean,chp_operational,64,ILI_CMP,8,45.5
2.0,1.0,3,weak_wide,10000.0,posterior_mean,chp_operational,64,ILI_School,8,31.5
2.0,1.0,3,weak_wide,10000.0,posterior_mean,chp_operational,64,ILI_NonSchool,8,28.0
2.0,1.0,3,weak_wide,10000.0,posterior_mean,chp_operational,64,Fever_RCHE,8,49.0
2.0,1.0,3,weak_wide,10000.0,posterior_mean,chp_operational,64,Adm_All,8,35.0
2.0,1.0,3,weak_wide,10000.0,posterior_mean,chp_operational,64,Adm_0_5,8,38.5
2.0,1.0,3,weak_wide,10000.0,posterior_mean,chp_operational,64,Adm_6_11,8,49.0
2.0,1.0,3,weak_wide,10000.0,posterior_mean,chp_operational,64,Adm_12_17,8,49.0
2.0,1.0,3,weak_wide,10000.0,posterior_mean,chp_operational,64,Adm_18_49,8,42.0
2.0,1.0,3,weak_wide,10000.0,posterior_mean,chp_operational,64,Adm_50_64,8,42.0
2.0,1.0,3,weak_wide,10000.0,posterior_mean,chp_operational,64,Adm_65_higher,8,28.0
2.0,1.0,3,weak_wide,10000.0,posterior_mean,data_derived,65,ILI_PMP,8,49.0
2.0,1.0,3,weak_wide,10000.0,posterior_mean,data_derived,65,ILI_AED,8,38.5
2.0,1.0,3,weak_wide,10000.0,posterior_mean,data_derived,65,ILI_CMP,8,45.5
2.0,1.0,3,weak_wide,10000.0,posterior_mean,data_derived,65,ILI_School,8,31.5
2.0,1.0,3,weak_wide,10000.0,posterior_mean,data_derived,65,ILI_NonSchool,8,28.0
2.0,1.0,3,weak_wide,10000.0,posterior_mean,data_derived,65,Fever_RCHE,8,49.0
2.0,1.0,3,weak_wide,10000.0,posterior_mean,data_derived,65,Adm_All,8,35.0
2.0,1.0,3,weak_wide,10000.0,posterior_mean,data_derived,65,Adm_0_5,8,38.5
2.0,1.0,3,weak_wide,10000.0,posterior_mean,data_derived,65,Adm_6_11,8,49.0
2.0,1.0,3,weak_wide,10000.0,posterior_mean,data_derived,65,Adm_12_17,8,49.0
2.0,1.0,3,weak_wide,10000.0,posterior_mean,data_derived,65,Adm_18_49,8,42.0
2.0,1.0,3,weak_wide,10000.0,posterior_mean,data_derived,65,Adm_50_64,8,42.0
2.0,1.0,3,weak_wide,10000.0,posterior_mean,data_derived,65,Adm_65_higher,8,28.0
2.0,1.0,3,weak_wide,10000.0,ci_lower,chp_operational,66,ILI_PMP,8,49.0
2.0,1.0,3,weak_wide,10000.0,ci_lower,chp_operational,66,ILI_AED,8,38.5
2.0,1.0,3,weak_wide,10000.0,ci_lower,chp_operational,66,ILI_CMP,8,45.5
2.0,1.0,3,weak_wide,10000.0,ci_lower,chp_operational,66,ILI_School,8,31.5
2.0,1.0,3,weak_wide,10000.0,ci_lower,chp_operational,66,ILI_NonSchool,8,10.5
2.0,1.0,3,weak_wide,10000.0,ci_lower,chp_operational,66,Fever_RCHE,2,-7.0
2.0,1.0,3,weak_wide,10000.0,ci_lower,chp_operational,66,Adm_All,8,24.5
2.0,1.0,3,weak_wide,10000.0,ci_lower,chp_operational,66,Adm_0_5,8,38.5
2.0,1.0,3,weak_wide,10000.0,ci_lower,chp_operational,66,Adm_6_11,8,24.5
2.0,1.0,3,weak_wide,10000.0,ci_lower,chp_operational,66,Adm_12_17,8,24.5
2.0,1.0,3,weak_wide,10000.0,ci_lower,chp_operational,66,Adm_18_49,8,28.0
2.0,1.0,3,weak_wide,10000.0,ci_lower,chp_operational,66,Adm_50_64,8,21.0
2.0,1.0,3,weak_wide,10000.0,ci_lower,chp_operational,66,Adm_65_higher,8,24.5
2.0,1.0,3,weak_wide,10000.0,ci_lower,data_derived,67,ILI_PMP,8,49.0
2.0,1.0,3,weak_wide,10000.0,ci_lower,data_derived,67,ILI_AED,8,38.5
2.0,1.0,3,weak_wide,10000.0,ci_lower,data_derived,67,ILI_CMP,8,45.5
2.0,1.0,3,weak_wide,10000.0,ci_lower,data_derived,67,ILI_School,8,31.5
2.0,1.0,3,weak_wide,10000.0,ci_lower,data_derived,67,ILI_NonSchool,8,10.5
2.0,1.0,3,weak_wide,10000.0,ci_lower,data_derived,67,Fever_RCHE,2,-3.5
2.0,1.0,3,weak_wide,10000.0,ci_lower,data_derived,67,Adm_All,8,24.5
2.0,1.0,3,weak_wide,10000.0,ci_lower,data_derived,67,Adm_0_5,8,38.5
2.0,1.0,3,weak_wide,10000.0,ci_lower,data_derived,67,Adm_6_11,8,24.5
2.0,1.0,3,weak_wide,10000.0,ci_lower,data_derived,67,Adm_12_17,8,24.5
2.0,1.0,3,weak_wide,10000.0,ci_lower,data_derived,67,Adm_18_49,8,28.0
2.0,1.0,3,weak_wide,10000.0,ci_lower,data_derived,67,Adm_50_64,8,21.0
2.0,1.0,3,weak_wide,10000.0,ci_lower,data_derived,67,Adm_65_higher,8,24.5
2.0,1.0,3,weak_wide,100000.0,posterior_mean,chp_operational,68,ILI_PMP,8,49.0
2.0,1.0,3,weak_wide,100000.0,posterior_mean,chp_operational,68,ILI_AED,8,38.5
2.0,1.0,3,weak_wide,100000.0,posterior_mean,chp_operational,68,ILI_CMP,8,45.5
2.0,1.0,3,weak_wide,100000.0,posterior_mean,chp_operational,68,ILI_School,8,31.5
2.0,1.0,3,weak_wide,100000.0,posterior_mean,chp_operational,68,ILI_NonSchool,8,28.0
2.0,1.0,3,weak_wide,100000.0,posterior_mean,chp_operational,68,Fever_RCHE,8,49.0
2.0,1.0,3,weak_wide,100000.0,posterior_mean,chp_operational,68,Adm_All,8,35.0
2.0,1.0,3,weak_wide,100000.0,posterior_mean,chp_operational,68,Adm_0_5,8,38.5
2.0,1.0,3,weak_wide,100000.0,posterior_mean,chp_operational,68,Adm_6_11,8,45.5
2.0,1.0,3,weak_wide,100000.0,posterior_mean,chp_operational,68,Adm_12_17,8,49.0
2.0,1.0,3,weak_wide,100000.0,posterior_mean,chp_operational,68,Adm_18_49,8,42.0
2.0,1.0,3,weak_wide,100000.0,posterior_mean,chp_operational,68,Adm_50_64,8,38.5
2.0,1.0,3,weak_wide,100000.0,posterior_mean,chp_operational,68,Adm_65_higher,8,28.0
2.0,1.0,3,weak_wide,100000.0,posterior_mean,data_derived,69,ILI_PMP,8,49.0
2.0,1.0,3,weak_wide,100000.0,posterior_mean,data_derived,69,ILI_AED,8,38.5
2.0,1.0,3,weak_wide,100000.0,posterior_mean,data_derived,69,ILI_CMP,8,45.5
2.0,1.0,3,weak_wide,100000.0,posterior_mean,data_derived,69,ILI_School,8,31.5
2.0,1.0,3,weak_wide,100000.0,posterior_mean,data_derived,69,ILI_NonSchool,8,28.0
2.0,1.0,3,weak_wide,100000.0,posterior_mean,data_derived,69,Fever_RCHE,8,49.0
2.0,1.0,3,weak_wide,100000.0,posterior_mean,data_derived,69,Adm_All,8,35.0
2.0,1.0,3,weak_wide,100000.0,posterior_mean,data_derived,69,Adm_0_5,8,38.5
2.0,1.0,3,weak_wide,100000.0,posterior_mean,data_derived,69,Adm_6_11,8,45.5
2.0,1.0,3,weak_wide,100000.0,posterior_mean,data_derived,69,Adm_12_17,8,49.0
2.0,1.0,3,weak_wide,100000.0,posterior_mean,data_derived,69,Adm_18_49,8,42.0
2.0,1.0,3,weak_wide,100000.0,posterior_mean,data_derived,69,Adm_50_64,8,38.5
2.0,1.0,3,weak_wide,100000.0,posterior_mean,data_derived,69,Adm_65_higher,8,28.0
2.0,1.0,3,weak_wide,100000.0,ci_lower,chp_operational,70,ILI_PMP,8,49.0
2.0,1.0,3,weak_wide,100000.0,ci_lower,chp_operational,70,ILI_AED,8,38.5
2.0,1.0,3,weak_wide,100000.0,ci_lower,chp_operational,70,ILI_CMP,8,45.5
2.0,1.0,3,weak_wide,100000.0,ci_lower,chp_operational,70,ILI_School,8,31.5
2.0,1.0,3,weak_wide,100000.0,ci_lower,chp_operational,70,ILI_NonSchool,8,10.5
2.0,1.0,3,weak_wide,100000.0,ci_lower,chp_operational,70,Fever_RCHE,8,7.0
2.0,1.0,3,weak_wide,100000.0,ci_lower,chp_operational,70,Adm_All,8,35.0
2.0,1.0,3,weak_wide,100000.0,ci_lower,chp_operational,70,Adm_0_5,8,38.5
2.0,1.0,3,weak_wide,100000.0,ci_lower,chp_operational,70,Adm_6_11,8,24.5
2.0,1.0,3,weak_wide,100000.0,ci_lower,chp_operational,70,Adm_12_17,8,24.5
2.0,1.0,3,weak_wide,100000.0,ci_lower,chp_operational,70,Adm_18_49,8,28.0
2.0,1.0,3,weak_wide,100000.0,ci_lower,chp_operational,70,Adm_50_64,8,21.0
2.0,1.0,3,weak_wide,100000.0,ci_lower,chp_operational,70,Adm_65_higher,8,24.5
2.0,1.0,3,weak_wide,100000.0,ci_lower,data_derived,71,ILI_PMP,8,49.0
2.0,1.0,3,weak_wide,100000.0,ci_lower,data_derived,71,ILI_AED,8,38.5
2.0,1.0,3,weak_wide,100000.0,ci_lower,data_derived,71,ILI_CMP,8,45.5
2.0,1.0,3,weak_wide,100000.0,ci_lower,data_derived,71,ILI_School,8,31.5
2.0,1.0,3,weak_wide,100000.0,ci_lower,data_derived,71,ILI_NonSchool,8,10.5
2.0,1.0,3,weak_wide,100000.0,ci_lower,data_derived,71,Fever_RCHE,8,10.5
2.0,1.0,3,weak_wide,100000.0,ci_lower,data_derived,71,Adm_All,8,35.0
2.0,1.0,3,weak_wide,100000.0,ci_lower,data_derived,71,Adm_0_5,8,38.5
2.0,1.0,3,weak_wide,100000.0,ci_lower,data_derived,71,Adm_6_11,8,24.5
2.0,1.0,3,weak_wide,100000.0,ci_lower,data_derived,71,Adm_12_17,8,24.5
2.0,1.0,3,weak_wide,100000.0,ci_lower,data_derived,71,Adm_18_49,8,28.0
2.0,1.0,3,weak_wide,100000.0,ci_lower,data_derived,71,Adm_50_64,8,21.0
2.0,1.0,3,weak_wide,100000.0,ci_lower,data_derived,71,Adm_65_higher,8,24.5
2.0,1.0,4,v7,1000.0,posterior_mean,chp_operational,72,ILI_PMP,8,42.0
2.0,1.0,4,v7,1000.0,posterior_mean,chp_operational,72,ILI_AED,8,35.0
2.0,1.0,4,v7,1000.0,posterior_mean,chp_operational,72,ILI_CMP,8,38.5
2.0,1.0,4,v7,1000.0,posterior_mean,chp_operational,72,ILI_School,8,28.0
2.0,1.0,4,v7,1000.0,posterior_mean,chp_operational,72,ILI_NonSchool,8,10.5
2.0,1.0,4,v7,1000.0,posterior_mean,chp_operational,72,Fever_RCHE,0,
2.0,1.0,4,v7,1000.0,posterior_mean,chp_operational,72,Adm_All,8,28.0
2.0,1.0,4,v7,1000.0,posterior_mean,chp_operational,72,Adm_0_5,8,24.5
2.0,1.0,4,v7,1000.0,posterior_mean,chp_operational,72,Adm_6_11,8,24.5
2.0,1.0,4,v7,1000.0,posterior_mean,chp_operational,72,Adm_12_17,8,24.5
2.0,1.0,4,v7,1000.0,posterior_mean,chp_operational,72,Adm_18_49,8,21.0
2.0,1.0,4,v7,1000.0,posterior_mean,chp_operational,72,Adm_50_64,8,17.5
2.0,1.0,4,v7,1000.0,posterior_mean,chp_operational,72,Adm_65_higher,8,24.5
2.0,1.0,4,v7,1000.0,posterior_mean,data_derived,73,ILI_PMP,8,42.0
2.0,1.0,4,v7,1000.0,posterior_mean,data_derived,73,ILI_AED,8,35.0
2.0,1.0,4,v7,1000.0,posterior_mean,data_derived,73,ILI_CMP,8,38.5
2.0,1.0,4,v7,1000.0,posterior_mean,data_derived,73,ILI_School,8,28.0
2.0,1.0,4,v7,1000.0,posterior_mean,data_derived,73,ILI_NonSchool,8,10.5
2.0,1.0,4,v7,1000.0,posterior_mean,data_derived,73,Fever_RCHE,0,
2.0,1.0,4,v7,1000.0,posterior_mean,data_derived,73,Adm_All,8,28.0
2.0,1.0,4,v7,1000.0,posterior_mean,data_derived,73,Adm_0_5,8,24.5
2.0,1.0,4,v7,1000.0,posterior_mean,data_derived,73,Adm_6_11,8,24.5
2.0,1.0,4,v7,1000.0,posterior_mean,data_derived,73,Adm_12_17,8,24.5
2.0,1.0,4,v7,1000.0,posterior_mean,data_derived,73,Adm_18_49,8,21.0
2.0,1.0,4,v7,1000.0,posterior_mean,data_derived,73,Adm_50_64,8,17.5
2.0,1.0,4,v7,1000.0,posterior_mean,data_derived,73,Adm_65_higher,8,24.5
2.0,1.0,4,v7,1000.0,ci_lower,chp_operational,74,ILI_PMP,8,42.0
2.0,1.0,4,v7,1000.0,ci_lower,chp_operational,74,ILI_AED,8,35.0
2.0,1.0,4,v7,1000.0,ci_lower,chp_operational,74,ILI_CMP,8,35.0
2.0,1.0,4,v7,1000.0,ci_lower,chp_operational,74,ILI_School,8,28.0
2.0,1.0,4,v7,1000.0,ci_lower,chp_operational,74,ILI_NonSchool,8,10.5
2.0,1.0,4,v7,1000.0,ci_lower,chp_operational,74,Fever_RCHE,0,
2.0,1.0,4,v7,1000.0,ci_lower,chp_operational,74,Adm_All,8,14.0
2.0,1.0,4,v7,1000.0,ci_lower,chp_operational,74,Adm_0_5,8,24.5
2.0,1.0,4,v7,1000.0,ci_lower,chp_operational,74,Adm_6_11,8,24.5
2.0,1.0,4,v7,1000.0,ci_lower,chp_operational,74,Adm_12_17,8,24.5
2.0,1.0,4,v7,1000.0,ci_lower,chp_operational,74,Adm_18_49,8,-3.5
2.0,1.0,4,v7,1000.0,ci_lower,chp_operational,74,Adm_50_64,8,3.5
2.0,1.0,4,v7,1000.0,ci_lower,chp_operational,74,Adm_65_higher,8,21.0
2.0,1.0,4,v7,1000.0,ci_lower,data_derived,75,ILI_PMP,8,42.0
2.0,1.0,4,v7,1000.0,ci_lower,data_derived,75,ILI_AED,8,35.0
2.0,1.0,4,v7,1000.0,ci_lower,data_derived,75,ILI_CMP,8,35.0
2.0,1.0,4,v7,1000.0,ci_lower,data_derived,75,ILI_School,8,28.0
2.0,1.0,4,v7,1000.0,ci_lower,data_derived,75,ILI_NonSchool,8,10.5
2.0,1.0,4,v7,1000.0,ci_lower,data_derived,75,Fever_RCHE,0,
2.0,1.0,4,v7,1000.0,ci_lower,data_derived,75,Adm_All,8,17.5
2.0,1.0,4,v7,1000.0,ci_lower,data_derived,75,Adm_0_5,8,24.5
2.0,1.0,4,v7,1000.0,ci_lower,data_derived,75,Adm_6_11,8,24.5
2.0,1.0,4,v7,1000.0,ci_lower,data_derived,75,Adm_12_17,8,24.5
2.0,1.0,4,v7,1000.0,ci_lower,data_derived,75,Adm_18_49,8,-3.5
2.0,1.0,4,v7,1000.0,ci_lower,data_derived,75,Adm_50_64,8,7.0
2.0,1.0,4,v7,1000.0,ci_lower,data_derived,75,Adm_65_higher,8,21.0
2.0,1.0,4,v7,10000.0,posterior_mean,chp_operational,76,ILI_PMP,8,42.0
2.0,1.0,4,v7,10000.0,posterior_mean,chp_operational,76,ILI_AED,8,35.0
2.0,1.0,4,v7,10000.0,posterior_mean,chp_operational,76,ILI_CMP,8,38.5
2.0,1.0,4,v7,10000.0,posterior_mean,chp_operational,76,ILI_School,8,28.0
2.0,1.0,4,v7,10000.0,posterior_mean,chp_operational,76,ILI_NonSchool,8,10.5
2.0,1.0,4,v7,10000.0,posterior_mean,chp_operational,76,Fever_RCHE,8,-14.0
2.0,1.0,4,v7,10000.0,posterior_mean,chp_operational,76,Adm_All,8,35.0
2.0,1.0,4,v7,10000.0,posterior_mean,chp_operational,76,Adm_0_5,8,24.5
2.0,1.0,4,v7,10000.0,posterior_mean,chp_operational,76,Adm_6_11,8,24.5
2.0,1.0,4,v7,10000.0,posterior_mean,chp_operational,76,Adm_12_17,8,24.5
2.0,1.0,4,v7,10000.0,posterior_mean,chp_operational,76,Adm_18_49,8,35.0
2.0,1.0,4,v7,10000.0,posterior_mean,chp_operational,76,Adm_50_64,8,17.5
2.0,1.0,4,v7,10000.0,posterior_mean,chp_operational,76,Adm_65_higher,8,24.5
2.0,1.0,4,v7,10000.0,posterior_mean,data_derived,77,ILI_PMP,8,42.0
2.0,1.0,4,v7,10000.0,posterior_mean,data_derived,77,ILI_AED,8,35.0
2.0,1.0,4,v7,10000.0,posterior_mean,data_derived,77,ILI_CMP,8,38.5
2.0,1.0,4,v7,10000.0,posterior_mean,data_derived,77,ILI_School,8,28.0
2.0,1.0,4,v7,10000.0,posterior_mean,data_derived,77,ILI_NonSchool,8,10.5
2.0,1.0,4,v7,10000.0,posterior_mean,data_derived,77,Fever_RCHE,8,-14.0
2.0,1.0,4,v7,10000.0,posterior_mean,data_derived,77,Adm_All,8,35.0
2.0,1.0,4,v7,10000.0,posterior_mean,data_derived,77,Adm_0_5,8,24.5
2.0,1.0,4,v7,10000.0,posterior_mean,data_derived,77,Adm_6_11,8,24.5
2.0,1.0,4,v7,10000.0,posterior_mean,data_derived,77,Adm_12_17,8,24.5
2.0,1.0,4,v7,10000.0,posterior_mean,data_derived,77,Adm_18_49,8,35.0
2.0,1.0,4,v7,10000.0,posterior_mean,data_derived,77,Adm_50_64,8,17.5
2.0,1.0,4,v7,10000.0,posterior_mean,data_derived,77,Adm_65_higher,8,24.5
2.0,1.0,4,v7,10000.0,ci_lower,chp_operational,78,ILI_PMP,8,42.0
2.0,1.0,4,v7,10000.0,ci_lower,chp_operational,78,ILI_AED,8,35.0
2.0,1.0,4,v7,10000.0,ci_lower,chp_operational,78,ILI_CMP,8,35.0
2.0,1.0,4,v7,10000.0,ci_lower,chp_operational,78,ILI_School,8,28.0
2.0,1.0,4,v7,10000.0,ci_lower,chp_operational,78,ILI_NonSchool,8,10.5
2.0,1.0,4,v7,10000.0,ci_lower,chp_operational,78,Fever_RCHE,0,
2.0,1.0,4,v7,10000.0,ci_lower,chp_operational,78,Adm_All,8,31.5
2.0,1.0,4,v7,10000.0,ci_lower,chp_operational,78,Adm_0_5,8,24.5
2.0,1.0,4,v7,10000.0,ci_lower,chp_operational,78,Adm_6_11,8,24.5
2.0,1.0,4,v7,10000.0,ci_lower,chp_operational,78,Adm_12_17,8,24.5
2.0,1.0,4,v7,10000.0,ci_lower,chp_operational,78,Adm_18_49,8,35.0
2.0,1.0,4,v7,10000.0,ci_lower,chp_operational,78,Adm_50_64,8,17.5
2.0,1.0,4,v7,10000.0,ci_lower,chp_operational,78,Adm_65_higher,8,24.5
2.0,1.0,4,v7,10000.0,ci_lower,data_derived,79,ILI_PMP,8,42.0
2.0,1.0,4,v7,10000.0,ci_lower,data_derived,79,ILI_AED,8,35.0
2.0,1.0,4,v7,10000.0,ci_lower,data_derived,79,ILI_CMP,8,35.0
2.0,1.0,4,v7,10000.0,ci_lower,data_derived,79,ILI_School,8,28.0
2.0,1.0,4,v7,10000.0,ci_lower,data_derived,79,ILI_NonSchool,8,10.5
2.0,1.0,4,v7,10000.0,ci_lower,data_derived,79,Fever_RCHE,0,
2.0,1.0,4,v7,10000.0,ci_lower,data_derived,79,Adm_All,8,31.5
2.0,1.0,4,v7,10000.0,ci_lower,data_derived,79,Adm_0_5,8,24.5
2.0,1.0,4,v7,10000.0,ci_lower,data_derived,79,Adm_6_11,8,24.5
2.0,1.0,4,v7,10000.0,ci_lower,data_derived,79,Adm_12_17,8,24.5
2.0,1.0,4,v7,10000.0,ci_lower,data_derived,79,Adm_18_49,8,35.0
2.0,1.0,4,v7,10000.0,ci_lower,data_derived,79,Adm_50_64,8,17.5
2.0,1.0,4,v7,10000.0,ci_lower,data_derived,79,Adm_65_higher,8,24.5
2.0,1.0,4,v7,100000.0,posterior_mean,chp_operational,80,ILI_PMP,8,42.0
2.0,1.0,4,v7,100000.0,posterior_mean,chp_operational,80,ILI_AED,8,35.0
2.0,1.0,4,v7,100000.0,posterior_mean,chp_operational,80,ILI_CMP,8,38.5
2.0,1.0,4,v7,100000.0,posterior_mean,chp_operational,80,ILI_School,8,28.0
2.0,1.0,4,v7,100000.0,posterior_mean,chp_operational,80,ILI_NonSchool,8,10.5
2.0,1.0,4,v7,100000.0,posterior_mean,chp_operational,80,Fever_RCHE,8,38.5
2.0,1.0,4,v7,100000.0,posterior_mean,chp_operational,80,Adm_All,8,35.0
2.0,1.0,4,v7,100000.0,posterior_mean,chp_operational,80,Adm_0_5,8,24.5
2.0,1.0,4,v7,100000.0,posterior_mean,chp_operational,80,Adm_6_11,8,24.5
2.0,1.0,4,v7,100000.0,posterior_mean,chp_operational,80,Adm_12_17,8,24.5
2.0,1.0,4,v7,100000.0,posterior_mean,chp_operational,80,Adm_18_49,8,35.0
2.0,1.0,4,v7,100000.0,posterior_mean,chp_operational,80,Adm_50_64,8,17.5
2.0,1.0,4,v7,100000.0,posterior_mean,chp_operational,80,Adm_65_higher,8,24.5
2.0,1.0,4,v7,100000.0,posterior_mean,data_derived,81,ILI_PMP,8,42.0
2.0,1.0,4,v7,100000.0,posterior_mean,data_derived,81,ILI_AED,8,35.0
2.0,1.0,4,v7,100000.0,posterior_mean,data_derived,81,ILI_CMP,8,38.5
2.0,1.0,4,v7,100000.0,posterior_mean,data_derived,81,ILI_School,8,28.0
2.0,1.0,4,v7,100000.0,posterior_mean,data_derived,81,ILI_NonSchool,8,10.5
2.0,1.0,4,v7,100000.0,posterior_mean,data_derived,81,Fever_RCHE,8,38.5
2.0,1.0,4,v7,100000.0,posterior_mean,data_derived,81,Adm_All,8,35.0
2.0,1.0,4,v7,100000.0,posterior_mean,data_derived,81,Adm_0_5,8,24.5
2.0,1.0,4,v7,100000.0,posterior_mean,data_derived,81,Adm_6_11,8,24.5
2.0,1.0,4,v7,100000.0,posterior_mean,data_derived,81,Adm_12_17,8,24.5
2.0,1.0,4,v7,100000.0,posterior_mean,data_derived,81,Adm_18_49,8,35.0
2.0,1.0,4,v7,100000.0,posterior_mean,data_derived,81,Adm_50_64,8,17.5
2.0,1.0,4,v7,100000.0,posterior_mean,data_derived,81,Adm_65_higher,8,24.5
2.0,1.0,4,v7,100000.0,ci_lower,chp_operational,82,ILI_PMP,8,42.0
2.0,1.0,4,v7,100000.0,ci_lower,chp_operational,82,ILI_AED,8,35.0
2.0,1.0,4,v7,100000.0,ci_lower,chp_operational,82,ILI_CMP,8,38.5
2.0,1.0,4,v7,100000.0,ci_lower,chp_operational,82,ILI_School,8,28.0
2.0,1.0,4,v7,100000.0,ci_lower,chp_operational,82,ILI_NonSchool,8,10.5
2.0,1.0,4,v7,100000.0,ci_lower,chp_operational,82,Fever_RCHE,8,7.0
2.0,1.0,4,v7,100000.0,ci_lower,chp_operational,82,Adm_All,8,31.5
2.0,1.0,4,v7,100000.0,ci_lower,chp_operational,82,Adm_0_5,8,24.5
2.0,1.0,4,v7,100000.0,ci_lower,chp_operational,82,Adm_6_11,8,24.5
2.0,1.0,4,v7,100000.0,ci_lower,chp_operational,82,Adm_12_17,8,24.5
2.0,1.0,4,v7,100000.0,ci_lower,chp_operational,82,Adm_18_49,8,35.0
2.0,1.0,4,v7,100000.0,ci_lower,chp_operational,82,Adm_50_64,8,17.5
2.0,1.0,4,v7,100000.0,ci_lower,chp_operational,82,Adm_65_higher,8,24.5
2.0,1.0,4,v7,100000.0,ci_lower,data_derived,83,ILI_PMP,8,42.0
2.0,1.0,4,v7,100000.0,ci_lower,data_derived,83,ILI_AED,8,35.0
2.0,1.0,4,v7,100000.0,ci_lower,data_derived,83,ILI_CMP,8,38.5
2.0,1.0,4,v7,100000.0,ci_lower,data_derived,83,ILI_School,8,28.0
2.0,1.0,4,v7,100000.0,ci_lower,data_derived,83,ILI_NonSchool,8,10.5
2.0,1.0,4,v7,100000.0,ci_lower,data_derived,83,Fever_RCHE,8,7.0
2.0,1.0,4,v7,100000.0,ci_lower,data_derived,83,Adm_All,8,31.5
2.0,1.0,4,v7,100000.0,ci_lower,data_derived,83,Adm_0_5,8,24.5
2.0,1.0,4,v7,100000.0,ci_lower,data_derived,83,Adm_6_11,8,24.5
2.0,1.0,4,v7,100000.0,ci_lower,data_derived,83,Adm_12_17,8,24.5
2.0,1.0,4,v7,100000.0,ci_lower,data_derived,83,Adm_18_49,8,35.0
2.0,1.0,4,v7,100000.0,ci_lower,data_derived,83,Adm_50_64,8,17.5
2.0,1.0,4,v7,100000.0,ci_lower,data_derived,83,Adm_65_higher,8,24.5
2.0,1.0,4,vague,1000.0,posterior_mean,chp_operational,84,ILI_PMP,8,42.0
2.0,1.0,4,vague,1000.0,posterior_mean,chp_operational,84,ILI_AED,8,35.0
2.0,1.0,4,vague,1000.0,posterior_mean,chp_operational,84,ILI_CMP,6,-45.5
2.0,1.0,4,vague,1000.0,posterior_mean,chp_operational,84,ILI_School,8,28.0
2.0,1.0,4,vague,1000.0,posterior_mean,chp_operational,84,ILI_NonSchool,8,7.0
2.0,1.0,4,vague,1000.0,posterior_mean,chp_operational,84,Fever_RCHE,0,
2.0,1.0,4,vague,1000.0,posterior_mean,chp_operational,84,Adm_All,3,-35.0
2.0,1.0,4,vague,1000.0,posterior_mean,chp_operational,84,Adm_0_5,8,-14.0
2.0,1.0,4,vague,1000.0,posterior_mean,chp_operational,84,Adm_6_11,5,-42.0
2.0,1.0,4,vague,1000.0,posterior_mean,chp_operational,84,Adm_12_17,1,-308.0
2.0,1.0,4,vague,1000.0,posterior_mean,chp_operational,84,Adm_18_49,0,
2.0,1.0,4,vague,1000.0,posterior_mean,chp_operational,84,Adm_50_64,0,
2.0,1.0,4,vague,1000.0,posterior_mean,chp_operational,84,Adm_65_higher,6,-24.5
2.0,1.0,4,vague,1000.0,posterior_mean,data_derived,85,ILI_PMP,8,42.0
2.0,1.0,4,vague,1000.0,posterior_mean,data_derived,85,ILI_AED,8,35.0
2.0,1.0,4,vague,1000.0,posterior_mean,data_derived,85,ILI_CMP,6,-45.5
2.0,1.0,4,vague,1000.0,posterior_mean,data_derived,85,ILI_School,8,28.0
2.0,1.0,4,vague,1000.0,posterior_mean,data_derived,85,ILI_NonSchool,8,7.0
2.0,1.0,4,vague,1000.0,posterior_mean,data_derived,85,Fever_RCHE,0,
2.0,1.0,4,vague,1000.0,posterior_mean,data_derived,85,Adm_All,3,-35.0
2.0,1.0,4,vague,1000.0,posterior_mean,data_derived,85,Adm_0_5,8,-10.5
2.0,1.0,4,vague,1000.0,posterior_mean,data_derived,85,Adm_6_11,5,-35.0
2.0,1.0,4,vague,1000.0,posterior_mean,data_derived,85,Adm_12_17,1,-301.0
2.0,1.0,4,vague,1000.0,posterior_mean,data_derived,85,Adm_18_49,0,
2.0,1.0,4,vague,1000.0,posterior_mean,data_derived,85,Adm_50_64,0,
2.0,1.0,4,vague,1000.0,posterior_mean,data_derived,85,Adm_65_higher,6,-24.5
2.0,1.0,4,vague,1000.0,ci_lower,chp_operational,86,ILI_PMP,8,42.0
2.0,1.0,4,vague,1000.0,ci_lower,chp_operational,86,ILI_AED,8,28.0
2.0,1.0,4,vague,1000.0,ci_lower,chp_operational,86,ILI_CMP,6,-45.5
2.0,1.0,4,vague,1000.0,ci_lower,chp_operational,86,ILI_School,8,21.0
2.0,1.0,4,vague,1000.0,ci_lower,chp_operational,86,ILI_NonSchool,8,-10.5
2.0,1.0,4,vague,1000.0,ci_lower,chp_operational,86,Fever_RCHE,0,
2.0,1.0,4,vague,1000.0,ci_lower,chp_operational,86,Adm_All,2,-66.5
2.0,1.0,4,vague,1000.0,ci_lower,chp_operational,86,Adm_0_5,7,-14.0
2.0,1.0,4,vague,1000.0,ci_lower,chp_operational,86,Adm_6_11,5,-42.0
2.0,1.0,4,vague,1000.0,ci_lower,chp_operational,86,Adm_12_17,0,
2.0,1.0,4,vague,1000.0,ci_lower,chp_operational,86,Adm_18_49,0,
2.0,1.0,4,vague,1000.0,ci_lower,chp_operational,86,Adm_50_64,0,
2.0,1.0,4,vague,1000.0,ci_lower,chp_operational,86,Adm_65_higher,6,-24.5
2.0,1.0,4,vague,1000.0,ci_lower,data_derived,87,ILI_PMP,8,42.0
2.0,1.0,4,vague,1000.0,ci_lower,data_derived,87,ILI_AED,8,28.0
2.0,1.0,4,vague,1000.0,ci_lower,data_derived,87,ILI_CMP,6,-45.5
2.0,1.0,4,vague,1000.0,ci_lower,data_derived,87,ILI_School,8,21.0
2.0,1.0,4,vague,1000.0,ci_lower,data_derived,87,ILI_NonSchool,8,-10.5
2.0,1.0,4,vague,1000.0,ci_lower,data_derived,87,Fever_RCHE,0,
2.0,1.0,4,vague,1000.0,ci_lower,data_derived,87,Adm_All,2,-63.0
2.0,1.0,4,vague,1000.0,ci_lower,data_derived,87,Adm_0_5,7,-7.0
2.0,1.0,4,vague,1000.0,ci_lower,data_derived,87,Adm_6_11,5,-35.0
2.0,1.0,4,vague,1000.0,ci_lower,data_derived,87,Adm_12_17,0,
2.0,1.0,4,vague,1000.0,ci_lower,data_derived,87,Adm_18_49,0,
2.0,1.0,4,vague,1000.0,ci_lower,data_derived,87,Adm_50_64,0,
2.0,1.0,4,vague,1000.0,ci_lower,data_derived,87,Adm_65_higher,6,-24.5
2.0,1.0,4,vague,10000.0,posterior_mean,chp_operational,88,ILI_PMP,8,42.0
2.0,1.0,4,vague,10000.0,posterior_mean,chp_operational,88,ILI_AED,8,35.0
2.0,1.0,4,vague,10000.0,posterior_mean,chp_operational,88,ILI_CMP,8,35.0
2.0,1.0,4,vague,10000.0,posterior_mean,chp_operational,88,ILI_School,8,28.0
2.0,1.0,4,vague,10000.0,posterior_mean,chp_operational,88,ILI_NonSchool,8,10.5
2.0,1.0,4,vague,10000.0,posterior_mean,chp_operational,88,Fever_RCHE,0,
2.0,1.0,4,vague,10000.0,posterior_mean,chp_operational,88,Adm_All,8,-10.5
2.0,1.0,4,vague,10000.0,posterior_mean,chp_operational,88,Adm_0_5,8,14.0
2.0,1.0,4,vague,10000.0,posterior_mean,chp_operational,88,Adm_6_11,8,10.5
2.0,1.0,4,vague,10000.0,posterior_mean,chp_operational,88,Adm_12_17,8,-17.5
2.0,1.0,4,vague,10000.0,posterior_mean,chp_operational,88,Adm_18_49,7,-28.0
2.0,1.0,4,vague,10000.0,posterior_mean,chp_operational,88,Adm_50_64,8,-17.5
2.0,1.0,4,vague,10000.0,posterior_mean,chp_operational,88,Adm_65_higher,8,-3.5
2.0,1.0,4,vague,10000.0,posterior_mean,data_derived,89,ILI_PMP,8,42.0
2.0,1.0,4,vague,10000.0,posterior_mean,data_derived,89,ILI_AED,8,35.0
2.0,1.0,4,vague,10000.0,posterior_mean,data_derived,89,ILI_CMP,8,35.0
2.0,1.0,4,vague,10000.0,posterior_mean,data_derived,89,ILI_School,8,28.0
2.0,1.0,4,vague,10000.0,posterior_mean,data_derived,89,ILI_NonSchool,8,10.5
2.0,1.0,4,vague,10000.0,posterior_mean,data_derived,89,Fever_RCHE,0,
2.0,1.0,4,vague,10000.0,posterior_mean,data_derived,89,Adm_All,8,-7.0
2.0,1.0,4,vague,10000.0,posterior_mean,data_derived,89,Adm_0_5,8,17.5
2.0,1.0,4,vague,10000.0,posterior_mean,data_derived,89,Adm_6_11,8,14.0
2.0,1.0,4,vague,10000.0,posterior_mean,data_derived,89,Adm_12_17,8,-14.0
2.0,1.0,4,vague,10000.0,posterior_mean,data_derived,89,Adm_18_49,7,-21.0
2.0,1.0,4,vague,10000.0,posterior_mean,data_derived,89,Adm_50_64,8,-14.0
2.0,1.0,4,vague,10000.0,posterior_mean,data_derived,89,Adm_65_higher,8,0.0
2.0,1.0,4,vague,10000.0,ci_lower,chp_operational,90,ILI_PMP,8,42.0
2.0,1.0,4,vague,10000.0,ci_lower,chp_operational,90,ILI_AED,8,35.0
2.0,1.0,4,vague,10000.0,ci_lower,chp_operational,90,ILI_CMP,8,35.0
2.0,1.0,4,vague,10000.0,ci_lower,chp_operational,90,ILI_School,8,28.0
2.0,1.0,4,vague,10000.0,ci_lower,chp_operational,90,ILI_NonSchool,8,10.5
2.0,1.0,4,vague,10000.0,ci_lower,chp_operational,90,Fever_RCHE,0,
2.0,1.0,4,vague,10000.0,ci_lower,chp_operational,90,Adm_All,8,-10.5
2.0,1.0,4,vague,10000.0,ci_lower,chp_operational,90,Adm_0_5,8,10.5
2.0,1.0,4,vague,10000.0,ci_lower,chp_operational,90,Adm_6_11,8,10.5
2.0,1.0,4,vague,10000.0,ci_lower,chp_operational,90,Adm_12_17,8,-17.5
2.0,1.0,4,vague,10000.0,ci_lower,chp_operational,90,Adm_18_49,7,-28.0
2.0,1.0,4,vague,10000.0,ci_lower,chp_operational,90,Adm_50_64,8,-17.5
2.0,1.0,4,vague,10000.0,ci_lower,chp_operational,90,Adm_65_higher,8,-3.5
2.0,1.0,4,vague,10000.0,ci_lower,data_derived,91,ILI_PMP,8,42.0
2.0,1.0,4,vague,10000.0,ci_lower,data_derived,91,ILI_AED,8,35.0
2.0,1.0,4,vague,10000.0,ci_lower,data_derived,91,ILI_CMP,8,35.0
2.0,1.0,4,vague,10000.0,ci_lower,data_derived,91,ILI_School,8,28.0
2.0,1.0,4,vague,10000.0,ci_lower,data_derived,91,ILI_NonSchool,8,10.5
2.0,1.0,4,vague,10000.0,ci_lower,data_derived,91,Fever_RCHE,0,
2.0,1.0,4,vague,10000.0,ci_lower,data_derived,91,Adm_All,8,-7.0
2.0,1.0,4,vague,10000.0,ci_lower,data_derived,91,Adm_0_5,8,10.5
2.0,1.0,4,vague,10000.0,ci_lower,data_derived,91,Adm_6_11,8,14.0
2.0,1.0,4,vague,10000.0,ci_lower,data_derived,91,Adm_12_17,8,-14.0
2.0,1.0,4,vague,10000.0,ci_lower,data_derived,91,Adm_18_49,7,-28.0
2.0,1.0,4,vague,10000.0,ci_lower,data_derived,91,Adm_50_64,8,-14.0
2.0,1.0,4,vague,10000.0,ci_lower,data_derived,91,Adm_65_higher,8,0.0
2.0,1.0,4,vague,100000.0,posterior_mean,chp_operational,92,ILI_PMP,8,42.0
2.0,1.0,4,vague,100000.0,posterior_mean,chp_operational,92,ILI_AED,8,35.0
2.0,1.0,4,vague,100000.0,posterior_mean,chp_operational,92,ILI_CMP,8,38.5
2.0,1.0,4,vague,100000.0,posterior_mean,chp_operational,92,ILI_School,8,28.0
2.0,1.0,4,vague,100000.0,posterior_mean,chp_operational,92,ILI_NonSchool,8,10.5
2.0,1.0,4,vague,100000.0,posterior_mean,chp_operational,92,Fever_RCHE,0,
2.0,1.0,4,vague,100000.0,posterior_mean,chp_operational,92,Adm_All,8,28.0
2.0,1.0,4,vague,100000.0,posterior_mean,chp_operational,92,Adm_0_5,8,24.5
2.0,1.0,4,vague,100000.0,posterior_mean,chp_operational,92,Adm_6_11,8,24.5
2.0,1.0,4,vague,100000.0,posterior_mean,chp_operational,92,Adm_12_17,8,24.5
2.0,1.0,4,vague,100000.0,posterior_mean,chp_operational,92,Adm_18_49,8,3.5
2.0,1.0,4,vague,100000.0,posterior_mean,chp_operational,92,Adm_50_64,8,10.5
2.0,1.0,4,vague,100000.0,posterior_mean,chp_operational,92,Adm_65_higher,8,24.5
2.0,1.0,4,vague,100000.0,posterior_mean,data_derived,93,ILI_PMP,8,42.0
2.0,1.0,4,vague,100000.0,posterior_mean,data_derived,93,ILI_AED,8,35.0
2.0,1.0,4,vague,100000.0,posterior_mean,data_derived,93,ILI_CMP,8,38.5
2.0,1.0,4,vague,100000.0,posterior_mean,data_derived,93,ILI_School,8,28.0
2.0,1.0,4,vague,100000.0,posterior_mean,data_derived,93,ILI_NonSchool,8,10.5
2.0,1.0,4,vague,100000.0,posterior_mean,data_derived,93,Fever_RCHE,0,
2.0,1.0,4,vague,100000.0,posterior_mean,data_derived,93,Adm_All,8,28.0
2.0,1.0,4,vague,100000.0,posterior_mean,data_derived,93,Adm_0_5,8,24.5
2.0,1.0,4,vague,100000.0,posterior_mean,data_derived,93,Adm_6_11,8,24.5
2.0,1.0,4,vague,100000.0,posterior_mean,data_derived,93,Adm_12_17,8,24.5
2.0,1.0,4,vague,100000.0,posterior_mean,data_derived,93,Adm_18_49,8,7.0
2.0,1.0,4,vague,100000.0,posterior_mean,data_derived,93,Adm_50_64,8,10.5
2.0,1.0,4,vague,100000.0,posterior_mean,data_derived,93,Adm_65_higher,8,24.5
2.0,1.0,4,vague,100000.0,ci_lower,chp_operational,94,ILI_PMP,8,42.0
2.0,1.0,4,vague,100000.0,ci_lower,chp_operational,94,ILI_AED,8,35.0
2.0,1.0,4,vague,100000.0,ci_lower,chp_operational,94,ILI_CMP,8,35.0
2.0,1.0,4,vague,100000.0,ci_lower,chp_operational,94,ILI_School,8,28.0
2.0,1.0,4,vague,100000.0,ci_lower,chp_operational,94,ILI_NonSchool,8,10.5
2.0,1.0,4,vague,100000.0,ci_lower,chp_operational,94,Fever_RCHE,0,
2.0,1.0,4,vague,100000.0,ci_lower,chp_operational,94,Adm_All,8,21.0
2.0,1.0,4,vague,100000.0,ci_lower,chp_operational,94,Adm_0_5,8,24.5
2.0,1.0,4,vague,100000.0,ci_lower,chp_operational,94,Adm_6_11,8,24.5
2.0,1.0,4,vague,100000.0,ci_lower,chp_operational,94,Adm_12_17,8,24.5
2.0,1.0,4,vague,100000.0,ci_lower,chp_operational,94,Adm_18_49,8,3.5
2.0,1.0,4,vague,100000.0,ci_lower,chp_operational,94,Adm_50_64,8,10.5
2.0,1.0,4,vague,100000.0,ci_lower,chp_operational,94,Adm_65_higher,8,24.5
2.0,1.0,4,vague,100000.0,ci_lower,data_derived,95,ILI_PMP,8,42.0
2.0,1.0,4,vague,100000.0,ci_lower,data_derived,95,ILI_AED,8,35.0
2.0,1.0,4,vague,100000.0,ci_lower,data_derived,95,ILI_CMP,8,35.0
2.0,1.0,4,vague,100000.0,ci_lower,data_derived,95,ILI_School,8,28.0
2.0,1.0,4,vague,100000.0,ci_lower,data_derived,95,ILI_NonSchool,8,10.5
2.0,1.0,4,vague,100000.0,ci_lower,data_derived,95,Fever_RCHE,0,
2.0,1.0,4,vague,100000.0,ci_lower,data_derived,95,Adm_All,8,21.0
2.0,1.0,4,vague,100000.0,ci_lower,data_derived,95,Adm_0_5,8,24.5
2.0,1.0,4,vague,100000.0,ci_lower,data_derived,95,Adm_6_11,8,24.5
2.0,1.0,4,vague,100000.0,ci_lower,data_derived,95,Adm_12_17,8,24.5
2.0,1.0,4,vague,100000.0,ci_lower,data_derived,95,Adm_18_49,8,7.0
2.0,1.0,4,vague,100000.0,ci_lower,data_derived,95,Adm_50_64,8,10.5
2.0,1.0,4,vague,100000.0,ci_lower,data_derived,95,Adm_65_higher,8,24.5
2.0,1.0,4,weak_wide,1000.0,posterior_mean,chp_operational,96,ILI_PMP,8,42.0
2.0,1.0,4,weak_wide,1000.0,posterior_mean,chp_operational,96,ILI_AED,8,35.0
2.0,1.0,4,weak_wide,1000.0,posterior_mean,chp_operational,96,ILI_CMP,8,38.5
2.0,1.0,4,weak_wide,1000.0,posterior_mean,chp_operational,96,ILI_School,8,28.0
2.0,1.0,4,weak_wide,1000.0,posterior_mean,chp_operational,96,ILI_NonSchool,8,31.5
2.0,1.0,4,weak_wide,1000.0,posterior_mean,chp_operational,96,Fever_RCHE,8,42.0
2.0,1.0,4,weak_wide,1000.0,posterior_mean,chp_operational,96,Adm_All,8,35.0
2.0,1.0,4,weak_wide,1000.0,posterior_mean,chp_operational,96,Adm_0_5,8,28.0
2.0,1.0,4,weak_wide,1000.0,posterior_mean,chp_operational,96,Adm_6_11,8,42.0
2.0,1.0,4,weak_wide,1000.0,posterior_mean,chp_operational,96,Adm_12_17,8,42.0
2.0,1.0,4,weak_wide,1000.0,posterior_mean,chp_operational,96,Adm_18_49,8,35.0
2.0,1.0,4,weak_wide,1000.0,posterior_mean,chp_operational,96,Adm_50_64,8,35.0
2.0,1.0,4,weak_wide,1000.0,posterior_mean,chp_operational,96,Adm_65_higher,8,24.5
2.0,1.0,4,weak_wide,1000.0,posterior_mean,data_derived,97,ILI_PMP,8,42.0
2.0,1.0,4,weak_wide,1000.0,posterior_mean,data_derived,97,ILI_AED,8,35.0
2.0,1.0,4,weak_wide,1000.0,posterior_mean,data_derived,97,ILI_CMP,8,38.5
2.0,1.0,4,weak_wide,1000.0,posterior_mean,data_derived,97,ILI_School,8,28.0
2.0,1.0,4,weak_wide,1000.0,posterior_mean,data_derived,97,ILI_NonSchool,8,31.5
2.0,1.0,4,weak_wide,1000.0,posterior_mean,data_derived,97,Fever_RCHE,8,42.0
2.0,1.0,4,weak_wide,1000.0,posterior_mean,data_derived,97,Adm_All,8,35.0
2.0,1.0,4,weak_wide,1000.0,posterior_mean,data_derived,97,Adm_0_5,8,28.0
2.0,1.0,4,weak_wide,1000.0,posterior_mean,data_derived,97,Adm_6_11,8,42.0
2.0,1.0,4,weak_wide,1000.0,posterior_mean,data_derived,97,Adm_12_17,8,42.0
2.0,1.0,4,weak_wide,1000.0,posterior_mean,data_derived,97,Adm_18_49,8,35.0
2.0,1.0,4,weak_wide,1000.0,posterior_mean,data_derived,97,Adm_50_64,8,35.0
2.0,1.0,4,weak_wide,1000.0,posterior_mean,data_derived,97,Adm_65_higher,8,24.5
2.0,1.0,4,weak_wide,1000.0,ci_lower,chp_operational,98,ILI_PMP,8,42.0
2.0,1.0,4,weak_wide,1000.0,ci_lower,chp_operational,98,ILI_AED,8,35.0
2.0,1.0,4,weak_wide,1000.0,ci_lower,chp_operational,98,ILI_CMP,8,35.0
2.0,1.0,4,weak_wide,1000.0,ci_lower,chp_operational,98,ILI_School,8,28.0
2.0,1.0,4,weak_wide,1000.0,ci_lower,chp_operational,98,ILI_NonSchool,8,10.5
2.0,1.0,4,weak_wide,1000.0,ci_lower,chp_operational,98,Fever_RCHE,0,
2.0,1.0,4,weak_wide,1000.0,ci_lower,chp_operational,98,Adm_All,8,17.5
2.0,1.0,4,weak_wide,1000.0,ci_lower,chp_operational,98,Adm_0_5,8,24.5
2.0,1.0,4,weak_wide,1000.0,ci_lower,chp_operational,98,Adm_6_11,8,24.5
2.0,1.0,4,weak_wide,1000.0,ci_lower,chp_operational,98,Adm_12_17,8,24.5
2.0,1.0,4,weak_wide,1000.0,ci_lower,chp_operational,98,Adm_18_49,8,7.0
2.0,1.0,4,weak_wide,1000.0,ci_lower,chp_operational,98,Adm_50_64,8,17.5
2.0,1.0,4,weak_wide,1000.0,ci_lower,chp_operational,98,Adm_65_higher,8,21.0
2.0,1.0,4,weak_wide,1000.0,ci_lower,data_derived,99,ILI_PMP,8,42.0
2.0,1.0,4,weak_wide,1000.0,ci_lower,data_derived,99,ILI_AED,8,35.0
2.0,1.0,4,weak_wide,1000.0,ci_lower,data_derived,99,ILI_CMP,8,35.0
2.0,1.0,4,weak_wide,1000.0,ci_lower,data_derived,99,ILI_School,8,28.0
2.0,1.0,4,weak_wide,1000.0,ci_lower,data_derived,99,ILI_NonSchool,8,10.5
2.0,1.0,4,weak_wide,1000.0,ci_lower,data_derived,99,Fever_RCHE,0,
2.0,1.0,4,weak_wide,1000.0,ci_lower,data_derived,99,Adm_All,8,17.5
2.0,1.0,4,weak_wide,1000.0,ci_lower,data_derived,99,Adm_0_5,8,24.5
2.0,1.0,4,weak_wide,1000.0,ci_lower,data_derived,99,Adm_6_11,8,24.5
2.0,1.0,4,weak_wide,1000.0,ci_lower,data_derived,99,Adm_12_17,8,24.5
2.0,1.0,4,weak_wide,1000.0,ci_lower,data_derived,99,Adm_18_49,8,7.0
2.0,1.0,4,weak_wide,1000.0,ci_lower,data_derived,99,Adm_50_64,8,17.5
2.0,1.0,4,weak_wide,1000.0,ci_lower,data_derived,99,Adm_65_higher,8,21.0
2.0,1.0,4,weak_wide,10000.0,posterior_mean,chp_operational,100,ILI_PMP,8,42.0
2.0,1.0,4,weak_wide,10000.0,posterior_mean,chp_operational,100,ILI_AED,8,35.0
2.0,1.0,4,weak_wide,10000.0,posterior_mean,chp_operational,100,ILI_CMP,8,38.5
2.0,1.0,4,weak_wide,10000.0,posterior_mean,chp_operational,100,ILI_School,8,28.0
2.0,1.0,4,weak_wide,10000.0,posterior_mean,chp_operational,100,ILI_NonSchool,8,24.5
2.0,1.0,4,weak_wide,10000.0,posterior_mean,chp_operational,100,Fever_RCHE,8,42.0
2.0,1.0,4,weak_wide,10000.0,posterior_mean,chp_operational,100,Adm_All,8,35.0
2.0,1.0,4,weak_wide,10000.0,posterior_mean,chp_operational,100,Adm_0_5,8,28.0
2.0,1.0,4,weak_wide,10000.0,posterior_mean,chp_operational,100,Adm_6_11,8,42.0
2.0,1.0,4,weak_wide,10000.0,posterior_mean,chp_operational,100,Adm_12_17,8,42.0
2.0,1.0,4,weak_wide,10000.0,posterior_mean,chp_operational,100,Adm_18_49,8,35.0
2.0,1.0,4,weak_wide,10000.0,posterior_mean,chp_operational,100,Adm_50_64,8,35.0
2.0,1.0,4,weak_wide,10000.0,posterior_mean,chp_operational,100,Adm_65_higher,8,24.5
2.0,1.0,4,weak_wide,10000.0,posterior_mean,data_derived,101,ILI_PMP,8,42.0
2.0,1.0,4,weak_wide,10000.0,posterior_mean,data_derived,101,ILI_AED,8,35.0
2.0,1.0,4,weak_wide,10000.0,posterior_mean,data_derived,101,ILI_CMP,8,38.5
2.0,1.0,4,weak_wide,10000.0,posterior_mean,data_derived,101,ILI_School,8,28.0
2.0,1.0,4,weak_wide,10000.0,posterior_mean,data_derived,101,ILI_NonSchool,8,24.5
2.0,1.0,4,weak_wide,10000.0,posterior_mean,data_derived,101,Fever_RCHE,8,42.0
2.0,1.0,4,weak_wide,10000.0,posterior_mean,data_derived,101,Adm_All,8,35.0
2.0,1.0,4,weak_wide,10000.0,posterior_mean,data_derived,101,Adm_0_5,8,28.0
2.0,1.0,4,weak_wide,10000.0,posterior_mean,data_derived,101,Adm_6_11,8,42.0
2.0,1.0,4,weak_wide,10000.0,posterior_mean,data_derived,101,Adm_12_17,8,42.0
2.0,1.0,4,weak_wide,10000.0,posterior_mean,data_derived,101,Adm_18_49,8,35.0
2.0,1.0,4,weak_wide,10000.0,posterior_mean,data_derived,101,Adm_50_64,8,35.0
2.0,1.0,4,weak_wide,10000.0,posterior_mean,data_derived,101,Adm_65_higher,8,24.5
2.0,1.0,4,weak_wide,10000.0,ci_lower,chp_operational,102,ILI_PMP,8,42.0
2.0,1.0,4,weak_wide,10000.0,ci_lower,chp_operational,102,ILI_AED,8,35.0
2.0,1.0,4,weak_wide,10000.0,ci_lower,chp_operational,102,ILI_CMP,8,35.0
2.0,1.0,4,weak_wide,10000.0,ci_lower,chp_operational,102,ILI_School,8,28.0
2.0,1.0,4,weak_wide,10000.0,ci_lower,chp_operational,102,ILI_NonSchool,8,10.5
2.0,1.0,4,weak_wide,10000.0,ci_lower,chp_operational,102,Fever_RCHE,4,-45.5
2.0,1.0,4,weak_wide,10000.0,ci_lower,chp_operational,102,Adm_All,8,31.5
2.0,1.0,4,weak_wide,10000.0,ci_lower,chp_operational,102,Adm_0_5,8,24.5
2.0,1.0,4,weak_wide,10000.0,ci_lower,chp_operational,102,Adm_6_11,8,24.5
2.0,1.0,4,weak_wide,10000.0,ci_lower,chp_operational,102,Adm_12_17,8,24.5
2.0,1.0,4,weak_wide,10000.0,ci_lower,chp_operational,102,Adm_18_49,8,35.0
2.0,1.0,4,weak_wide,10000.0,ci_lower,chp_operational,102,Adm_50_64,8,17.5
2.0,1.0,4,weak_wide,10000.0,ci_lower,chp_operational,102,Adm_65_higher,8,24.5
2.0,1.0,4,weak_wide,10000.0,ci_lower,data_derived,103,ILI_PMP,8,42.0
2.0,1.0,4,weak_wide,10000.0,ci_lower,data_derived,103,ILI_AED,8,35.0
2.0,1.0,4,weak_wide,10000.0,ci_lower,data_derived,103,ILI_CMP,8,35.0
2.0,1.0,4,weak_wide,10000.0,ci_lower,data_derived,103,ILI_School,8,28.0
2.0,1.0,4,weak_wide,10000.0,ci_lower,data_derived,103,ILI_NonSchool,8,10.5
2.0,1.0,4,weak_wide,10000.0,ci_lower,data_derived,103,Fever_RCHE,4,-38.5
2.0,1.0,4,weak_wide,10000.0,ci_lower,data_derived,103,Adm_All,8,31.5
2.0,1.0,4,weak_wide,10000.0,ci_lower,data_derived,103,Adm_0_5,8,24.5
2.0,1.0,4,weak_wide,10000.0,ci_lower,data_derived,103,Adm_6_11,8,24.5
2.0,1.0,4,weak_wide,10000.0,ci_lower,data_derived,103,Adm_12_17,8,24.5
2.0,1.0,4,weak_wide,10000.0,ci_lower,data_derived,103,Adm_18_49,8,35.0
2.0,1.0,4,weak_wide,10000.0,ci_lower,data_derived,103,Adm_50_64,8,17.5
2.0,1.0,4,weak_wide,10000.0,ci_lower,data_derived,103,Adm_65_higher,8,24.5
2.0,1.0,4,weak_wide,100000.0,posterior_mean,chp_operational,104,ILI_PMP,8,42.0
2.0,1.0,4,weak_wide,100000.0,posterior_mean,chp_operational,104,ILI_AED,8,35.0
2.0,1.0,4,weak_wide,100000.0,posterior_mean,chp_operational,104,ILI_CMP,8,38.5
2.0,1.0,4,weak_wide,100000.0,posterior_mean,chp_operational,104,ILI_School,8,28.0
2.0,1.0,4,weak_wide,100000.0,posterior_mean,chp_operational,104,ILI_NonSchool,8,24.5
2.0,1.0,4,weak_wide,100000.0,posterior_mean,chp_operational,104,Fever_RCHE,8,42.0
2.0,1.0,4,weak_wide,100000.0,posterior_mean,chp_operational,104,Adm_All,8,35.0
2.0,1.0,4,weak_wide,100000.0,posterior_mean,chp_operational,104,Adm_0_5,8,24.5
2.0,1.0,4,weak_wide,100000.0,posterior_mean,chp_operational,104,Adm_6_11,8,38.5
2.0,1.0,4,weak_wide,100000.0,posterior_mean,chp_operational,104,Adm_12_17,8,42.0
2.0,1.0,4,weak_wide,100000.0,posterior_mean,chp_operational,104,Adm_18_49,8,35.0
2.0,1.0,4,weak_wide,100000.0,posterior_mean,chp_operational,104,Adm_50_64,8,35.0
2.0,1.0,4,weak_wide,100000.0,posterior_mean,chp_operational,104,Adm_65_higher,8,24.5
2.0,1.0,4,weak_wide,100000.0,posterior_mean,data_derived,105,ILI_PMP,8,42.0
2.0,1.0,4,weak_wide,100000.0,posterior_mean,data_derived,105,ILI_AED,8,35.0
2.0,1.0,4,weak_wide,100000.0,posterior_mean,data_derived,105,ILI_CMP,8,38.5
2.0,1.0,4,weak_wide,100000.0,posterior_mean,data_derived,105,ILI_School,8,28.0
2.0,1.0,4,weak_wide,100000.0,posterior_mean,data_derived,105,ILI_NonSchool,8,24.5
2.0,1.0,4,weak_wide,100000.0,posterior_mean,data_derived,105,Fever_RCHE,8,42.0
2.0,1.0,4,weak_wide,100000.0,posterior_mean,data_derived,105,Adm_All,8,35.0
2.0,1.0,4,weak_wide,100000.0,posterior_mean,data_derived,105,Adm_0_5,8,24.5
2.0,1.0,4,weak_wide,100000.0,posterior_mean,data_derived,105,Adm_6_11,8,38.5
2.0,1.0,4,weak_wide,100000.0,posterior_mean,data_derived,105,Adm_12_17,8,42.0
2.0,1.0,4,weak_wide,100000.0,posterior_mean,data_derived,105,Adm_18_49,8,35.0
2.0,1.0,4,weak_wide,100000.0,posterior_mean,data_derived,105,Adm_50_64,8,35.0
2.0,1.0,4,weak_wide,100000.0,posterior_mean,data_derived,105,Adm_65_higher,8,24.5
2.0,1.0,4,weak_wide,100000.0,ci_lower,chp_operational,106,ILI_PMP,8,42.0
2.0,1.0,4,weak_wide,100000.0,ci_lower,chp_operational,106,ILI_AED,8,35.0
2.0,1.0,4,weak_wide,100000.0,ci_lower,chp_operational,106,ILI_CMP,8,38.5
2.0,1.0,4,weak_wide,100000.0,ci_lower,chp_operational,106,ILI_School,8,28.0
2.0,1.0,4,weak_wide,100000.0,ci_lower,chp_operational,106,ILI_NonSchool,8,10.5
2.0,1.0,4,weak_wide,100000.0,ci_lower,chp_operational,106,Fever_RCHE,8,7.0
2.0,1.0,4,weak_wide,100000.0,ci_lower,chp_operational,106,Adm_All,8,31.5
2.0,1.0,4,weak_wide,100000.0,ci_lower,chp_operational,106,Adm_0_5,8,24.5
2.0,1.0,4,weak_wide,100000.0,ci_lower,chp_operational,106,Adm_6_11,8,24.5
2.0,1.0,4,weak_wide,100000.0,ci_lower,chp_operational,106,Adm_12_17,8,24.5
2.0,1.0,4,weak_wide,100000.0,ci_lower,chp_operational,106,Adm_18_49,8,35.0
2.0,1.0,4,weak_wide,100000.0,ci_lower,chp_operational,106,Adm_50_64,8,17.5
2.0,1.0,4,weak_wide,100000.0,ci_lower,chp_operational,106,Adm_65_higher,8,24.5
2.0,1.0,4,weak_wide,100000.0,ci_lower,data_derived,107,ILI_PMP,8,42.0
2.0,1.0,4,weak_wide,100000.0,ci_lower,data_derived,107,ILI_AED,8,35.0
2.0,1.0,4,weak_wide,100000.0,ci_lower,data_derived,107,ILI_CMP,8,38.5
2.0,1.0,4,weak_wide,100000.0,ci_lower,data_derived,107,ILI_School,8,28.0
2.0,1.0,4,weak_wide,100000.0,ci_lower,data_derived,107,ILI_NonSchool,8,10.5
2.0,1.0,4,weak_wide,100000.0,ci_lower,data_derived,107,Fever_RCHE,8,7.0
2.0,1.0,4,weak_wide,100000.0,ci_lower,data_derived,107,Adm_All,8,31.5
2.0,1.0,4,weak_wide,100000.0,ci_lower,data_derived,107,Adm_0_5,8,24.5
2.0,1.0,4,weak_wide,100000.0,ci_lower,data_derived,107,Adm_6_11,8,24.5
2.0,1.0,4,weak_wide,100000.0,ci_lower,data_derived,107,Adm_12_17,8,24.5
2.0,1.0,4,weak_wide,100000.0,ci_lower,data_derived,107,Adm_18_49,8,35.0
2.0,1.0,4,weak_wide,100000.0,ci_lower,data_derived,107,Adm_50_64,8,17.5
2.0,1.0,4,weak_wide,100000.0,ci_lower,data_derived,107,Adm_65_higher,8,24.5
2.0,1.0,6,v7,1000.0,posterior_mean,chp_operational,108,ILI_PMP,8,28.0
2.0,1.0,6,v7,1000.0,posterior_mean,chp_operational,108,ILI_AED,8,28.0
2.0,1.0,6,v7,1000.0,posterior_mean,chp_operational,108,ILI_CMP,8,24.5
2.0,1.0,6,v7,1000.0,posterior_mean,chp_operational,108,ILI_School,8,21.0
2.0,1.0,6,v7,1000.0,posterior_mean,chp_operational,108,ILI_NonSchool,8,10.5
2.0,1.0,6,v7,1000.0,posterior_mean,chp_operational,108,Fever_RCHE,0,
2.0,1.0,6,v7,1000.0,posterior_mean,chp_operational,108,Adm_All,8,17.5
2.0,1.0,6,v7,1000.0,posterior_mean,chp_operational,108,Adm_0_5,8,21.0
2.0,1.0,6,v7,1000.0,posterior_mean,chp_operational,108,Adm_6_11,8,17.5
2.0,1.0,6,v7,1000.0,posterior_mean,chp_operational,108,Adm_12_17,8,14.0
2.0,1.0,6,v7,1000.0,posterior_mean,chp_operational,108,Adm_18_49,8,7.0
2.0,1.0,6,v7,1000.0,posterior_mean,chp_operational,108,Adm_50_64,8,21.0
2.0,1.0,6,v7,1000.0,posterior_mean,chp_operational,108,Adm_65_higher,8,17.5
2.0,1.0,6,v7,1000.0,posterior_mean,data_derived,109,ILI_PMP,8,28.0
2.0,1.0,6,v7,1000.0,posterior_mean,data_derived,109,ILI_AED,8,28.0
2.0,1.0,6,v7,1000.0,posterior_mean,data_derived,109,ILI_CMP,8,24.5
2.0,1.0,6,v7,1000.0,posterior_mean,data_derived,109,ILI_School,8,21.0
2.0,1.0,6,v7,1000.0,posterior_mean,data_derived,109,ILI_NonSchool,8,10.5
2.0,1.0,6,v7,1000.0,posterior_mean,data_derived,109,Fever_RCHE,0,
2.0,1.0,6,v7,1000.0,posterior_mean,data_derived,109,Adm_All,8,17.5
2.0,1.0,6,v7,1000.0,posterior_mean,data_derived,109,Adm_0_5,8,21.0
2.0,1.0,6,v7,1000.0,posterior_mean,data_derived,109,Adm_6_11,8,17.5
2.0,1.0,6,v7,1000.0,posterior_mean,data_derived,109,Adm_12_17,8,14.0
2.0,1.0,6,v7,1000.0,posterior_mean,data_derived,109,Adm_18_49,8,7.0
2.0,1.0,6,v7,1000.0,posterior_mean,data_derived,109,Adm_50_64,8,21.0
2.0,1.0,6,v7,1000.0,posterior_mean,data_derived,109,Adm_65_higher,8,17.5
2.0,1.0,6,v7,1000.0,ci_lower,chp_operational,110,ILI_PMP,8,28.0
2.0,1.0,6,v7,1000.0,ci_lower,chp_operational,110,ILI_AED,8,28.0
2.0,1.0,6,v7,1000.0,ci_lower,chp_operational,110,ILI_CMP,8,3.5
2.0,1.0,6,v7,1000.0,ci_lower,chp_operational,110,ILI_School,8,21.0
2.0,1.0,6,v7,1000.0,ci_lower,chp_operational,110,ILI_NonSchool,8,10.5
2.0,1.0,6,v7,1000.0,ci_lower,chp_operational,110,Fever_RCHE,0,
2.0,1.0,6,v7,1000.0,ci_lower,chp_operational,110,Adm_All,8,10.5
2.0,1.0,6,v7,1000.0,ci_lower,chp_operational,110,Adm_0_5,8,10.5
2.0,1.0,6,v7,1000.0,ci_lower,chp_operational,110,Adm_6_11,8,14.0
2.0,1.0,6,v7,1000.0,ci_lower,chp_operational,110,Adm_12_17,8,14.0
2.0,1.0,6,v7,1000.0,ci_lower,chp_operational,110,Adm_18_49,8,-7.0
2.0,1.0,6,v7,1000.0,ci_lower,chp_operational,110,Adm_50_64,8,3.5
2.0,1.0,6,v7,1000.0,ci_lower,chp_operational,110,Adm_65_higher,8,14.0
2.0,1.0,6,v7,1000.0,ci_lower,data_derived,111,ILI_PMP,8,28.0
2.0,1.0,6,v7,1000.0,ci_lower,data_derived,111,ILI_AED,8,28.0
2.0,1.0,6,v7,1000.0,ci_lower,data_derived,111,ILI_CMP,8,3.5
2.0,1.0,6,v7,1000.0,ci_lower,data_derived,111,ILI_School,8,21.0
2.0,1.0,6,v7,1000.0,ci_lower,data_derived,111,ILI_NonSchool,8,10.5
2.0,1.0,6,v7,1000.0,ci_lower,data_derived,111,Fever_RCHE,0,
2.0,1.0,6,v7,1000.0,ci_lower,data_derived,111,Adm_All,8,10.5
2.0,1.0,6,v7,1000.0,ci_lower,data_derived,111,Adm_0_5,8,10.5
2.0,1.0,6,v7,1000.0,ci_lower,data_derived,111,Adm_6_11,8,14.0
2.0,1.0,6,v7,1000.0,ci_lower,data_derived,111,Adm_12_17,8,14.0
2.0,1.0,6,v7,1000.0,ci_lower,data_derived,111,Adm_18_49,8,-3.5
2.0,1.0,6,v7,1000.0,ci_lower,data_derived,111,Adm_50_64,8,7.0
2.0,1.0,6,v7,1000.0,ci_lower,data_derived,111,Adm_65_higher,8,17.5
2.0,1.0,6,v7,10000.0,posterior_mean,chp_operational,112,ILI_PMP,8,28.0
2.0,1.0,6,v7,10000.0,posterior_mean,chp_operational,112,ILI_AED,8,28.0
2.0,1.0,6,v7,10000.0,posterior_mean,chp_operational,112,ILI_CMP,8,24.5
2.0,1.0,6,v7,10000.0,posterior_mean,chp_operational,112,ILI_School,8,21.0
2.0,1.0,6,v7,10000.0,posterior_mean,chp_operational,112,ILI_NonSchool,8,10.5
2.0,1.0,6,v7,10000.0,posterior_mean,chp_operational,112,Fever_RCHE,8,-31.5
2.0,1.0,6,v7,10000.0,posterior_mean,chp_operational,112,Adm_All,8,21.0
2.0,1.0,6,v7,10000.0,posterior_mean,chp_operational,112,Adm_0_5,8,21.0
2.0,1.0,6,v7,10000.0,posterior_mean,chp_operational,112,Adm_6_11,8,17.5
2.0,1.0,6,v7,10000.0,posterior_mean,chp_operational,112,Adm_12_17,8,14.0
2.0,1.0,6,v7,10000.0,posterior_mean,chp_operational,112,Adm_18_49,8,24.5
2.0,1.0,6,v7,10000.0,posterior_mean,chp_operational,112,Adm_50_64,8,21.0
2.0,1.0,6,v7,10000.0,posterior_mean,chp_operational,112,Adm_65_higher,8,17.5
2.0,1.0,6,v7,10000.0,posterior_mean,data_derived,113,ILI_PMP,8,28.0
2.0,1.0,6,v7,10000.0,posterior_mean,data_derived,113,ILI_AED,8,28.0
2.0,1.0,6,v7,10000.0,posterior_mean,data_derived,113,ILI_CMP,8,24.5
2.0,1.0,6,v7,10000.0,posterior_mean,data_derived,113,ILI_School,8,21.0
2.0,1.0,6,v7,10000.0,posterior_mean,data_derived,113,ILI_NonSchool,8,10.5
2.0,1.0,6,v7,10000.0,posterior_mean,data_derived,113,Fever_RCHE,8,-28.0
2.0,1.0,6,v7,10000.0,posterior_mean,data_derived,113,Adm_All,8,21.0
2.0,1.0,6,v7,10000.0,posterior_mean,data_derived,113,Adm_0_5,8,21.0
2.0,1.0,6,v7,10000.0,posterior_mean,data_derived,113,Adm_6_11,8,17.5
2.0,1.0,6,v7,10000.0,posterior_mean,data_derived,113,Adm_12_17,8,14.0
2.0,1.0,6,v7,10000.0,posterior_mean,data_derived,113,Adm_18_49,8,24.5
2.0,1.0,6,v7,10000.0,posterior_mean,data_derived,113,Adm_50_64,8,21.0
2.0,1.0,6,v7,10000.0,posterior_mean,data_derived,113,Adm_65_higher,8,17.5
2.0,1.0,6,v7,10000.0,ci_lower,chp_operational,114,ILI_PMP,8,28.0
2.0,1.0,6,v7,10000.0,ci_lower,chp_operational,114,ILI_AED,8,28.0
2.0,1.0,6,v7,10000.0,ci_lower,chp_operational,114,ILI_CMP,8,3.5
2.0,1.0,6,v7,10000.0,ci_lower,chp_operational,114,ILI_School,8,21.0
2.0,1.0,6,v7,10000.0,ci_lower,chp_operational,114,ILI_NonSchool,8,10.5
2.0,1.0,6,v7,10000.0,ci_lower,chp_operational,114,Fever_RCHE,0,
2.0,1.0,6,v7,10000.0,ci_lower,chp_operational,114,Adm_All,8,21.0
2.0,1.0,6,v7,10000.0,ci_lower,chp_operational,114,Adm_0_5,8,21.0
2.0,1.0,6,v7,10000.0,ci_lower,chp_operational,114,Adm_6_11,8,17.5
2.0,1.0,6,v7,10000.0,ci_lower,chp_operational,114,Adm_12_17,8,14.0
2.0,1.0,6,v7,10000.0,ci_lower,chp_operational,114,Adm_18_49,8,14.0
2.0,1.0,6,v7,10000.0,ci_lower,chp_operational,114,Adm_50_64,8,21.0
2.0,1.0,6,v7,10000.0,ci_lower,chp_operational,114,Adm_65_higher,8,17.5
2.0,1.0,6,v7,10000.0,ci_lower,data_derived,115,ILI_PMP,8,28.0
2.0,1.0,6,v7,10000.0,ci_lower,data_derived,115,ILI_AED,8,28.0
2.0,1.0,6,v7,10000.0,ci_lower,data_derived,115,ILI_CMP,8,3.5
2.0,1.0,6,v7,10000.0,ci_lower,data_derived,115,ILI_School,8,21.0
2.0,1.0,6,v7,10000.0,ci_lower,data_derived,115,ILI_NonSchool,8,10.5
2.0,1.0,6,v7,10000.0,ci_lower,data_derived,115,Fever_RCHE,0,
2.0,1.0,6,v7,10000.0,ci_lower,data_derived,115,Adm_All,8,21.0
2.0,1.0,6,v7,10000.0,ci_lower,data_derived,115,Adm_0_5,8,21.0
2.0,1.0,6,v7,10000.0,ci_lower,data_derived,115,Adm_6_11,8,17.5
2.0,1.0,6,v7,10000.0,ci_lower,data_derived,115,Adm_12_17,8,14.0
2.0,1.0,6,v7,10000.0,ci_lower,data_derived,115,Adm_18_49,8,14.0
2.0,1.0,6,v7,10000.0,ci_lower,data_derived,115,Adm_50_64,8,21.0
2.0,1.0,6,v7,10000.0,ci_lower,data_derived,115,Adm_65_higher,8,17.5
2.0,1.0,6,v7,100000.0,posterior_mean,chp_operational,116,ILI_PMP,8,28.0
2.0,1.0,6,v7,100000.0,posterior_mean,chp_operational,116,ILI_AED,8,28.0
2.0,1.0,6,v7,100000.0,posterior_mean,chp_operational,116,ILI_CMP,8,24.5
2.0,1.0,6,v7,100000.0,posterior_mean,chp_operational,116,ILI_School,8,21.0
2.0,1.0,6,v7,100000.0,posterior_mean,chp_operational,116,ILI_NonSchool,8,10.5
2.0,1.0,6,v7,100000.0,posterior_mean,chp_operational,116,Fever_RCHE,8,21.0
2.0,1.0,6,v7,100000.0,posterior_mean,chp_operational,116,Adm_All,8,21.0
2.0,1.0,6,v7,100000.0,posterior_mean,chp_operational,116,Adm_0_5,8,21.0
2.0,1.0,6,v7,100000.0,posterior_mean,chp_operational,116,Adm_6_11,8,17.5
2.0,1.0,6,v7,100000.0,posterior_mean,chp_operational,116,Adm_12_17,8,14.0
2.0,1.0,6,v7,100000.0,posterior_mean,chp_operational,116,Adm_18_49,8,24.5
2.0,1.0,6,v7,100000.0,posterior_mean,chp_operational,116,Adm_50_64,8,21.0
2.0,1.0,6,v7,100000.0,posterior_mean,chp_operational,116,Adm_65_higher,8,17.5
2.0,1.0,6,v7,100000.0,posterior_mean,data_derived,117,ILI_PMP,8,28.0
2.0,1.0,6,v7,100000.0,posterior_mean,data_derived,117,ILI_AED,8,28.0
2.0,1.0,6,v7,100000.0,posterior_mean,data_derived,117,ILI_CMP,8,24.5
2.0,1.0,6,v7,100000.0,posterior_mean,data_derived,117,ILI_School,8,21.0
2.0,1.0,6,v7,100000.0,posterior_mean,data_derived,117,ILI_NonSchool,8,10.5
2.0,1.0,6,v7,100000.0,posterior_mean,data_derived,117,Fever_RCHE,8,21.0
2.0,1.0,6,v7,100000.0,posterior_mean,data_derived,117,Adm_All,8,21.0
2.0,1.0,6,v7,100000.0,posterior_mean,data_derived,117,Adm_0_5,8,21.0
2.0,1.0,6,v7,100000.0,posterior_mean,data_derived,117,Adm_6_11,8,17.5
2.0,1.0,6,v7,100000.0,posterior_mean,data_derived,117,Adm_12_17,8,14.0
2.0,1.0,6,v7,100000.0,posterior_mean,data_derived,117,Adm_18_49,8,24.5
2.0,1.0,6,v7,100000.0,posterior_mean,data_derived,117,Adm_50_64,8,21.0
2.0,1.0,6,v7,100000.0,posterior_mean,data_derived,117,Adm_65_higher,8,17.5
2.0,1.0,6,v7,100000.0,ci_lower,chp_operational,118,ILI_PMP,8,28.0
2.0,1.0,6,v7,100000.0,ci_lower,chp_operational,118,ILI_AED,8,28.0
2.0,1.0,6,v7,100000.0,ci_lower,chp_operational,118,ILI_CMP,8,24.5
2.0,1.0,6,v7,100000.0,ci_lower,chp_operational,118,ILI_School,8,21.0
2.0,1.0,6,v7,100000.0,ci_lower,chp_operational,118,ILI_NonSchool,8,10.5
2.0,1.0,6,v7,100000.0,ci_lower,chp_operational,118,Fever_RCHE,8,-31.5
2.0,1.0,6,v7,100000.0,ci_lower,chp_operational,118,Adm_All,8,21.0
2.0,1.0,6,v7,100000.0,ci_lower,chp_operational,118,Adm_0_5,8,21.0
2.0,1.0,6,v7,100000.0,ci_lower,chp_operational,118,Adm_6_11,8,17.5
2.0,1.0,6,v7,100000.0,ci_lower,chp_operational,118,Adm_12_17,8,14.0
2.0,1.0,6,v7,100000.0,ci_lower,chp_operational,118,Adm_18_49,8,24.5
2.0,1.0,6,v7,100000.0,ci_lower,chp_operational,118,Adm_50_64,8,21.0
2.0,1.0,6,v7,100000.0,ci_lower,chp_operational,118,Adm_65_higher,8,17.5
2.0,1.0,6,v7,100000.0,ci_lower,data_derived,119,ILI_PMP,8,28.0
2.0,1.0,6,v7,100000.0,ci_lower,data_derived,119,ILI_AED,8,28.0
2.0,1.0,6,v7,100000.0,ci_lower,data_derived,119,ILI_CMP,8,24.5
2.0,1.0,6,v7,100000.0,ci_lower,data_derived,119,ILI_School,8,21.0
2.0,1.0,6,v7,100000.0,ci_lower,data_derived,119,ILI_NonSchool,8,10.5
2.0,1.0,6,v7,100000.0,ci_lower,data_derived,119,Fever_RCHE,8,-28.0
2.0,1.0,6,v7,100000.0,ci_lower,data_derived,119,Adm_All,8,21.0
2.0,1.0,6,v7,100000.0,ci_lower,data_derived,119,Adm_0_5,8,21.0
2.0,1.0,6,v7,100000.0,ci_lower,data_derived,119,Adm_6_11,8,17.5
2.0,1.0,6,v7,100000.0,ci_lower,data_derived,119,Adm_12_17,8,14.0
2.0,1.0,6,v7,100000.0,ci_lower,data_derived,119,Adm_18_49,8,24.5
2.0,1.0,6,v7,100000.0,ci_lower,data_derived,119,Adm_50_64,8,21.0
2.0,1.0,6,v7,100000.0,ci_lower,data_derived,119,Adm_65_higher,8,17.5
2.0,1.0,6,vague,1000.0,posterior_mean,chp_operational,120,ILI_PMP,8,28.0
2.0,1.0,6,vague,1000.0,posterior_mean,chp_operational,120,ILI_AED,8,28.0
2.0,1.0,6,vague,1000.0,posterior_mean,chp_operational,120,ILI_CMP,6,-45.5
2.0,1.0,6,vague,1000.0,posterior_mean,chp_operational,120,ILI_School,8,21.0
2.0,1.0,6,vague,1000.0,posterior_mean,chp_operational,120,ILI_NonSchool,8,7.0
2.0,1.0,6,vague,1000.0,posterior_mean,chp_operational,120,Fever_RCHE,0,
2.0,1.0,6,vague,1000.0,posterior_mean,chp_operational,120,Adm_All,4,-35.0
2.0,1.0,6,vague,1000.0,posterior_mean,chp_operational,120,Adm_0_5,8,-10.5
2.0,1.0,6,vague,1000.0,posterior_mean,chp_operational,120,Adm_6_11,6,-38.5
2.0,1.0,6,vague,1000.0,posterior_mean,chp_operational,120,Adm_12_17,4,-122.5
2.0,1.0,6,vague,1000.0,posterior_mean,chp_operational,120,Adm_18_49,0,
2.0,1.0,6,vague,1000.0,posterior_mean,chp_operational,120,Adm_50_64,0,
2.0,1.0,6,vague,1000.0,posterior_mean,chp_operational,120,Adm_65_higher,6,-24.5
2.0,1.0,6,vague,1000.0,posterior_mean,data_derived,121,ILI_PMP,8,28.0
2.0,1.0,6,vague,1000.0,posterior_mean,data_derived,121,ILI_AED,8,28.0
2.0,1.0,6,vague,1000.0,posterior_mean,data_derived,121,ILI_CMP,6,-45.5
2.0,1.0,6,vague,1000.0,posterior_mean,data_derived,121,ILI_School,8,21.0
2.0,1.0,6,vague,1000.0,posterior_mean,data_derived,121,ILI_NonSchool,8,7.0
2.0,1.0,6,vague,1000.0,posterior_mean,data_derived,121,Fever_RCHE,0,
2.0,1.0,6,vague,1000.0,posterior_mean,data_derived,121,Adm_All,4,-35.0
2.0,1.0,6,vague,1000.0,posterior_mean,data_derived,121,Adm_0_5,8,-10.5
2.0,1.0,6,vague,1000.0,posterior_mean,data_derived,121,Adm_6_11,6,-35.0
2.0,1.0,6,vague,1000.0,posterior_mean,data_derived,121,Adm_12_17,4,-122.5
2.0,1.0,6,vague,1000.0,posterior_mean,data_derived,121,Adm_18_49,0,
2.0,1.0,6,vague,1000.0,posterior_mean,data_derived,121,Adm_50_64,0,
2.0,1.0,6,vague,1000.0,posterior_mean,data_derived,121,Adm_65_higher,6,-24.5
2.0,1.0,6,vague,1000.0,ci_lower,chp_operational,122,ILI_PMP,8,28.0
2.0,1.0,6,vague,1000.0,ci_lower,chp_operational,122,ILI_AED,8,28.0
2.0,1.0,6,vague,1000.0,ci_lower,chp_operational,122,ILI_CMP,5,-49.0
2.0,1.0,6,vague,1000.0,ci_lower,chp_operational,122,ILI_School,8,17.5
2.0,1.0,6,vague,1000.0,ci_lower,chp_operational,122,ILI_NonSchool,8,-14.0
2.0,1.0,6,vague,1000.0,ci_lower,chp_operational,122,Fever_RCHE,0,
2.0,1.0,6,vague,1000.0,ci_lower,chp_operational,122,Adm_All,3,-35.0
2.0,1.0,6,vague,1000.0,ci_lower,chp_operational,122,Adm_0_5,8,-14.0
2.0,1.0,6,vague,1000.0,ci_lower,chp_operational,122,Adm_6_11,5,-42.0
2.0,1.0,6,vague,1000.0,ci_lower,chp_operational,122,Adm_12_17,2,-175.0
2.0,1.0,6,vague,1000.0,ci_lower,chp_operational,122,Adm_18_49,0,
2.0,1.0,6,vague,1000.0,ci_lower,chp_operational,122,Adm_50_64,0,
2.0,1.0,6,vague,1000.0,ci_lower,chp_operational,122,Adm_65_higher,6,-24.5
2.0,1.0,6,vague,1000.0,ci_lower,data_derived,123,ILI_PMP,8,28.0
2.0,1.0,6,vague,1000.0,ci_lower,data_derived,123,ILI_AED,8,28.0
2.0,1.0,6,vague,1000.0,ci_lower,data_derived,123,ILI_CMP,5,-49.0
2.0,1.0,6,vague,1000.0,ci_lower,data_derived,123,ILI_School,8,17.5
2.0,1.0,6,vague,1000.0,ci_lower,data_derived,123,ILI_NonSchool,8,-10.5
2.0,1.0,6,vague,1000.0,ci_lower,data_derived,123,Fever_RCHE,0,
2.0,1.0,6,vague,1000.0,ci_lower,data_derived,123,Adm_All,3,-35.0
2.0,1.0,6,vague,1000.0,ci_lower,data_derived,123,Adm_0_5,8,-10.5
2.0,1.0,6,vague,1000.0,ci_lower,data_derived,123,Adm_6_11,5,-35.0
2.0,1.0,6,vague,1000.0,ci_lower,data_derived,123,Adm_12_17,2,-171.5
2.0,1.0,6,vague,1000.0,ci_lower,data_derived,123,Adm_18_49,0,
2.0,1.0,6,vague,1000.0,ci_lower,data_derived,123,Adm_50_64,0,
2.0,1.0,6,vague,1000.0,ci_lower,data_derived,123,Adm_65_higher,6,-24.5
2.0,1.0,6,vague,10000.0,posterior_mean,chp_operational,124,ILI_PMP,8,28.0
2.0,1.0,6,vague,10000.0,posterior_mean,chp_operational,124,ILI_AED,8,28.0
2.0,1.0,6,vague,10000.0,posterior_mean,chp_operational,124,ILI_CMP,8,3.5
2.0,1.0,6,vague,10000.0,posterior_mean,chp_operational,124,ILI_School,8,21.0
2.0,1.0,6,vague,10000.0,posterior_mean,chp_operational,124,ILI_NonSchool,8,10.5
2.0,1.0,6,vague,10000.0,posterior_mean,chp_operational,124,Fever_RCHE,0,
2.0,1.0,6,vague,10000.0,posterior_mean,chp_operational,124,Adm_All,8,-3.5
2.0,1.0,6,vague,10000.0,posterior_mean,chp_operational,124,Adm_0_5,8,10.5
2.0,1.0,6,vague,10000.0,posterior_mean,chp_operational,124,Adm_6_11,8,7.0
2.0,1.0,6,vague,10000.0,posterior_mean,chp_operational,124,Adm_12_17,8,-17.5
2.0,1.0,6,vague,10000.0,posterior_mean,chp_operational,124,Adm_18_49,7,-21.0
2.0,1.0,6,vague,10000.0,posterior_mean,chp_operational,124,Adm_50_64,8,-17.5
2.0,1.0,6,vague,10000.0,posterior_mean,chp_operational,124,Adm_65_higher,8,0.0
2.0,1.0,6,vague,10000.0,posterior_mean,data_derived,125,ILI_PMP,8,28.0
2.0,1.0,6,vague,10000.0,posterior_mean,data_derived,125,ILI_AED,8,28.0
2.0,1.0,6,vague,10000.0,posterior_mean,data_derived,125,ILI_CMP,8,3.5
2.0,1.0,6,vague,10000.0,posterior_mean,data_derived,125,ILI_School,8,21.0
2.0,1.0,6,vague,10000.0,posterior_mean,data_derived,125,ILI_NonSchool,8,10.5
2.0,1.0,6,vague,10000.0,posterior_mean,data_derived,125,Fever_RCHE,0,
2.0,1.0,6,vague,10000.0,posterior_mean,data_derived,125,Adm_All,8,0.0
2.0,1.0,6,vague,10000.0,posterior_mean,data_derived,125,Adm_0_5,8,10.5
2.0,1.0,6,vague,10000.0,posterior_mean,data_derived,125,Adm_6_11,8,10.5
2.0,1.0,6,vague,10000.0,posterior_mean,data_derived,125,Adm_12_17,8,-14.0
2.0,1.0,6,vague,10000.0,posterior_mean,data_derived,125,Adm_18_49,7,-21.0
2.0,1.0,6,vague,10000.0,posterior_mean,data_derived,125,Adm_50_64,8,-14.0
2.0,1.0,6,vague,10000.0,posterior_mean,data_derived,125,Adm_65_higher,8,3.5
2.0,1.0,6,vague,10000.0,ci_lower,chp_operational,126,ILI_PMP,8,28.0
2.0,1.0,6,vague,10000.0,ci_lower,chp_operational,126,ILI_AED,8,28.0
2.0,1.0,6,vague,10000.0,ci_lower,chp_operational,126,ILI_CMP,8,3.5
2.0,1.0,6,vague,10000.0,ci_lower,chp_operational,126,ILI_School,8,21.0
2.0,1.0,6,vague,10000.0,ci_lower,chp_operational,126,ILI_NonSchool,8,10.5
2.0,1.0,6,vague,10000.0,ci_lower,chp_operational,126,Fever_RCHE,0,
2.0,1.0,6,vague,10000.0,ci_lower,chp_operational,126,Adm_All,8,-3.5
2.0,1.0,6,vague,10000.0,ci_lower,chp_operational,126,Adm_0_5,8,7.0
2.0,1.0,6,vague,10000.0,ci_lower,chp_operational,126,Adm_6_11,8,7.0
2.0,1.0,6,vague,10000.0,ci_lower,chp_operational,126,Adm_12_17,8,-17.5
2.0,1.0,6,vague,10000.0,ci_lower,chp_operational,126,Adm_18_49,7,-21.0
2.0,1.0,6,vague,10000.0,ci_lower,chp_operational,126,Adm_50_64,8,-17.5
2.0,1.0,6,vague,10000.0,ci_lower,chp_operational,126,Adm_65_higher,8,-3.5
2.0,1.0,6,vague,10000.0,ci_lower,data_derived,127,ILI_PMP,8,28.0
2.0,1.0,6,vague,10000.0,ci_lower,data_derived,127,ILI_AED,8,28.0
2.0,1.0,6,vague,10000.0,ci_lower,data_derived,127,ILI_CMP,8,3.5
2.0,1.0,6,vague,10000.0,ci_lower,data_derived,127,ILI_School,8,21.0
2.0,1.0,6,vague,10000.0,ci_lower,data_derived,127,ILI_NonSchool,8,10.5
2.0,1.0,6,vague,10000.0,ci_lower,data_derived,127,Fever_RCHE,0,
2.0,1.0,6,vague,10000.0,ci_lower,data_derived,127,Adm_All,8,0.0
2.0,1.0,6,vague,10000.0,ci_lower,data_derived,127,Adm_0_5,8,7.0
2.0,1.0,6,vague,10000.0,ci_lower,data_derived,127,Adm_6_11,8,7.0
2.0,1.0,6,vague,10000.0,ci_lower,data_derived,127,Adm_12_17,8,-14.0
2.0,1.0,6,vague,10000.0,ci_lower,data_derived,127,Adm_18_49,7,-21.0
2.0,1.0,6,vague,10000.0,ci_lower,data_derived,127,Adm_50_64,8,-14.0
2.0,1.0,6,vague,10000.0,ci_lower,data_derived,127,Adm_65_higher,8,0.0
2.0,1.0,6,vague,100000.0,posterior_mean,chp_operational,128,ILI_PMP,8,28.0
2.0,1.0,6,vague,100000.0,posterior_mean,chp_operational,128,ILI_AED,8,28.0
2.0,1.0,6,vague,100000.0,posterior_mean,chp_operational,128,ILI_CMP,8,24.5
2.0,1.0,6,vague,100000.0,posterior_mean,chp_operational,128,ILI_School,8,21.0
2.0,1.0,6,vague,100000.0,posterior_mean,chp_operational,128,ILI_NonSchool,8,10.5
2.0,1.0,6,vague,100000.0,posterior_mean,chp_operational,128,Fever_RCHE,0,
2.0,1.0,6,vague,100000.0,posterior_mean,chp_operational,128,Adm_All,8,17.5
2.0,1.0,6,vague,100000.0,posterior_mean,chp_operational,128,Adm_0_5,8,21.0
2.0,1.0,6,vague,100000.0,posterior_mean,chp_operational,128,Adm_6_11,8,17.5
2.0,1.0,6,vague,100000.0,posterior_mean,chp_operational,128,Adm_12_17,8,14.0
2.0,1.0,6,vague,100000.0,posterior_mean,chp_operational,128,Adm_18_49,8,3.5
2.0,1.0,6,vague,100000.0,posterior_mean,chp_operational,128,Adm_50_64,8,10.5
2.0,1.0,6,vague,100000.0,posterior_mean,chp_operational,128,Adm_65_higher,8,17.5
2.0,1.0,6,vague,100000.0,posterior_mean,data_derived,129,ILI_PMP,8,28.0
2.0,1.0,6,vague,100000.0,posterior_mean,data_derived,129,ILI_AED,8,28.0
2.0,1.0,6,vague,100000.0,posterior_mean,data_derived,129,ILI_CMP,8,24.5
2.0,1.0,6,vague,100000.0,posterior_mean,data_derived,129,ILI_School,8,21.0
2.0,1.0,6,vague,100000.0,posterior_mean,data_derived,129,ILI_NonSchool,8,10.5
2.0,1.0,6,vague,100000.0,posterior_mean,data_derived,129,Fever_RCHE,0,
2.0,1.0,6,vague,100000.0,posterior_mean,data_derived,129,Adm_All,8,17.5
2.0,1.0,6,vague,100000.0,posterior_mean,data_derived,129,Adm_0_5,8,21.0
2.0,1.0,6,vague,100000.0,posterior_mean,data_derived,129,Adm_6_11,8,17.5
2.0,1.0,6,vague,100000.0,posterior_mean,data_derived,129,Adm_12_17,8,14.0
2.0,1.0,6,vague,100000.0,posterior_mean,data_derived,129,Adm_18_49,8,3.5
2.0,1.0,6,vague,100000.0,posterior_mean,data_derived,129,Adm_50_64,8,10.5
2.0,1.0,6,vague,100000.0,posterior_mean,data_derived,129,Adm_65_higher,8,17.5
2.0,1.0,6,vague,100000.0,ci_lower,chp_operational,130,ILI_PMP,8,28.0
2.0,1.0,6,vague,100000.0,ci_lower,chp_operational,130,ILI_AED,8,28.0
2.0,1.0,6,vague,100000.0,ci_lower,chp_operational,130,ILI_CMP,8,24.5
2.0,1.0,6,vague,100000.0,ci_lower,chp_operational,130,ILI_School,8,21.0
2.0,1.0,6,vague,100000.0,ci_lower,chp_operational,130,ILI_NonSchool,8,10.5
2.0,1.0,6,vague,100000.0,ci_lower,chp_operational,130,Fever_RCHE,0,
2.0,1.0,6,vague,100000.0,ci_lower,chp_operational,130,Adm_All,8,14.0
2.0,1.0,6,vague,100000.0,ci_lower,chp_operational,130,Adm_0_5,8,21.0
2.0,1.0,6,vague,100000.0,ci_lower,chp_operational,130,Adm_6_11,8,17.5
2.0,1.0,6,vague,100000.0,ci_lower,chp_operational,130,Adm_12_17,8,14.0
2.0,1.0,6,vague,100000.0,ci_lower,chp_operational,130,Adm_18_49,8,3.5
2.0,1.0,6,vague,100000.0,ci_lower,chp_operational,130,Adm_50_64,8,3.5
2.0,1.0,6,vague,100000.0,ci_lower,chp_operational,130,Adm_65_higher,8,17.5
2.0,1.0,6,vague,100000.0,ci_lower,data_derived,131,ILI_PMP,8,28.0
2.0,1.0,6,vague,100000.0,ci_lower,data_derived,131,ILI_AED,8,28.0
2.0,1.0,6,vague,100000.0,ci_lower,data_derived,131,ILI_CMP,8,24.5
2.0,1.0,6,vague,100000.0,ci_lower,data_derived,131,ILI_School,8,21.0
2.0,1.0,6,vague,100000.0,ci_lower,data_derived,131,ILI_NonSchool,8,10.5
2.0,1.0,6,vague,100000.0,ci_lower,data_derived,131,Fever_RCHE,0,
2.0,1.0,6,vague,100000.0,ci_lower,data_derived,131,Adm_All,8,14.0
2.0,1.0,6,vague,100000.0,ci_lower,data_derived,131,Adm_0_5,8,21.0
2.0,1.0,6,vague,100000.0,ci_lower,data_derived,131,Adm_6_11,8,17.5
2.0,1.0,6,vague,100000.0,ci_lower,data_derived,131,Adm_12_17,8,14.0
2.0,1.0,6,vague,100000.0,ci_lower,data_derived,131,Adm_18_49,8,3.5
2.0,1.0,6,vague,100000.0,ci_lower,data_derived,131,Adm_50_64,8,7.0
2.0,1.0,6,vague,100000.0,ci_lower,data_derived,131,Adm_65_higher,8,17.5
2.0,1.0,6,weak_wide,1000.0,posterior_mean,chp_operational,132,ILI_PMP,8,28.0
2.0,1.0,6,weak_wide,1000.0,posterior_mean,chp_operational,132,ILI_AED,8,28.0
2.0,1.0,6,weak_wide,1000.0,posterior_mean,chp_operational,132,ILI_CMP,8,24.5
2.0,1.0,6,weak_wide,1000.0,posterior_mean,chp_operational,132,ILI_School,8,21.0
2.0,1.0,6,weak_wide,1000.0,posterior_mean,chp_operational,132,ILI_NonSchool,8,17.5
2.0,1.0,6,weak_wide,1000.0,posterior_mean,chp_operational,132,Fever_RCHE,8,28.0
2.0,1.0,6,weak_wide,1000.0,posterior_mean,chp_operational,132,Adm_All,8,21.0
2.0,1.0,6,weak_wide,1000.0,posterior_mean,chp_operational,132,Adm_0_5,8,21.0
2.0,1.0,6,weak_wide,1000.0,posterior_mean,chp_operational,132,Adm_6_11,8,28.0
2.0,1.0,6,weak_wide,1000.0,posterior_mean,chp_operational,132,Adm_12_17,8,28.0
2.0,1.0,6,weak_wide,1000.0,posterior_mean,chp_operational,132,Adm_18_49,8,28.0
2.0,1.0,6,weak_wide,1000.0,posterior_mean,chp_operational,132,Adm_50_64,8,21.0
2.0,1.0,6,weak_wide,1000.0,posterior_mean,chp_operational,132,Adm_65_higher,8,21.0
2.0,1.0,6,weak_wide,1000.0,posterior_mean,data_derived,133,ILI_PMP,8,28.0
2.0,1.0,6,weak_wide,1000.0,posterior_mean,data_derived,133,ILI_AED,8,28.0
2.0,1.0,6,weak_wide,1000.0,posterior_mean,data_derived,133,ILI_CMP,8,24.5
2.0,1.0,6,weak_wide,1000.0,posterior_mean,data_derived,133,ILI_School,8,21.0
2.0,1.0,6,weak_wide,1000.0,posterior_mean,data_derived,133,ILI_NonSchool,8,17.5
2.0,1.0,6,weak_wide,1000.0,posterior_mean,data_derived,133,Fever_RCHE,8,28.0
2.0,1.0,6,weak_wide,1000.0,posterior_mean,data_derived,133,Adm_All,8,21.0
2.0,1.0,6,weak_wide,1000.0,posterior_mean,data_derived,133,Adm_0_5,8,21.0
2.0,1.0,6,weak_wide,1000.0,posterior_mean,data_derived,133,Adm_6_11,8,28.0
2.0,1.0,6,weak_wide,1000.0,posterior_mean,data_derived,133,Adm_12_17,8,28.0
2.0,1.0,6,weak_wide,1000.0,posterior_mean,data_derived,133,Adm_18_49,8,28.0
2.0,1.0,6,weak_wide,1000.0,posterior_mean,data_derived,133,Adm_50_64,8,21.0
2.0,1.0,6,weak_wide,1000.0,posterior_mean,data_derived,133,Adm_65_higher,8,21.0
2.0,1.0,6,weak_wide,1000.0,ci_lower,chp_operational,134,ILI_PMP,8,28.0
2.0,1.0,6,weak_wide,1000.0,ci_lower,chp_operational,134,ILI_AED,8,28.0
2.0,1.0,6,weak_wide,1000.0,ci_lower,chp_operational,134,ILI_CMP,8,3.5
2.0,1.0,6,weak_wide,1000.0,ci_lower,chp_operational,134,ILI_School,8,21.0
2.0,1.0,6,weak_wide,1000.0,ci_lower,chp_operational,134,ILI_NonSchool,8,10.5
2.0,1.0,6,weak_wide,1000.0,ci_lower,chp_operational,134,Fever_RCHE,0,
2.0,1.0,6,weak_wide,1000.0,ci_lower,chp_operational,134,Adm_All,8,10.5
2.0,1.0,6,weak_wide,1000.0,ci_lower,chp_operational,134,Adm_0_5,8,10.5
2.0,1.0,6,weak_wide,1000.0,ci_lower,chp_operational,134,Adm_6_11,8,14.0
2.0,1.0,6,weak_wide,1000.0,ci_lower,chp_operational,134,Adm_12_17,8,14.0
2.0,1.0,6,weak_wide,1000.0,ci_lower,chp_operational,134,Adm_18_49,8,7.0
2.0,1.0,6,weak_wide,1000.0,ci_lower,chp_operational,134,Adm_50_64,8,3.5
2.0,1.0,6,weak_wide,1000.0,ci_lower,chp_operational,134,Adm_65_higher,8,17.5
2.0,1.0,6,weak_wide,1000.0,ci_lower,data_derived,135,ILI_PMP,8,28.0
2.0,1.0,6,weak_wide,1000.0,ci_lower,data_derived,135,ILI_AED,8,28.0
2.0,1.0,6,weak_wide,1000.0,ci_lower,data_derived,135,ILI_CMP,8,3.5
2.0,1.0,6,weak_wide,1000.0,ci_lower,data_derived,135,ILI_School,8,21.0
2.0,1.0,6,weak_wide,1000.0,ci_lower,data_derived,135,ILI_NonSchool,8,10.5
2.0,1.0,6,weak_wide,1000.0,ci_lower,data_derived,135,Fever_RCHE,0,
2.0,1.0,6,weak_wide,1000.0,ci_lower,data_derived,135,Adm_All,8,10.5
2.0,1.0,6,weak_wide,1000.0,ci_lower,data_derived,135,Adm_0_5,8,10.5
2.0,1.0,6,weak_wide,1000.0,ci_lower,data_derived,135,Adm_6_11,8,14.0
2.0,1.0,6,weak_wide,1000.0,ci_lower,data_derived,135,Adm_12_17,8,14.0
2.0,1.0,6,weak_wide,1000.0,ci_lower,data_derived,135,Adm_18_49,8,7.0
2.0,1.0,6,weak_wide,1000.0,ci_lower,data_derived,135,Adm_50_64,8,7.0
2.0,1.0,6,weak_wide,1000.0,ci_lower,data_derived,135,Adm_65_higher,8,17.5
2.0,1.0,6,weak_wide,10000.0,posterior_mean,chp_operational,136,ILI_PMP,8,28.0
2.0,1.0,6,weak_wide,10000.0,posterior_mean,chp_operational,136,ILI_AED,8,28.0
2.0,1.0,6,weak_wide,10000.0,posterior_mean,chp_operational,136,ILI_CMP,8,24.5
2.0,1.0,6,weak_wide,10000.0,posterior_mean,chp_operational,136,ILI_School,8,21.0
2.0,1.0,6,weak_wide,10000.0,posterior_mean,chp_operational,136,ILI_NonSchool,8,17.5
2.0,1.0,6,weak_wide,10000.0,posterior_mean,chp_operational,136,Fever_RCHE,8,24.5
2.0,1.0,6,weak_wide,10000.0,posterior_mean,chp_operational,136,Adm_All,8,21.0
2.0,1.0,6,weak_wide,10000.0,posterior_mean,chp_operational,136,Adm_0_5,8,21.0
2.0,1.0,6,weak_wide,10000.0,posterior_mean,chp_operational,136,Adm_6_11,8,28.0
2.0,1.0,6,weak_wide,10000.0,posterior_mean,chp_operational,136,Adm_12_17,8,28.0
2.0,1.0,6,weak_wide,10000.0,posterior_mean,chp_operational,136,Adm_18_49,8,28.0
2.0,1.0,6,weak_wide,10000.0,posterior_mean,chp_operational,136,Adm_50_64,8,21.0
2.0,1.0,6,weak_wide,10000.0,posterior_mean,chp_operational,136,Adm_65_higher,8,21.0
2.0,1.0,6,weak_wide,10000.0,posterior_mean,data_derived,137,ILI_PMP,8,28.0
2.0,1.0,6,weak_wide,10000.0,posterior_mean,data_derived,137,ILI_AED,8,28.0
2.0,1.0,6,weak_wide,10000.0,posterior_mean,data_derived,137,ILI_CMP,8,24.5
2.0,1.0,6,weak_wide,10000.0,posterior_mean,data_derived,137,ILI_School,8,21.0
2.0,1.0,6,weak_wide,10000.0,posterior_mean,data_derived,137,ILI_NonSchool,8,17.5
2.0,1.0,6,weak_wide,10000.0,posterior_mean,data_derived,137,Fever_RCHE,8,24.5
2.0,1.0,6,weak_wide,10000.0,posterior_mean,data_derived,137,Adm_All,8,21.0
2.0,1.0,6,weak_wide,10000.0,posterior_mean,data_derived,137,Adm_0_5,8,21.0
2.0,1.0,6,weak_wide,10000.0,posterior_mean,data_derived,137,Adm_6_11,8,28.0
2.0,1.0,6,weak_wide,10000.0,posterior_mean,data_derived,137,Adm_12_17,8,28.0
2.0,1.0,6,weak_wide,10000.0,posterior_mean,data_derived,137,Adm_18_49,8,28.0
2.0,1.0,6,weak_wide,10000.0,posterior_mean,data_derived,137,Adm_50_64,8,21.0
2.0,1.0,6,weak_wide,10000.0,posterior_mean,data_derived,137,Adm_65_higher,8,21.0
2.0,1.0,6,weak_wide,10000.0,ci_lower,chp_operational,138,ILI_PMP,8,28.0
2.0,1.0,6,weak_wide,10000.0,ci_lower,chp_operational,138,ILI_AED,8,28.0
2.0,1.0,6,weak_wide,10000.0,ci_lower,chp_operational,138,ILI_CMP,8,3.5
2.0,1.0,6,weak_wide,10000.0,ci_lower,chp_operational,138,ILI_School,8,21.0
2.0,1.0,6,weak_wide,10000.0,ci_lower,chp_operational,138,ILI_NonSchool,8,10.5
2.0,1.0,6,weak_wide,10000.0,ci_lower,chp_operational,138,Fever_RCHE,1,-35.0
2.0,1.0,6,weak_wide,10000.0,ci_lower,chp_operational,138,Adm_All,8,21.0
2.0,1.0,6,weak_wide,10000.0,ci_lower,chp_operational,138,Adm_0_5,8,21.0
2.0,1.0,6,weak_wide,10000.0,ci_lower,chp_operational,138,Adm_6_11,8,17.5
2.0,1.0,6,weak_wide,10000.0,ci_lower,chp_operational,138,Adm_12_17,8,14.0
2.0,1.0,6,weak_wide,10000.0,ci_lower,chp_operational,138,Adm_18_49,8,14.0
2.0,1.0,6,weak_wide,10000.0,ci_lower,chp_operational,138,Adm_50_64,8,21.0
2.0,1.0,6,weak_wide,10000.0,ci_lower,chp_operational,138,Adm_65_higher,8,17.5
2.0,1.0,6,weak_wide,10000.0,ci_lower,data_derived,139,ILI_PMP,8,28.0
2.0,1.0,6,weak_wide,10000.0,ci_lower,data_derived,139,ILI_AED,8,28.0
2.0,1.0,6,weak_wide,10000.0,ci_lower,data_derived,139,ILI_CMP,8,3.5
2.0,1.0,6,weak_wide,10000.0,ci_lower,data_derived,139,ILI_School,8,21.0
2.0,1.0,6,weak_wide,10000.0,ci_lower,data_derived,139,ILI_NonSchool,8,10.5
2.0,1.0,6,weak_wide,10000.0,ci_lower,data_derived,139,Fever_RCHE,1,-35.0
2.0,1.0,6,weak_wide,10000.0,ci_lower,data_derived,139,Adm_All,8,21.0
2.0,1.0,6,weak_wide,10000.0,ci_lower,data_derived,139,Adm_0_5,8,21.0
2.0,1.0,6,weak_wide,10000.0,ci_lower,data_derived,139,Adm_6_11,8,17.5
2.0,1.0,6,weak_wide,10000.0,ci_lower,data_derived,139,Adm_12_17,8,14.0
2.0,1.0,6,weak_wide,10000.0,ci_lower,data_derived,139,Adm_18_49,8,14.0
2.0,1.0,6,weak_wide,10000.0,ci_lower,data_derived,139,Adm_50_64,8,21.0
2.0,1.0,6,weak_wide,10000.0,ci_lower,data_derived,139,Adm_65_higher,8,17.5
2.0,1.0,6,weak_wide,100000.0,posterior_mean,chp_operational,140,ILI_PMP,8,28.0
2.0,1.0,6,weak_wide,100000.0,posterior_mean,chp_operational,140,ILI_AED,8,28.0
2.0,1.0,6,weak_wide,100000.0,posterior_mean,chp_operational,140,ILI_CMP,8,24.5
2.0,1.0,6,weak_wide,100000.0,posterior_mean,chp_operational,140,ILI_School,8,21.0
2.0,1.0,6,weak_wide,100000.0,posterior_mean,chp_operational,140,ILI_NonSchool,8,17.5
2.0,1.0,6,weak_wide,100000.0,posterior_mean,chp_operational,140,Fever_RCHE,8,24.5
2.0,1.0,6,weak_wide,100000.0,posterior_mean,chp_operational,140,Adm_All,8,21.0
2.0,1.0,6,weak_wide,100000.0,posterior_mean,chp_operational,140,Adm_0_5,8,21.0
2.0,1.0,6,weak_wide,100000.0,posterior_mean,chp_operational,140,Adm_6_11,8,24.5
2.0,1.0,6,weak_wide,100000.0,posterior_mean,chp_operational,140,Adm_12_17,8,28.0
2.0,1.0,6,weak_wide,100000.0,posterior_mean,chp_operational,140,Adm_18_49,8,28.0
2.0,1.0,6,weak_wide,100000.0,posterior_mean,chp_operational,140,Adm_50_64,8,21.0
2.0,1.0,6,weak_wide,100000.0,posterior_mean,chp_operational,140,Adm_65_higher,8,17.5
2.0,1.0,6,weak_wide,100000.0,posterior_mean,data_derived,141,ILI_PMP,8,28.0
2.0,1.0,6,weak_wide,100000.0,posterior_mean,data_derived,141,ILI_AED,8,28.0
2.0,1.0,6,weak_wide,100000.0,posterior_mean,data_derived,141,ILI_CMP,8,24.5
2.0,1.0,6,weak_wide,100000.0,posterior_mean,data_derived,141,ILI_School,8,21.0
2.0,1.0,6,weak_wide,100000.0,posterior_mean,data_derived,141,ILI_NonSchool,8,17.5
2.0,1.0,6,weak_wide,100000.0,posterior_mean,data_derived,141,Fever_RCHE,8,24.5
2.0,1.0,6,weak_wide,100000.0,posterior_mean,data_derived,141,Adm_All,8,21.0
2.0,1.0,6,weak_wide,100000.0,posterior_mean,data_derived,141,Adm_0_5,8,21.0
2.0,1.0,6,weak_wide,100000.0,posterior_mean,data_derived,141,Adm_6_11,8,24.5
2.0,1.0,6,weak_wide,100000.0,posterior_mean,data_derived,141,Adm_12_17,8,28.0
2.0,1.0,6,weak_wide,100000.0,posterior_mean,data_derived,141,Adm_18_49,8,28.0
2.0,1.0,6,weak_wide,100000.0,posterior_mean,data_derived,141,Adm_50_64,8,21.0
2.0,1.0,6,weak_wide,100000.0,posterior_mean,data_derived,141,Adm_65_higher,8,17.5
2.0,1.0,6,weak_wide,100000.0,ci_lower,chp_operational,142,ILI_PMP,8,28.0
2.0,1.0,6,weak_wide,100000.0,ci_lower,chp_operational,142,ILI_AED,8,28.0
2.0,1.0,6,weak_wide,100000.0,ci_lower,chp_operational,142,ILI_CMP,8,24.5
2.0,1.0,6,weak_wide,100000.0,ci_lower,chp_operational,142,ILI_School,8,21.0
2.0,1.0,6,weak_wide,100000.0,ci_lower,chp_operational,142,ILI_NonSchool,8,10.5
2.0,1.0,6,weak_wide,100000.0,ci_lower,chp_operational,142,Fever_RCHE,8,-31.5
2.0,1.0,6,weak_wide,100000.0,ci_lower,chp_operational,142,Adm_All,8,21.0
2.0,1.0,6,weak_wide,100000.0,ci_lower,chp_operational,142,Adm_0_5,8,21.0
2.0,1.0,6,weak_wide,100000.0,ci_lower,chp_operational,142,Adm_6_11,8,17.5
2.0,1.0,6,weak_wide,100000.0,ci_lower,chp_operational,142,Adm_12_17,8,14.0
2.0,1.0,6,weak_wide,100000.0,ci_lower,chp_operational,142,Adm_18_49,8,24.5
2.0,1.0,6,weak_wide,100000.0,ci_lower,chp_operational,142,Adm_50_64,8,21.0
2.0,1.0,6,weak_wide,100000.0,ci_lower,chp_operational,142,Adm_65_higher,8,17.5
2.0,1.0,6,weak_wide,100000.0,ci_lower,data_derived,143,ILI_PMP,8,28.0
2.0,1.0,6,weak_wide,100000.0,ci_lower,data_derived,143,ILI_AED,8,28.0
2.0,1.0,6,weak_wide,100000.0,ci_lower,data_derived,143,ILI_CMP,8,24.5
2.0,1.0,6,weak_wide,100000.0,ci_lower,data_derived,143,ILI_School,8,21.0
2.0,1.0,6,weak_wide,100000.0,ci_lower,data_derived,143,ILI_NonSchool,8,10.5
2.0,1.0,6,weak_wide,100000.0,ci_lower,data_derived,143,Fever_RCHE,8,-28.0
2.0,1.0,6,weak_wide,100000.0,ci_lower,data_derived,143,Adm_All,8,21.0
2.0,1.0,6,weak_wide,100000.0,ci_lower,data_derived,143,Adm_0_5,8,21.0
2.0,1.0,6,weak_wide,100000.0,ci_lower,data_derived,143,Adm_6_11,8,17.5
2.0,1.0,6,weak_wide,100000.0,ci_lower,data_derived,143,Adm_12_17,8,14.0
2.0,1.0,6,weak_wide,100000.0,ci_lower,data_derived,143,Adm_18_49,8,24.5
2.0,1.0,6,weak_wide,100000.0,ci_lower,data_derived,143,Adm_50_64,8,21.0
2.0,1.0,6,weak_wide,100000.0,ci_lower,data_derived,143,Adm_65_higher,8,17.5
2.0,2.0,2,v7,1000.0,posterior_mean,chp_operational,144,ILI_PMP,8,56.0
2.0,2.0,2,v7,1000.0,posterior_mean,chp_operational,144,ILI_AED,8,45.5
2.0,2.0,2,v7,1000.0,posterior_mean,chp_operational,144,ILI_CMP,8,52.5
2.0,2.0,2,v7,1000.0,posterior_mean,chp_operational,144,ILI_School,8,35.0
2.0,2.0,2,v7,1000.0,posterior_mean,chp_operational,144,ILI_NonSchool,8,10.5
2.0,2.0,2,v7,1000.0,posterior_mean,chp_operational,144,Fever_RCHE,0,
2.0,2.0,2,v7,1000.0,posterior_mean,chp_operational,144,Adm_All,8,42.0
2.0,2.0,2,v7,1000.0,posterior_mean,chp_operational,144,Adm_0_5,8,42.0
2.0,2.0,2,v7,1000.0,posterior_mean,chp_operational,144,Adm_6_11,8,28.0
2.0,2.0,2,v7,1000.0,posterior_mean,chp_operational,144,Adm_12_17,8,24.5
2.0,2.0,2,v7,1000.0,posterior_mean,chp_operational,144,Adm_18_49,8,45.5
2.0,2.0,2,v7,1000.0,posterior_mean,chp_operational,144,Adm_50_64,8,28.0
2.0,2.0,2,v7,1000.0,posterior_mean,chp_operational,144,Adm_65_higher,8,31.5
2.0,2.0,2,v7,1000.0,posterior_mean,data_derived,145,ILI_PMP,8,56.0
2.0,2.0,2,v7,1000.0,posterior_mean,data_derived,145,ILI_AED,8,45.5
2.0,2.0,2,v7,1000.0,posterior_mean,data_derived,145,ILI_CMP,8,52.5
2.0,2.0,2,v7,1000.0,posterior_mean,data_derived,145,ILI_School,8,35.0
2.0,2.0,2,v7,1000.0,posterior_mean,data_derived,145,ILI_NonSchool,8,10.5
2.0,2.0,2,v7,1000.0,posterior_mean,data_derived,145,Fever_RCHE,0,
2.0,2.0,2,v7,1000.0,posterior_mean,data_derived,145,Adm_All,8,42.0
2.0,2.0,2,v7,1000.0,posterior_mean,data_derived,145,Adm_0_5,8,42.0
2.0,2.0,2,v7,1000.0,posterior_mean,data_derived,145,Adm_6_11,8,31.5
2.0,2.0,2,v7,1000.0,posterior_mean,data_derived,145,Adm_12_17,8,28.0
2.0,2.0,2,v7,1000.0,posterior_mean,data_derived,145,Adm_18_49,8,45.5
2.0,2.0,2,v7,1000.0,posterior_mean,data_derived,145,Adm_50_64,8,28.0
2.0,2.0,2,v7,1000.0,posterior_mean,data_derived,145,Adm_65_higher,8,31.5
2.0,2.0,2,v7,1000.0,ci_lower,chp_operational,146,ILI_PMP,8,56.0
2.0,2.0,2,v7,1000.0,ci_lower,chp_operational,146,ILI_AED,8,45.5
2.0,2.0,2,v7,1000.0,ci_lower,chp_operational,146,ILI_CMP,8,52.5
2.0,2.0,2,v7,1000.0,ci_lower,chp_operational,146,ILI_School,8,31.5
2.0,2.0,2,v7,1000.0,ci_lower,chp_operational,146,ILI_NonSchool,8,10.5
2.0,2.0,2,v7,1000.0,ci_lower,chp_operational,146,Fever_RCHE,0,
2.0,2.0,2,v7,1000.0,ci_lower,chp_operational,146,Adm_All,8,24.5
2.0,2.0,2,v7,1000.0,ci_lower,chp_operational,146,Adm_0_5,8,42.0
2.0,2.0,2,v7,1000.0,ci_lower,chp_operational,146,Adm_6_11,8,28.0
2.0,2.0,2,v7,1000.0,ci_lower,chp_operational,146,Adm_12_17,8,24.5
2.0,2.0,2,v7,1000.0,ci_lower,chp_operational,146,Adm_18_49,8,3.5
2.0,2.0,2,v7,1000.0,ci_lower,chp_operational,146,Adm_50_64,8,21.0
2.0,2.0,2,v7,1000.0,ci_lower,chp_operational,146,Adm_65_higher,8,24.5
2.0,2.0,2,v7,1000.0,ci_lower,data_derived,147,ILI_PMP,8,56.0
2.0,2.0,2,v7,1000.0,ci_lower,data_derived,147,ILI_AED,8,45.5
2.0,2.0,2,v7,1000.0,ci_lower,data_derived,147,ILI_CMP,8,52.5
2.0,2.0,2,v7,1000.0,ci_lower,data_derived,147,ILI_School,8,31.5
2.0,2.0,2,v7,1000.0,ci_lower,data_derived,147,ILI_NonSchool,8,10.5
2.0,2.0,2,v7,1000.0,ci_lower,data_derived,147,Fever_RCHE,0,
2.0,2.0,2,v7,1000.0,ci_lower,data_derived,147,Adm_All,8,28.0
2.0,2.0,2,v7,1000.0,ci_lower,data_derived,147,Adm_0_5,8,42.0
2.0,2.0,2,v7,1000.0,ci_lower,data_derived,147,Adm_6_11,8,31.5
2.0,2.0,2,v7,1000.0,ci_lower,data_derived,147,Adm_12_17,8,28.0
2.0,2.0,2,v7,1000.0,ci_lower,data_derived,147,Adm_18_49,8,3.5
2.0,2.0,2,v7,1000.0,ci_lower,data_derived,147,Adm_50_64,8,24.5
2.0,2.0,2,v7,1000.0,ci_lower,data_derived,147,Adm_65_higher,8,24.5
2.0,2.0,2,v7,10000.0,posterior_mean,chp_operational,148,ILI_PMP,8,56.0
2.0,2.0,2,v7,10000.0,posterior_mean,chp_operational,148,ILI_AED,8,45.5
2.0,2.0,2,v7,10000.0,posterior_mean,chp_operational,148,ILI_CMP,8,52.5
2.0,2.0,2,v7,10000.0,posterior_mean,chp_operational,148,ILI_School,8,35.0
2.0,2.0,2,v7,10000.0,posterior_mean,chp_operational,148,ILI_NonSchool,8,28.0
2.0,2.0,2,v7,10000.0,posterior_mean,chp_operational,148,Fever_RCHE,8,7.0
2.0,2.0,2,v7,10000.0,posterior_mean,chp_operational,148,Adm_All,8,45.5
2.0,2.0,2,v7,10000.0,posterior_mean,chp_operational,148,Adm_0_5,8,56.0
2.0,2.0,2,v7,10000.0,posterior_mean,chp_operational,148,Adm_6_11,8,31.5
2.0,2.0,2,v7,10000.0,posterior_mean,chp_operational,148,Adm_12_17,8,24.5
2.0,2.0,2,v7,10000.0,posterior_mean,chp_operational,148,Adm_18_49,8,45.5
2.0,2.0,2,v7,10000.0,posterior_mean,chp_operational,148,Adm_50_64,8,28.0
2.0,2.0,2,v7,10000.0,posterior_mean,chp_operational,148,Adm_65_higher,8,31.5
2.0,2.0,2,v7,10000.0,posterior_mean,data_derived,149,ILI_PMP,8,56.0
2.0,2.0,2,v7,10000.0,posterior_mean,data_derived,149,ILI_AED,8,45.5
2.0,2.0,2,v7,10000.0,posterior_mean,data_derived,149,ILI_CMP,8,52.5
2.0,2.0,2,v7,10000.0,posterior_mean,data_derived,149,ILI_School,8,35.0
2.0,2.0,2,v7,10000.0,posterior_mean,data_derived,149,ILI_NonSchool,8,28.0
2.0,2.0,2,v7,10000.0,posterior_mean,data_derived,149,Fever_RCHE,8,10.5
2.0,2.0,2,v7,10000.0,posterior_mean,data_derived,149,Adm_All,8,45.5
2.0,2.0,2,v7,10000.0,posterior_mean,data_derived,149,Adm_0_5,8,56.0
2.0,2.0,2,v7,10000.0,posterior_mean,data_derived,149,Adm_6_11,8,31.5
2.0,2.0,2,v7,10000.0,posterior_mean,data_derived,149,Adm_12_17,8,28.0
2.0,2.0,2,v7,10000.0,posterior_mean,data_derived,149,Adm_18_49,8,45.5
2.0,2.0,2,v7,10000.0,posterior_mean,data_derived,149,Adm_50_64,8,28.0
2.0,2.0,2,v7,10000.0,posterior_mean,data_derived,149,Adm_65_higher,8,31.5
2.0,2.0,2,v7,10000.0,ci_lower,chp_operational,150,ILI_PMP,8,56.0
2.0,2.0,2,v7,10000.0,ci_lower,chp_operational,150,ILI_AED,8,45.5
2.0,2.0,2,v7,10000.0,ci_lower,chp_operational,150,ILI_CMP,8,52.5
2.0,2.0,2,v7,10000.0,ci_lower,chp_operational,150,ILI_School,8,35.0
2.0,2.0,2,v7,10000.0,ci_lower,chp_operational,150,ILI_NonSchool,8,10.5
2.0,2.0,2,v7,10000.0,ci_lower,chp_operational,150,Fever_RCHE,0,
2.0,2.0,2,v7,10000.0,ci_lower,chp_operational,150,Adm_All,8,42.0
2.0,2.0,2,v7,10000.0,ci_lower,chp_operational,150,Adm_0_5,8,42.0
2.0,2.0,2,v7,10000.0,ci_lower,chp_operational,150,Adm_6_11,8,28.0
2.0,2.0,2,v7,10000.0,ci_lower,chp_operational,150,Adm_12_17,8,24.5
2.0,2.0,2,v7,10000.0,ci_lower,chp_operational,150,Adm_18_49,8,45.5
2.0,2.0,2,v7,10000.0,ci_lower,chp_operational,150,Adm_50_64,8,28.0
2.0,2.0,2,v7,10000.0,ci_lower,chp_operational,150,Adm_65_higher,8,31.5
2.0,2.0,2,v7,10000.0,ci_lower,data_derived,151,ILI_PMP,8,56.0
2.0,2.0,2,v7,10000.0,ci_lower,data_derived,151,ILI_AED,8,45.5
2.0,2.0,2,v7,10000.0,ci_lower,data_derived,151,ILI_CMP,8,52.5
2.0,2.0,2,v7,10000.0,ci_lower,data_derived,151,ILI_School,8,35.0
2.0,2.0,2,v7,10000.0,ci_lower,data_derived,151,ILI_NonSchool,8,10.5
2.0,2.0,2,v7,10000.0,ci_lower,data_derived,151,Fever_RCHE,0,
2.0,2.0,2,v7,10000.0,ci_lower,data_derived,151,Adm_All,8,42.0
2.0,2.0,2,v7,10000.0,ci_lower,data_derived,151,Adm_0_5,8,42.0
2.0,2.0,2,v7,10000.0,ci_lower,data_derived,151,Adm_6_11,8,31.5
2.0,2.0,2,v7,10000.0,ci_lower,data_derived,151,Adm_12_17,8,28.0
2.0,2.0,2,v7,10000.0,ci_lower,data_derived,151,Adm_18_49,8,45.5
2.0,2.0,2,v7,10000.0,ci_lower,data_derived,151,Adm_50_64,8,28.0
2.0,2.0,2,v7,10000.0,ci_lower,data_derived,151,Adm_65_higher,8,31.5
2.0,2.0,2,v7,100000.0,posterior_mean,chp_operational,152,ILI_PMP,8,56.0
2.0,2.0,2,v7,100000.0,posterior_mean,chp_operational,152,ILI_AED,8,45.5
2.0,2.0,2,v7,100000.0,posterior_mean,chp_operational,152,ILI_CMP,8,52.5
2.0,2.0,2,v7,100000.0,posterior_mean,chp_operational,152,ILI_School,8,35.0
2.0,2.0,2,v7,100000.0,posterior_mean,chp_operational,152,ILI_NonSchool,8,28.0
2.0,2.0,2,v7,100000.0,posterior_mean,chp_operational,152,Fever_RCHE,8,52.5
2.0,2.0,2,v7,100000.0,posterior_mean,chp_operational,152,Adm_All,8,56.0
2.0,2.0,2,v7,100000.0,posterior_mean,chp_operational,152,Adm_0_5,8,56.0
2.0,2.0,2,v7,100000.0,posterior_mean,chp_operational,152,Adm_6_11,8,31.5
2.0,2.0,2,v7,100000.0,posterior_mean,chp_operational,152,Adm_12_17,8,24.5
2.0,2.0,2,v7,100000.0,posterior_mean,chp_operational,152,Adm_18_49,8,45.5
2.0,2.0,2,v7,100000.0,posterior_mean,chp_operational,152,Adm_50_64,8,42.0
2.0,2.0,2,v7,100000.0,posterior_mean,chp_operational,152,Adm_65_higher,8,31.5
2.0,2.0,2,v7,100000.0,posterior_mean,data_derived,153,ILI_PMP,8,56.0
2.0,2.0,2,v7,100000.0,posterior_mean,data_derived,153,ILI_AED,8,45.5
2.0,2.0,2,v7,100000.0,posterior_mean,data_derived,153,ILI_CMP,8,52.5
2.0,2.0,2,v7,100000.0,posterior_mean,data_derived,153,ILI_School,8,35.0
2.0,2.0,2,v7,100000.0,posterior_mean,data_derived,153,ILI_NonSchool,8,28.0
2.0,2.0,2,v7,100000.0,posterior_mean,data_derived,153,Fever_RCHE,8,52.5
2.0,2.0,2,v7,100000.0,posterior_mean,data_derived,153,Adm_All,8,56.0
2.0,2.0,2,v7,100000.0,posterior_mean,data_derived,153,Adm_0_5,8,56.0
2.0,2.0,2,v7,100000.0,posterior_mean,data_derived,153,Adm_6_11,8,31.5
2.0,2.0,2,v7,100000.0,posterior_mean,data_derived,153,Adm_12_17,8,28.0
2.0,2.0,2,v7,100000.0,posterior_mean,data_derived,153,Adm_18_49,8,45.5
2.0,2.0,2,v7,100000.0,posterior_mean,data_derived,153,Adm_50_64,8,42.0
2.0,2.0,2,v7,100000.0,posterior_mean,data_derived,153,Adm_65_higher,8,31.5
2.0,2.0,2,v7,100000.0,ci_lower,chp_operational,154,ILI_PMP,8,56.0
2.0,2.0,2,v7,100000.0,ci_lower,chp_operational,154,ILI_AED,8,45.5
2.0,2.0,2,v7,100000.0,ci_lower,chp_operational,154,ILI_CMP,8,52.5
2.0,2.0,2,v7,100000.0,ci_lower,chp_operational,154,ILI_School,8,35.0
2.0,2.0,2,v7,100000.0,ci_lower,chp_operational,154,ILI_NonSchool,8,10.5
2.0,2.0,2,v7,100000.0,ci_lower,chp_operational,154,Fever_RCHE,8,7.0
2.0,2.0,2,v7,100000.0,ci_lower,chp_operational,154,Adm_All,8,45.5
2.0,2.0,2,v7,100000.0,ci_lower,chp_operational,154,Adm_0_5,8,42.0
2.0,2.0,2,v7,100000.0,ci_lower,chp_operational,154,Adm_6_11,8,28.0
2.0,2.0,2,v7,100000.0,ci_lower,chp_operational,154,Adm_12_17,8,24.5
2.0,2.0,2,v7,100000.0,ci_lower,chp_operational,154,Adm_18_49,8,45.5
2.0,2.0,2,v7,100000.0,ci_lower,chp_operational,154,Adm_50_64,8,28.0
2.0,2.0,2,v7,100000.0,ci_lower,chp_operational,154,Adm_65_higher,8,31.5
2.0,2.0,2,v7,100000.0,ci_lower,data_derived,155,ILI_PMP,8,56.0
2.0,2.0,2,v7,100000.0,ci_lower,data_derived,155,ILI_AED,8,45.5
2.0,2.0,2,v7,100000.0,ci_lower,data_derived,155,ILI_CMP,8,52.5
2.0,2.0,2,v7,100000.0,ci_lower,data_derived,155,ILI_School,8,35.0
2.0,2.0,2,v7,100000.0,ci_lower,data_derived,155,ILI_NonSchool,8,10.5
2.0,2.0,2,v7,100000.0,ci_lower,data_derived,155,Fever_RCHE,8,10.5
2.0,2.0,2,v7,100000.0,ci_lower,data_derived,155,Adm_All,8,45.5
2.0,2.0,2,v7,100000.0,ci_lower,data_derived,155,Adm_0_5,8,42.0
2.0,2.0,2,v7,100000.0,ci_lower,data_derived,155,Adm_6_11,8,31.5
2.0,2.0,2,v7,100000.0,ci_lower,data_derived,155,Adm_12_17,8,28.0
2.0,2.0,2,v7,100000.0,ci_lower,data_derived,155,Adm_18_49,8,45.5
2.0,2.0,2,v7,100000.0,ci_lower,data_derived,155,Adm_50_64,8,28.0
2.0,2.0,2,v7,100000.0,ci_lower,data_derived,155,Adm_65_higher,8,31.5
2.0,2.0,2,vague,1000.0,posterior_mean,chp_operational,156,ILI_PMP,8,56.0
2.0,2.0,2,vague,1000.0,posterior_mean,chp_operational,156,ILI_AED,8,45.5
2.0,2.0,2,vague,1000.0,posterior_mean,chp_operational,156,ILI_CMP,6,-31.5
2.0,2.0,2,vague,1000.0,posterior_mean,chp_operational,156,ILI_School,8,31.5
2.0,2.0,2,vague,1000.0,posterior_mean,chp_operational,156,ILI_NonSchool,8,7.0
2.0,2.0,2,vague,1000.0,posterior_mean,chp_operational,156,Fever_RCHE,0,
2.0,2.0,2,vague,1000.0,posterior_mean,chp_operational,156,Adm_All,0,
2.0,2.0,2,vague,1000.0,posterior_mean,chp_operational,156,Adm_0_5,7,-14.0
2.0,2.0,2,vague,1000.0,posterior_mean,chp_operational,156,Adm_6_11,4,-59.5
2.0,2.0,2,vague,1000.0,posterior_mean,chp_operational,156,Adm_12_17,0,
2.0,2.0,2,vague,1000.0,posterior_mean,chp_operational,156,Adm_18_49,0,
2.0,2.0,2,vague,1000.0,posterior_mean,chp_operational,156,Adm_50_64,0,
2.0,2.0,2,vague,1000.0,posterior_mean,chp_operational,156,Adm_65_higher,5,-35.0
2.0,2.0,2,vague,1000.0,posterior_mean,data_derived,157,ILI_PMP,8,56.0
2.0,2.0,2,vague,1000.0,posterior_mean,data_derived,157,ILI_AED,8,45.5
2.0,2.0,2,vague,1000.0,posterior_mean,data_derived,157,ILI_CMP,6,-28.0
2.0,2.0,2,vague,1000.0,posterior_mean,data_derived,157,ILI_School,8,31.5
2.0,2.0,2,vague,1000.0,posterior_mean,data_derived,157,ILI_NonSchool,8,7.0
2.0,2.0,2,vague,1000.0,posterior_mean,data_derived,157,Fever_RCHE,0,
2.0,2.0,2,vague,1000.0,posterior_mean,data_derived,157,Adm_All,0,
2.0,2.0,2,vague,1000.0,posterior_mean,data_derived,157,Adm_0_5,7,-14.0
2.0,2.0,2,vague,1000.0,posterior_mean,data_derived,157,Adm_6_11,4,-56.0
2.0,2.0,2,vague,1000.0,posterior_mean,data_derived,157,Adm_12_17,0,
2.0,2.0,2,vague,1000.0,posterior_mean,data_derived,157,Adm_18_49,0,
2.0,2.0,2,vague,1000.0,posterior_mean,data_derived,157,Adm_50_64,0,
2.0,2.0,2,vague,1000.0,posterior_mean,data_derived,157,Adm_65_higher,5,-35.0
2.0,2.0,2,vague,1000.0,ci_lower,chp_operational,158,ILI_PMP,8,56.0
2.0,2.0,2,vague,1000.0,ci_lower,chp_operational,158,ILI_AED,8,42.0
2.0,2.0,2,vague,1000.0,ci_lower,chp_operational,158,ILI_CMP,5,-28.0
2.0,2.0,2,vague,1000.0,ci_lower,chp_operational,158,ILI_School,8,14.0
2.0,2.0,2,vague,1000.0,ci_lower,chp_operational,158,ILI_NonSchool,8,-10.5
2.0,2.0,2,vague,1000.0,ci_lower,chp_operational,158,Fever_RCHE,0,
2.0,2.0,2,vague,1000.0,ci_lower,chp_operational,158,Adm_All,0,
2.0,2.0,2,vague,1000.0,ci_lower,chp_operational,158,Adm_0_5,7,-21.0
2.0,2.0,2,vague,1000.0,ci_lower,chp_operational,158,Adm_6_11,3,-84.0
2.0,2.0,2,vague,1000.0,ci_lower,chp_operational,158,Adm_12_17,0,
2.0,2.0,2,vague,1000.0,ci_lower,chp_operational,158,Adm_18_49,0,
2.0,2.0,2,vague,1000.0,ci_lower,chp_operational,158,Adm_50_64,0,
2.0,2.0,2,vague,1000.0,ci_lower,chp_operational,158,Adm_65_higher,5,-35.0
2.0,2.0,2,vague,1000.0,ci_lower,data_derived,159,ILI_PMP,8,56.0
2.0,2.0,2,vague,1000.0,ci_lower,data_derived,159,ILI_AED,8,42.0
2.0,2.0,2,vague,1000.0,ci_lower,data_derived,159,ILI_CMP,5,-28.0
2.0,2.0,2,vague,1000.0,ci_lower,data_derived,159,ILI_School,8,14.0
2.0,2.0,2,vague,1000.0,ci_lower,data_derived,159,ILI_NonSchool,8,-10.5
2.0,2.0,2,vague,1000.0,ci_lower,data_derived,159,Fever_RCHE,0,
2.0,2.0,2,vague,1000.0,ci_lower,data_derived,159,Adm_All,0,
2.0,2.0,2,vague,1000.0,ci_lower,data_derived,159,Adm_0_5,7,-14.0
2.0,2.0,2,vague,1000.0,ci_lower,data_derived,159,Adm_6_11,3,-77.0
2.0,2.0,2,vague,1000.0,ci_lower,data_derived,159,Adm_12_17,0,
2.0,2.0,2,vague,1000.0,ci_lower,data_derived,159,Adm_18_49,0,
2.0,2.0,2,vague,1000.0,ci_lower,data_derived,159,Adm_50_64,0,
2.0,2.0,2,vague,1000.0,ci_lower,data_derived,159,Adm_65_higher,5,-35.0
2.0,2.0,2,vague,10000.0,posterior_mean,chp_operational,160,ILI_PMP,8,56.0
2.0,2.0,2,vague,10000.0,posterior_mean,chp_operational,160,ILI_AED,8,45.5
2.0,2.0,2,vague,10000.0,posterior_mean,chp_operational,160,ILI_CMP,8,52.5
2.0,2.0,2,vague,10000.0,posterior_mean,chp_operational,160,ILI_School,8,31.5
2.0,2.0,2,vague,10000.0,posterior_mean,chp_operational,160,ILI_NonSchool,8,10.5
2.0,2.0,2,vague,10000.0,posterior_mean,chp_operational,160,Fever_RCHE,0,
2.0,2.0,2,vague,10000.0,posterior_mean,chp_operational,160,Adm_All,8,-17.5
2.0,2.0,2,vague,10000.0,posterior_mean,chp_operational,160,Adm_0_5,8,24.5
2.0,2.0,2,vague,10000.0,posterior_mean,chp_operational,160,Adm_6_11,8,14.0
2.0,2.0,2,vague,10000.0,posterior_mean,chp_operational,160,Adm_12_17,8,-17.5
2.0,2.0,2,vague,10000.0,posterior_mean,chp_operational,160,Adm_18_49,5,-28.0
2.0,2.0,2,vague,10000.0,posterior_mean,chp_operational,160,Adm_50_64,8,-21.0
2.0,2.0,2,vague,10000.0,posterior_mean,chp_operational,160,Adm_65_higher,8,-3.5
2.0,2.0,2,vague,10000.0,posterior_mean,data_derived,161,ILI_PMP,8,56.0
2.0,2.0,2,vague,10000.0,posterior_mean,data_derived,161,ILI_AED,8,45.5
2.0,2.0,2,vague,10000.0,posterior_mean,data_derived,161,ILI_CMP,8,52.5
2.0,2.0,2,vague,10000.0,posterior_mean,data_derived,161,ILI_School,8,31.5
2.0,2.0,2,vague,10000.0,posterior_mean,data_derived,161,ILI_NonSchool,8,10.5
2.0,2.0,2,vague,10000.0,posterior_mean,data_derived,161,Fever_RCHE,0,
2.0,2.0,2,vague,10000.0,posterior_mean,data_derived,161,Adm_All,8,-14.0
2.0,2.0,2,vague,10000.0,posterior_mean,data_derived,161,Adm_0_5,8,28.0
2.0,2.0,2,vague,10000.0,posterior_mean,data_derived,161,Adm_6_11,8,17.5
2.0,2.0,2,vague,10000.0,posterior_mean,data_derived,161,Adm_12_17,8,-14.0
2.0,2.0,2,vague,10000.0,posterior_mean,data_derived,161,Adm_18_49,5,-28.0
2.0,2.0,2,vague,10000.0,posterior_mean,data_derived,161,Adm_50_64,8,-17.5
2.0,2.0,2,vague,10000.0,posterior_mean,data_derived,161,Adm_65_higher,8,0.0
2.0,2.0,2,vague,10000.0,ci_lower,chp_operational,162,ILI_PMP,8,56.0
2.0,2.0,2,vague,10000.0,ci_lower,chp_operational,162,ILI_AED,8,45.5
2.0,2.0,2,vague,10000.0,ci_lower,chp_operational,162,ILI_CMP,8,52.5
2.0,2.0,2,vague,10000.0,ci_lower,chp_operational,162,ILI_School,8,31.5
2.0,2.0,2,vague,10000.0,ci_lower,chp_operational,162,ILI_NonSchool,8,10.5
2.0,2.0,2,vague,10000.0,ci_lower,chp_operational,162,Fever_RCHE,0,
2.0,2.0,2,vague,10000.0,ci_lower,chp_operational,162,Adm_All,8,-17.5
2.0,2.0,2,vague,10000.0,ci_lower,chp_operational,162,Adm_0_5,8,24.5
2.0,2.0,2,vague,10000.0,ci_lower,chp_operational,162,Adm_6_11,8,14.0
2.0,2.0,2,vague,10000.0,ci_lower,chp_operational,162,Adm_12_17,8,-17.5
2.0,2.0,2,vague,10000.0,ci_lower,chp_operational,162,Adm_18_49,5,-28.0
2.0,2.0,2,vague,10000.0,ci_lower,chp_operational,162,Adm_50_64,8,-21.0
2.0,2.0,2,vague,10000.0,ci_lower,chp_operational,162,Adm_65_higher,8,-3.5
2.0,2.0,2,vague,10000.0,ci_lower,data_derived,163,ILI_PMP,8,56.0
2.0,2.0,2,vague,10000.0,ci_lower,data_derived,163,ILI_AED,8,45.5
2.0,2.0,2,vague,10000.0,ci_lower,data_derived,163,ILI_CMP,8,52.5
2.0,2.0,2,vague,10000.0,ci_lower,data_derived,163,ILI_School,8,31.5
2.0,2.0,2,vague,10000.0,ci_lower,data_derived,163,ILI_NonSchool,8,10.5
2.0,2.0,2,vague,10000.0,ci_lower,data_derived,163,Fever_RCHE,0,
2.0,2.0,2,vague,10000.0,ci_lower,data_derived,163,Adm_All,8,-14.0
2.0,2.0,2,vague,10000.0,ci_lower,data_derived,163,Adm_0_5,8,28.0
2.0,2.0,2,vague,10000.0,ci_lower,data_derived,163,Adm_6_11,8,17.5
2.0,2.0,2,vague,10000.0,ci_lower,data_derived,163,Adm_12_17,8,-14.0
2.0,2.0,2,vague,10000.0,ci_lower,data_derived,163,Adm_18_49,5,-28.0
2.0,2.0,2,vague,10000.0,ci_lower,data_derived,163,Adm_50_64,8,-17.5
2.0,2.0,2,vague,10000.0,ci_lower,data_derived,163,Adm_65_higher,8,0.0
2.0,2.0,2,vague,100000.0,posterior_mean,chp_operational,164,ILI_PMP,8,56.0
2.0,2.0,2,vague,100000.0,posterior_mean,chp_operational,164,ILI_AED,8,45.5
2.0,2.0,2,vague,100000.0,posterior_mean,chp_operational,164,ILI_CMP,8,52.5
2.0,2.0,2,vague,100000.0,posterior_mean,chp_operational,164,ILI_School,8,35.0
2.0,2.0,2,vague,100000.0,posterior_mean,chp_operational,164,ILI_NonSchool,8,10.5
2.0,2.0,2,vague,100000.0,posterior_mean,chp_operational,164,Fever_RCHE,0,
2.0,2.0,2,vague,100000.0,posterior_mean,chp_operational,164,Adm_All,8,28.0
2.0,2.0,2,vague,100000.0,posterior_mean,chp_operational,164,Adm_0_5,8,42.0
2.0,2.0,2,vague,100000.0,posterior_mean,chp_operational,164,Adm_6_11,8,28.0
2.0,2.0,2,vague,100000.0,posterior_mean,chp_operational,164,Adm_12_17,8,24.5
2.0,2.0,2,vague,100000.0,posterior_mean,chp_operational,164,Adm_18_49,8,10.5
2.0,2.0,2,vague,100000.0,posterior_mean,chp_operational,164,Adm_50_64,8,24.5
2.0,2.0,2,vague,100000.0,posterior_mean,chp_operational,164,Adm_65_higher,8,31.5
2.0,2.0,2,vague,100000.0,posterior_mean,data_derived,165,ILI_PMP,8,56.0
2.0,2.0,2,vague,100000.0,posterior_mean,data_derived,165,ILI_AED,8,45.5
2.0,2.0,2,vague,100000.0,posterior_mean,data_derived,165,ILI_CMP,8,52.5
2.0,2.0,2,vague,100000.0,posterior_mean,data_derived,165,ILI_School,8,35.0
2.0,2.0,2,vague,100000.0,posterior_mean,data_derived,165,ILI_NonSchool,8,10.5
2.0,2.0,2,vague,100000.0,posterior_mean,data_derived,165,Fever_RCHE,0,
2.0,2.0,2,vague,100000.0,posterior_mean,data_derived,165,Adm_All,8,31.5
2.0,2.0,2,vague,100000.0,posterior_mean,data_derived,165,Adm_0_5,8,42.0
2.0,2.0,2,vague,100000.0,posterior_mean,data_derived,165,Adm_6_11,8,31.5
2.0,2.0,2,vague,100000.0,posterior_mean,data_derived,165,Adm_12_17,8,28.0
2.0,2.0,2,vague,100000.0,posterior_mean,data_derived,165,Adm_18_49,8,14.0
2.0,2.0,2,vague,100000.0,posterior_mean,data_derived,165,Adm_50_64,8,24.5
2.0,2.0,2,vague,100000.0,posterior_mean,data_derived,165,Adm_65_higher,8,31.5
2.0,2.0,2,vague,100000.0,ci_lower,chp_operational,166,ILI_PMP,8,56.0
2.0,2.0,2,vague,100000.0,ci_lower,chp_operational,166,ILI_AED,8,45.5
2.0,2.0,2,vague,100000.0,ci_lower,chp_operational,166,ILI_CMP,8,52.5
2.0,2.0,2,vague,100000.0,ci_lower,chp_operational,166,ILI_School,8,35.0
2.0,2.0,2,vague,100000.0,ci_lower,chp_operational,166,ILI_NonSchool,8,10.5
2.0,2.0,2,vague,100000.0,ci_lower,chp_operational,166,Fever_RCHE,0,
2.0,2.0,2,vague,100000.0,ci_lower,chp_operational,166,Adm_All,8,28.0
2.0,2.0,2,vague,100000.0,ci_lower,chp_operational,166,Adm_0_5,8,42.0
2.0,2.0,2,vague,100000.0,ci_lower,chp_operational,166,Adm_6_11,8,28.0
2.0,2.0,2,vague,100000.0,ci_lower,chp_operational,166,Adm_12_17,8,24.5
2.0,2.0,2,vague,100000.0,ci_lower,chp_operational,166,Adm_18_49,8,3.5
2.0,2.0,2,vague,100000.0,ci_lower,chp_operational,166,Adm_50_64,8,24.5
2.0,2.0,2,vague,100000.0,ci_lower,chp_operational,166,Adm_65_higher,8,31.5
2.0,2.0,2,vague,100000.0,ci_lower,data_derived,167,ILI_PMP,8,56.0
2.0,2.0,2,vague,100000.0,ci_lower,data_derived,167,ILI_AED,8,45.5
2.0,2.0,2,vague,100000.0,ci_lower,data_derived,167,ILI_CMP,8,52.5
2.0,2.0,2,vague,100000.0,ci_lower,data_derived,167,ILI_School,8,35.0
2.0,2.0,2,vague,100000.0,ci_lower,data_derived,167,ILI_NonSchool,8,10.5
2.0,2.0,2,vague,100000.0,ci_lower,data_derived,167,Fever_RCHE,0,
2.0,2.0,2,vague,100000.0,ci_lower,data_derived,167,Adm_All,8,31.5
2.0,2.0,2,vague,100000.0,ci_lower,data_derived,167,Adm_0_5,8,42.0
2.0,2.0,2,vague,100000.0,ci_lower,data_derived,167,Adm_6_11,8,31.5
2.0,2.0,2,vague,100000.0,ci_lower,data_derived,167,Adm_12_17,8,28.0
2.0,2.0,2,vague,100000.0,ci_lower,data_derived,167,Adm_18_49,8,3.5
2.0,2.0,2,vague,100000.0,ci_lower,data_derived,167,Adm_50_64,8,24.5
2.0,2.0,2,vague,100000.0,ci_lower,data_derived,167,Adm_65_higher,8,31.5
2.0,2.0,2,weak_wide,1000.0,posterior_mean,chp_operational,168,ILI_PMP,8,56.0
2.0,2.0,2,weak_wide,1000.0,posterior_mean,chp_operational,168,ILI_AED,8,45.5
2.0,2.0,2,weak_wide,1000.0,posterior_mean,chp_operational,168,ILI_CMP,8,52.5
2.0,2.0,2,weak_wide,1000.0,posterior_mean,chp_operational,168,ILI_School,8,35.0
2.0,2.0,2,weak_wide,1000.0,posterior_mean,chp_operational,168,ILI_NonSchool,8,42.0
2.0,2.0,2,weak_wide,1000.0,posterior_mean,chp_operational,168,Fever_RCHE,8,56.0
2.0,2.0,2,weak_wide,1000.0,posterior_mean,chp_operational,168,Adm_All,8,56.0
2.0,2.0,2,weak_wide,1000.0,posterior_mean,chp_operational,168,Adm_0_5,8,56.0
2.0,2.0,2,weak_wide,1000.0,posterior_mean,chp_operational,168,Adm_6_11,8,52.5
2.0,2.0,2,weak_wide,1000.0,posterior_mean,chp_operational,168,Adm_12_17,8,56.0
2.0,2.0,2,weak_wide,1000.0,posterior_mean,chp_operational,168,Adm_18_49,8,45.5
2.0,2.0,2,weak_wide,1000.0,posterior_mean,chp_operational,168,Adm_50_64,8,52.5
2.0,2.0,2,weak_wide,1000.0,posterior_mean,chp_operational,168,Adm_65_higher,8,35.0
2.0,2.0,2,weak_wide,1000.0,posterior_mean,data_derived,169,ILI_PMP,8,56.0
2.0,2.0,2,weak_wide,1000.0,posterior_mean,data_derived,169,ILI_AED,8,45.5
2.0,2.0,2,weak_wide,1000.0,posterior_mean,data_derived,169,ILI_CMP,8,52.5
2.0,2.0,2,weak_wide,1000.0,posterior_mean,data_derived,169,ILI_School,8,35.0
2.0,2.0,2,weak_wide,1000.0,posterior_mean,data_derived,169,ILI_NonSchool,8,45.5
2.0,2.0,2,weak_wide,1000.0,posterior_mean,data_derived,169,Fever_RCHE,8,56.0
2.0,2.0,2,weak_wide,1000.0,posterior_mean,data_derived,169,Adm_All,8,56.0
2.0,2.0,2,weak_wide,1000.0,posterior_mean,data_derived,169,Adm_0_5,8,56.0
2.0,2.0,2,weak_wide,1000.0,posterior_mean,data_derived,169,Adm_6_11,8,52.5
2.0,2.0,2,weak_wide,1000.0,posterior_mean,data_derived,169,Adm_12_17,8,56.0
2.0,2.0,2,weak_wide,1000.0,posterior_mean,data_derived,169,Adm_18_49,8,45.5
2.0,2.0,2,weak_wide,1000.0,posterior_mean,data_derived,169,Adm_50_64,8,52.5
2.0,2.0,2,weak_wide,1000.0,posterior_mean,data_derived,169,Adm_65_higher,8,35.0
2.0,2.0,2,weak_wide,1000.0,ci_lower,chp_operational,170,ILI_PMP,8,56.0
2.0,2.0,2,weak_wide,1000.0,ci_lower,chp_operational,170,ILI_AED,8,45.5
2.0,2.0,2,weak_wide,1000.0,ci_lower,chp_operational,170,ILI_CMP,8,52.5
2.0,2.0,2,weak_wide,1000.0,ci_lower,chp_operational,170,ILI_School,8,31.5
2.0,2.0,2,weak_wide,1000.0,ci_lower,chp_operational,170,ILI_NonSchool,8,10.5
2.0,2.0,2,weak_wide,1000.0,ci_lower,chp_operational,170,Fever_RCHE,0,
2.0,2.0,2,weak_wide,1000.0,ci_lower,chp_operational,170,Adm_All,8,31.5
2.0,2.0,2,weak_wide,1000.0,ci_lower,chp_operational,170,Adm_0_5,8,42.0
2.0,2.0,2,weak_wide,1000.0,ci_lower,chp_operational,170,Adm_6_11,8,28.0
2.0,2.0,2,weak_wide,1000.0,ci_lower,chp_operational,170,Adm_12_17,8,24.5
2.0,2.0,2,weak_wide,1000.0,ci_lower,chp_operational,170,Adm_18_49,8,45.5
2.0,2.0,2,weak_wide,1000.0,ci_lower,chp_operational,170,Adm_50_64,8,28.0
2.0,2.0,2,weak_wide,1000.0,ci_lower,chp_operational,170,Adm_65_higher,8,31.5
2.0,2.0,2,weak_wide,1000.0,ci_lower,data_derived,171,ILI_PMP,8,56.0
2.0,2.0,2,weak_wide,1000.0,ci_lower,data_derived,171,ILI_AED,8,45.5
2.0,2.0,2,weak_wide,1000.0,ci_lower,data_derived,171,ILI_CMP,8,52.5
2.0,2.0,2,weak_wide,1000.0,ci_lower,data_derived,171,ILI_School,8,31.5
2.0,2.0,2,weak_wide,1000.0,ci_lower,data_derived,171,ILI_NonSchool,8,10.5
2.0,2.0,2,weak_wide,1000.0,ci_lower,data_derived,171,Fever_RCHE,0,
2.0,2.0,2,weak_wide,1000.0,ci_lower,data_derived,171,Adm_All,8,35.0
2.0,2.0,2,weak_wide,1000.0,ci_lower,data_derived,171,Adm_0_5,8,42.0
2.0,2.0,2,weak_wide,1000.0,ci_lower,data_derived,171,Adm_6_11,8,31.5
2.0,2.0,2,weak_wide,1000.0,ci_lower,data_derived,171,Adm_12_17,8,28.0
2.0,2.0,2,weak_wide,1000.0,ci_lower,data_derived,171,Adm_18_49,8,45.5
2.0,2.0,2,weak_wide,1000.0,ci_lower,data_derived,171,Adm_50_64,8,28.0
2.0,2.0,2,weak_wide,1000.0,ci_lower,data_derived,171,Adm_65_higher,8,31.5
2.0,2.0,2,weak_wide,10000.0,posterior_mean,chp_operational,172,ILI_PMP,8,56.0
2.0,2.0,2,weak_wide,10000.0,posterior_mean,chp_operational,172,ILI_AED,8,45.5
2.0,2.0,2,weak_wide,10000.0,posterior_mean,chp_operational,172,ILI_CMP,8,52.5
2.0,2.0,2,weak_wide,10000.0,posterior_mean,chp_operational,172,ILI_School,8,35.0
2.0,2.0,2,weak_wide,10000.0,posterior_mean,chp_operational,172,ILI_NonSchool,8,42.0
2.0,2.0,2,weak_wide,10000.0,posterior_mean,chp_operational,172,Fever_RCHE,8,56.0
2.0,2.0,2,weak_wide,10000.0,posterior_mean,chp_operational,172,Adm_All,8,56.0
2.0,2.0,2,weak_wide,10000.0,posterior_mean,chp_operational,172,Adm_0_5,8,56.0
2.0,2.0,2,weak_wide,10000.0,posterior_mean,chp_operational,172,Adm_6_11,8,52.5
2.0,2.0,2,weak_wide,10000.0,posterior_mean,chp_operational,172,Adm_12_17,8,56.0
2.0,2.0,2,weak_wide,10000.0,posterior_mean,chp_operational,172,Adm_18_49,8,45.5
2.0,2.0,2,weak_wide,10000.0,posterior_mean,chp_operational,172,Adm_50_64,8,42.0
2.0,2.0,2,weak_wide,10000.0,posterior_mean,chp_operational,172,Adm_65_higher,8,31.5
2.0,2.0,2,weak_wide,10000.0,posterior_mean,data_derived,173,ILI_PMP,8,56.0
2.0,2.0,2,weak_wide,10000.0,posterior_mean,data_derived,173,ILI_AED,8,45.5
2.0,2.0,2,weak_wide,10000.0,posterior_mean,data_derived,173,ILI_CMP,8,52.5
2.0,2.0,2,weak_wide,10000.0,posterior_mean,data_derived,173,ILI_School,8,35.0
2.0,2.0,2,weak_wide,10000.0,posterior_mean,data_derived,173,ILI_NonSchool,8,45.5
2.0,2.0,2,weak_wide,10000.0,posterior_mean,data_derived,173,Fever_RCHE,8,56.0
2.0,2.0,2,weak_wide,10000.0,posterior_mean,data_derived,173,Adm_All,8,56.0
2.0,2.0,2,weak_wide,10000.0,posterior_mean,data_derived,173,Adm_0_5,8,56.0
2.0,2.0,2,weak_wide,10000.0,posterior_mean,data_derived,173,Adm_6_11,8,52.5
2.0,2.0,2,weak_wide,10000.0,posterior_mean,data_derived,173,Adm_12_17,8,56.0
2.0,2.0,2,weak_wide,10000.0,posterior_mean,data_derived,173,Adm_18_49,8,45.5
2.0,2.0,2,weak_wide,10000.0,posterior_mean,data_derived,173,Adm_50_64,8,42.0
2.0,2.0,2,weak_wide,10000.0,posterior_mean,data_derived,173,Adm_65_higher,8,31.5
2.0,2.0,2,weak_wide,10000.0,ci_lower,chp_operational,174,ILI_PMP,8,56.0
2.0,2.0,2,weak_wide,10000.0,ci_lower,chp_operational,174,ILI_AED,8,45.5
2.0,2.0,2,weak_wide,10000.0,ci_lower,chp_operational,174,ILI_CMP,8,52.5
2.0,2.0,2,weak_wide,10000.0,ci_lower,chp_operational,174,ILI_School,8,35.0
2.0,2.0,2,weak_wide,10000.0,ci_lower,chp_operational,174,ILI_NonSchool,8,10.5
2.0,2.0,2,weak_wide,10000.0,ci_lower,chp_operational,174,Fever_RCHE,6,-35.0
2.0,2.0,2,weak_wide,10000.0,ci_lower,chp_operational,174,Adm_All,8,45.5
2.0,2.0,2,weak_wide,10000.0,ci_lower,chp_operational,174,Adm_0_5,8,42.0
2.0,2.0,2,weak_wide,10000.0,ci_lower,chp_operational,174,Adm_6_11,8,28.0
2.0,2.0,2,weak_wide,10000.0,ci_lower,chp_operational,174,Adm_12_17,8,24.5
2.0,2.0,2,weak_wide,10000.0,ci_lower,chp_operational,174,Adm_18_49,8,45.5
2.0,2.0,2,weak_wide,10000.0,ci_lower,chp_operational,174,Adm_50_64,8,28.0
2.0,2.0,2,weak_wide,10000.0,ci_lower,chp_operational,174,Adm_65_higher,8,31.5
2.0,2.0,2,weak_wide,10000.0,ci_lower,data_derived,175,ILI_PMP,8,56.0
2.0,2.0,2,weak_wide,10000.0,ci_lower,data_derived,175,ILI_AED,8,45.5
2.0,2.0,2,weak_wide,10000.0,ci_lower,data_derived,175,ILI_CMP,8,52.5
2.0,2.0,2,weak_wide,10000.0,ci_lower,data_derived,175,ILI_School,8,35.0
2.0,2.0,2,weak_wide,10000.0,ci_lower,data_derived,175,ILI_NonSchool,8,10.5
2.0,2.0,2,weak_wide,10000.0,ci_lower,data_derived,175,Fever_RCHE,6,-31.5
2.0,2.0,2,weak_wide,10000.0,ci_lower,data_derived,175,Adm_All,8,45.5
2.0,2.0,2,weak_wide,10000.0,ci_lower,data_derived,175,Adm_0_5,8,42.0
2.0,2.0,2,weak_wide,10000.0,ci_lower,data_derived,175,Adm_6_11,8,31.5
2.0,2.0,2,weak_wide,10000.0,ci_lower,data_derived,175,Adm_12_17,8,28.0
2.0,2.0,2,weak_wide,10000.0,ci_lower,data_derived,175,Adm_18_49,8,45.5
2.0,2.0,2,weak_wide,10000.0,ci_lower,data_derived,175,Adm_50_64,8,28.0
2.0,2.0,2,weak_wide,10000.0,ci_lower,data_derived,175,Adm_65_higher,8,31.5
2.0,2.0,2,weak_wide,100000.0,posterior_mean,chp_operational,176,ILI_PMP,8,56.0
2.0,2.0,2,weak_wide,100000.0,posterior_mean,chp_operational,176,ILI_AED,8,45.5
2.0,2.0,2,weak_wide,100000.0,posterior_mean,chp_operational,176,ILI_CMP,8,52.5
2.0,2.0,2,weak_wide,100000.0,posterior_mean,chp_operational,176,ILI_School,8,35.0
2.0,2.0,2,weak_wide,100000.0,posterior_mean,chp_operational,176,ILI_NonSchool,8,42.0
2.0,2.0,2,weak_wide,100000.0,posterior_mean,chp_operational,176,Fever_RCHE,8,52.5
2.0,2.0,2,weak_wide,100000.0,posterior_mean,chp_operational,176,Adm_All,8,56.0
2.0,2.0,2,weak_wide,100000.0,posterior_mean,chp_operational,176,Adm_0_5,8,56.0
2.0,2.0,2,weak_wide,100000.0,posterior_mean,chp_operational,176,Adm_6_11,8,49.0
2.0,2.0,2,weak_wide,100000.0,posterior_mean,chp_operational,176,Adm_12_17,8,56.0
2.0,2.0,2,weak_wide,100000.0,posterior_mean,chp_operational,176,Adm_18_49,8,45.5
2.0,2.0,2,weak_wide,100000.0,posterior_mean,chp_operational,176,Adm_50_64,8,42.0
2.0,2.0,2,weak_wide,100000.0,posterior_mean,chp_operational,176,Adm_65_higher,8,31.5
2.0,2.0,2,weak_wide,100000.0,posterior_mean,data_derived,177,ILI_PMP,8,56.0
2.0,2.0,2,weak_wide,100000.0,posterior_mean,data_derived,177,ILI_AED,8,45.5
2.0,2.0,2,weak_wide,100000.0,posterior_mean,data_derived,177,ILI_CMP,8,52.5
2.0,2.0,2,weak_wide,100000.0,posterior_mean,data_derived,177,ILI_School,8,35.0
2.0,2.0,2,weak_wide,100000.0,posterior_mean,data_derived,177,ILI_NonSchool,8,45.5
2.0,2.0,2,weak_wide,100000.0,posterior_mean,data_derived,177,Fever_RCHE,8,52.5
2.0,2.0,2,weak_wide,100000.0,posterior_mean,data_derived,177,Adm_All,8,56.0
2.0,2.0,2,weak_wide,100000.0,posterior_mean,data_derived,177,Adm_0_5,8,56.0
2.0,2.0,2,weak_wide,100000.0,posterior_mean,data_derived,177,Adm_6_11,8,49.0
2.0,2.0,2,weak_wide,100000.0,posterior_mean,data_derived,177,Adm_12_17,8,56.0
2.0,2.0,2,weak_wide,100000.0,posterior_mean,data_derived,177,Adm_18_49,8,45.5
2.0,2.0,2,weak_wide,100000.0,posterior_mean,data_derived,177,Adm_50_64,8,42.0
2.0,2.0,2,weak_wide,100000.0,posterior_mean,data_derived,177,Adm_65_higher,8,31.5
2.0,2.0,2,weak_wide,100000.0,ci_lower,chp_operational,178,ILI_PMP,8,56.0
2.0,2.0,2,weak_wide,100000.0,ci_lower,chp_operational,178,ILI_AED,8,45.5
2.0,2.0,2,weak_wide,100000.0,ci_lower,chp_operational,178,ILI_CMP,8,52.5
2.0,2.0,2,weak_wide,100000.0,ci_lower,chp_operational,178,ILI_School,8,35.0
2.0,2.0,2,weak_wide,100000.0,ci_lower,chp_operational,178,ILI_NonSchool,8,10.5
2.0,2.0,2,weak_wide,100000.0,ci_lower,chp_operational,178,Fever_RCHE,8,24.5
2.0,2.0,2,weak_wide,100000.0,ci_lower,chp_operational,178,Adm_All,8,45.5
2.0,2.0,2,weak_wide,100000.0,ci_lower,chp_operational,178,Adm_0_5,8,42.0
2.0,2.0,2,weak_wide,100000.0,ci_lower,chp_operational,178,Adm_6_11,8,28.0
2.0,2.0,2,weak_wide,100000.0,ci_lower,chp_operational,178,Adm_12_17,8,24.5
2.0,2.0,2,weak_wide,100000.0,ci_lower,chp_operational,178,Adm_18_49,8,45.5
2.0,2.0,2,weak_wide,100000.0,ci_lower,chp_operational,178,Adm_50_64,8,28.0
2.0,2.0,2,weak_wide,100000.0,ci_lower,chp_operational,178,Adm_65_higher,8,31.5
2.0,2.0,2,weak_wide,100000.0,ci_lower,data_derived,179,ILI_PMP,8,56.0
2.0,2.0,2,weak_wide,100000.0,ci_lower,data_derived,179,ILI_AED,8,45.5
2.0,2.0,2,weak_wide,100000.0,ci_lower,data_derived,179,ILI_CMP,8,52.5
2.0,2.0,2,weak_wide,100000.0,ci_lower,data_derived,179,ILI_School,8,35.0
2.0,2.0,2,weak_wide,100000.0,ci_lower,data_derived,179,ILI_NonSchool,8,10.5
2.0,2.0,2,weak_wide,100000.0,ci_lower,data_derived,179,Fever_RCHE,8,28.0
2.0,2.0,2,weak_wide,100000.0,ci_lower,data_derived,179,Adm_All,8,45.5
2.0,2.0,2,weak_wide,100000.0,ci_lower,data_derived,179,Adm_0_5,8,42.0
2.0,2.0,2,weak_wide,100000.0,ci_lower,data_derived,179,Adm_6_11,8,31.5
2.0,2.0,2,weak_wide,100000.0,ci_lower,data_derived,179,Adm_12_17,8,28.0
2.0,2.0,2,weak_wide,100000.0,ci_lower,data_derived,179,Adm_18_49,8,45.5
2.0,2.0,2,weak_wide,100000.0,ci_lower,data_derived,179,Adm_50_64,8,28.0
2.0,2.0,2,weak_wide,100000.0,ci_lower,data_derived,179,Adm_65_higher,8,31.5
2.0,2.0,3,v7,1000.0,posterior_mean,chp_operational,180,ILI_PMP,8,49.0
2.0,2.0,3,v7,1000.0,posterior_mean,chp_operational,180,ILI_AED,8,38.5
2.0,2.0,3,v7,1000.0,posterior_mean,chp_operational,180,ILI_CMP,8,45.5
2.0,2.0,3,v7,1000.0,posterior_mean,chp_operational,180,ILI_School,8,31.5
2.0,2.0,3,v7,1000.0,posterior_mean,chp_operational,180,ILI_NonSchool,8,10.5
2.0,2.0,3,v7,1000.0,posterior_mean,chp_operational,180,Fever_RCHE,0,
2.0,2.0,3,v7,1000.0,posterior_mean,chp_operational,180,Adm_All,8,35.0
2.0,2.0,3,v7,1000.0,posterior_mean,chp_operational,180,Adm_0_5,8,38.5
2.0,2.0,3,v7,1000.0,posterior_mean,chp_operational,180,Adm_6_11,8,28.0
2.0,2.0,3,v7,1000.0,posterior_mean,chp_operational,180,Adm_12_17,8,24.5
2.0,2.0,3,v7,1000.0,posterior_mean,chp_operational,180,Adm_18_49,8,7.0
2.0,2.0,3,v7,1000.0,posterior_mean,chp_operational,180,Adm_50_64,8,21.0
2.0,2.0,3,v7,1000.0,posterior_mean,chp_operational,180,Adm_65_higher,8,24.5
2.0,2.0,3,v7,1000.0,posterior_mean,data_derived,181,ILI_PMP,8,49.0
2.0,2.0,3,v7,1000.0,posterior_mean,data_derived,181,ILI_AED,8,38.5
2.0,2.0,3,v7,1000.0,posterior_mean,data_derived,181,ILI_CMP,8,45.5
2.0,2.0,3,v7,1000.0,posterior_mean,data_derived,181,ILI_School,8,31.5
2.0,2.0,3,v7,1000.0,posterior_mean,data_derived,181,ILI_NonSchool,8,10.5
2.0,2.0,3,v7,1000.0,posterior_mean,data_derived,181,Fever_RCHE,0,
2.0,2.0,3,v7,1000.0,posterior_mean,data_derived,181,Adm_All,8,35.0
2.0,2.0,3,v7,1000.0,posterior_mean,data_derived,181,Adm_0_5,8,38.5
2.0,2.0,3,v7,1000.0,posterior_mean,data_derived,181,Adm_6_11,8,28.0
2.0,2.0,3,v7,1000.0,posterior_mean,data_derived,181,Adm_12_17,8,24.5
2.0,2.0,3,v7,1000.0,posterior_mean,data_derived,181,Adm_18_49,8,7.0
2.0,2.0,3,v7,1000.0,posterior_mean,data_derived,181,Adm_50_64,8,21.0
2.0,2.0,3,v7,1000.0,posterior_mean,data_derived,181,Adm_65_higher,8,24.5
2.0,2.0,3,v7,1000.0,ci_lower,chp_operational,182,ILI_PMP,8,49.0
2.0,2.0,3,v7,1000.0,ci_lower,chp_operational,182,ILI_AED,8,38.5
2.0,2.0,3,v7,1000.0,ci_lower,chp_operational,182,ILI_CMP,8,45.5
2.0,2.0,3,v7,1000.0,ci_lower,chp_operational,182,ILI_School,8,31.5
2.0,2.0,3,v7,1000.0,ci_lower,chp_operational,182,ILI_NonSchool,8,10.5
2.0,2.0,3,v7,1000.0,ci_lower,chp_operational,182,Fever_RCHE,0,
2.0,2.0,3,v7,1000.0,ci_lower,chp_operational,182,Adm_All,8,14.0
2.0,2.0,3,v7,1000.0,ci_lower,chp_operational,182,Adm_0_5,8,38.5
2.0,2.0,3,v7,1000.0,ci_lower,chp_operational,182,Adm_6_11,8,24.5
2.0,2.0,3,v7,1000.0,ci_lower,chp_operational,182,Adm_12_17,8,24.5
2.0,2.0,3,v7,1000.0,ci_lower,chp_operational,182,Adm_18_49,8,3.5
2.0,2.0,3,v7,1000.0,ci_lower,chp_operational,182,Adm_50_64,8,10.5
2.0,2.0,3,v7,1000.0,ci_lower,chp_operational,182,Adm_65_higher,8,24.5
2.0,2.0,3,v7,1000.0,ci_lower,data_derived,183,ILI_PMP,8,49.0
2.0,2.0,3,v7,1000.0,ci_lower,data_derived,183,ILI_AED,8,38.5
2.0,2.0,3,v7,1000.0,ci_lower,data_derived,183,ILI_CMP,8,45.5
2.0,2.0,3,v7,1000.0,ci_lower,data_derived,183,ILI_School,8,31.5
2.0,2.0,3,v7,1000.0,ci_lower,data_derived,183,ILI_NonSchool,8,10.5
2.0,2.0,3,v7,1000.0,ci_lower,data_derived,183,Fever_RCHE,0,
2.0,2.0,3,v7,1000.0,ci_lower,data_derived,183,Adm_All,8,17.5
2.0,2.0,3,v7,1000.0,ci_lower,data_derived,183,Adm_0_5,8,38.5
2.0,2.0,3,v7,1000.0,ci_lower,data_derived,183,Adm_6_11,8,24.5
2.0,2.0,3,v7,1000.0,ci_lower,data_derived,183,Adm_12_17,8,24.5
2.0,2.0,3,v7,1000.0,ci_lower,data_derived,183,Adm_18_49,8,3.5
2.0,2.0,3,v7,1000.0,ci_lower,data_derived,183,Adm_50_64,8,10.5
2.0,2.0,3,v7,1000.0,ci_lower,data_derived,183,Adm_65_higher,8,24.5
2.0,2.0,3,v7,10000.0,posterior_mean,chp_operational,184,ILI_PMP,8,49.0
2.0,2.0,3,v7,10000.0,posterior_mean,chp_operational,184,ILI_AED,8,38.5
2.0,2.0,3,v7,10000.0,posterior_mean,chp_operational,184,ILI_CMP,8,45.5
2.0,2.0,3,v7,10000.0,posterior_mean,chp_operational,184,ILI_School,8,31.5
2.0,2.0,3,v7,10000.0,posterior_mean,chp_operational,184,ILI_NonSchool,8,10.5
2.0,2.0,3,v7,10000.0,posterior_mean,chp_operational,184,Fever_RCHE,8,7.0
2.0,2.0,3,v7,10000.0,posterior_mean,chp_operational,184,Adm_All,8,35.0
2.0,2.0,3,v7,10000.0,posterior_mean,chp_operational,184,Adm_0_5,8,38.5
2.0,2.0,3,v7,10000.0,posterior_mean,chp_operational,184,Adm_6_11,8,28.0
2.0,2.0,3,v7,10000.0,posterior_mean,chp_operational,184,Adm_12_17,8,24.5
2.0,2.0,3,v7,10000.0,posterior_mean,chp_operational,184,Adm_18_49,8,42.0
2.0,2.0,3,v7,10000.0,posterior_mean,chp_operational,184,Adm_50_64,8,24.5
2.0,2.0,3,v7,10000.0,posterior_mean,chp_operational,184,Adm_65_higher,8,24.5
2.0,2.0,3,v7,10000.0,posterior_mean,data_derived,185,ILI_PMP,8,49.0
2.0,2.0,3,v7,10000.0,posterior_mean,data_derived,185,ILI_AED,8,38.5
2.0,2.0,3,v7,10000.0,posterior_mean,data_derived,185,ILI_CMP,8,45.5
2.0,2.0,3,v7,10000.0,posterior_mean,data_derived,185,ILI_School,8,31.5
2.0,2.0,3,v7,10000.0,posterior_mean,data_derived,185,ILI_NonSchool,8,10.5
2.0,2.0,3,v7,10000.0,posterior_mean,data_derived,185,Fever_RCHE,8,10.5
2.0,2.0,3,v7,10000.0,posterior_mean,data_derived,185,Adm_All,8,35.0
2.0,2.0,3,v7,10000.0,posterior_mean,data_derived,185,Adm_0_5,8,38.5
2.0,2.0,3,v7,10000.0,posterior_mean,data_derived,185,Adm_6_11,8,28.0
2.0,2.0,3,v7,10000.0,posterior_mean,data_derived,185,Adm_12_17,8,28.0
2.0,2.0,3,v7,10000.0,posterior_mean,data_derived,185,Adm_18_49,8,42.0
2.0,2.0,3,v7,10000.0,posterior_mean,data_derived,185,Adm_50_64,8,24.5
2.0,2.0,3,v7,10000.0,posterior_mean,data_derived,185,Adm_65_higher,8,24.5
2.0,2.0,3,v7,10000.0,ci_lower,chp_operational,186,ILI_PMP,8,49.0
2.0,2.0,3,v7,10000.0,ci_lower,chp_operational,186,ILI_AED,8,38.5
2.0,2.0,3,v7,10000.0,ci_lower,chp_operational,186,ILI_CMP,8,45.5
2.0,2.0,3,v7,10000.0,ci_lower,chp_operational,186,ILI_School,8,31.5
2.0,2.0,3,v7,10000.0,ci_lower,chp_operational,186,ILI_NonSchool,8,10.5
2.0,2.0,3,v7,10000.0,ci_lower,chp_operational,186,Fever_RCHE,0,
2.0,2.0,3,v7,10000.0,ci_lower,chp_operational,186,Adm_All,8,35.0
2.0,2.0,3,v7,10000.0,ci_lower,chp_operational,186,Adm_0_5,8,38.5
2.0,2.0,3,v7,10000.0,ci_lower,chp_operational,186,Adm_6_11,8,24.5
2.0,2.0,3,v7,10000.0,ci_lower,chp_operational,186,Adm_12_17,8,24.5
2.0,2.0,3,v7,10000.0,ci_lower,chp_operational,186,Adm_18_49,8,24.5
2.0,2.0,3,v7,10000.0,ci_lower,chp_operational,186,Adm_50_64,8,21.0
2.0,2.0,3,v7,10000.0,ci_lower,chp_operational,186,Adm_65_higher,8,24.5
2.0,2.0,3,v7,10000.0,ci_lower,data_derived,187,ILI_PMP,8,49.0
2.0,2.0,3,v7,10000.0,ci_lower,data_derived,187,ILI_AED,8,38.5
2.0,2.0,3,v7,10000.0,ci_lower,data_derived,187,ILI_CMP,8,45.5
2.0,2.0,3,v7,10000.0,ci_lower,data_derived,187,ILI_School,8,31.5
2.0,2.0,3,v7,10000.0,ci_lower,data_derived,187,ILI_NonSchool,8,10.5
2.0,2.0,3,v7,10000.0,ci_lower,data_derived,187,Fever_RCHE,0,
2.0,2.0,3,v7,10000.0,ci_lower,data_derived,187,Adm_All,8,35.0
2.0,2.0,3,v7,10000.0,ci_lower,data_derived,187,Adm_0_5,8,38.5
2.0,2.0,3,v7,10000.0,ci_lower,data_derived,187,Adm_6_11,8,24.5
2.0,2.0,3,v7,10000.0,ci_lower,data_derived,187,Adm_12_17,8,24.5
2.0,2.0,3,v7,10000.0,ci_lower,data_derived,187,Adm_18_49,8,24.5
2.0,2.0,3,v7,10000.0,ci_lower,data_derived,187,Adm_50_64,8,21.0
2.0,2.0,3,v7,10000.0,ci_lower,data_derived,187,Adm_65_higher,8,24.5
2.0,2.0,3,v7,100000.0,posterior_mean,chp_operational,188,ILI_PMP,8,49.0
2.0,2.0,3,v7,100000.0,posterior_mean,chp_operational,188,ILI_AED,8,38.5
2.0,2.0,3,v7,100000.0,posterior_mean,chp_operational,188,ILI_CMP,8,45.5
2.0,2.0,3,v7,100000.0,posterior_mean,chp_operational,188,ILI_School,8,31.5
2.0,2.0,3,v7,100000.0,posterior_mean,chp_operational,188,ILI_NonSchool,8,10.5
2.0,2.0,3,v7,100000.0,posterior_mean,chp_operational,188,Fever_RCHE,8,49.0
2.0,2.0,3,v7,100000.0,posterior_mean,chp_operational,188,Adm_All,8,35.0
2.0,2.0,3,v7,100000.0,posterior_mean,chp_operational,188,Adm_0_5,8,38.5
2.0,2.0,3,v7,100000.0,posterior_mean,chp_operational,188,Adm_6_11,8,28.0
2.0,2.0,3,v7,100000.0,posterior_mean,chp_operational,188,Adm_12_17,8,24.5
2.0,2.0,3,v7,100000.0,posterior_mean,chp_operational,188,Adm_18_49,8,42.0
2.0,2.0,3,v7,100000.0,posterior_mean,chp_operational,188,Adm_50_64,8,24.5
2.0,2.0,3,v7,100000.0,posterior_mean,chp_operational,188,Adm_65_higher,8,24.5
2.0,2.0,3,v7,100000.0,posterior_mean,data_derived,189,ILI_PMP,8,49.0
2.0,2.0,3,v7,100000.0,posterior_mean,data_derived,189,ILI_AED,8,38.5
2.0,2.0,3,v7,100000.0,posterior_mean,data_derived,189,ILI_CMP,8,45.5
2.0,2.0,3,v7,100000.0,posterior_mean,data_derived,189,ILI_School,8,31.5
2.0,2.0,3,v7,100000.0,posterior_mean,data_derived,189,ILI_NonSchool,8,10.5
2.0,2.0,3,v7,100000.0,posterior_mean,data_derived,189,Fever_RCHE,8,49.0
2.0,2.0,3,v7,100000.0,posterior_mean,data_derived,189,Adm_All,8,35.0
2.0,2.0,3,v7,100000.0,posterior_mean,data_derived,189,Adm_0_5,8,38.5
2.0,2.0,3,v7,100000.0,posterior_mean,data_derived,189,Adm_6_11,8,28.0
2.0,2.0,3,v7,100000.0,posterior_mean,data_derived,189,Adm_12_17,8,28.0
2.0,2.0,3,v7,100000.0,posterior_mean,data_derived,189,Adm_18_49,8,42.0
2.0,2.0,3,v7,100000.0,posterior_mean,data_derived,189,Adm_50_64,8,24.5
2.0,2.0,3,v7,100000.0,posterior_mean,data_derived,189,Adm_65_higher,8,24.5
2.0,2.0,3,v7,100000.0,ci_lower,chp_operational,190,ILI_PMP,8,49.0
2.0,2.0,3,v7,100000.0,ci_lower,chp_operational,190,ILI_AED,8,38.5
2.0,2.0,3,v7,100000.0,ci_lower,chp_operational,190,ILI_CMP,8,45.5
2.0,2.0,3,v7,100000.0,ci_lower,chp_operational,190,ILI_School,8,31.5
2.0,2.0,3,v7,100000.0,ci_lower,chp_operational,190,ILI_NonSchool,8,10.5
2.0,2.0,3,v7,100000.0,ci_lower,chp_operational,190,Fever_RCHE,8,7.0
2.0,2.0,3,v7,100000.0,ci_lower,chp_operational,190,Adm_All,8,35.0
2.0,2.0,3,v7,100000.0,ci_lower,chp_operational,190,Adm_0_5,8,38.5
2.0,2.0,3,v7,100000.0,ci_lower,chp_operational,190,Adm_6_11,8,28.0
2.0,2.0,3,v7,100000.0,ci_lower,chp_operational,190,Adm_12_17,8,24.5
2.0,2.0,3,v7,100000.0,ci_lower,chp_operational,190,Adm_18_49,8,28.0
2.0,2.0,3,v7,100000.0,ci_lower,chp_operational,190,Adm_50_64,8,21.0
2.0,2.0,3,v7,100000.0,ci_lower,chp_operational,190,Adm_65_higher,8,24.5
2.0,2.0,3,v7,100000.0,ci_lower,data_derived,191,ILI_PMP,8,49.0
2.0,2.0,3,v7,100000.0,ci_lower,data_derived,191,ILI_AED,8,38.5
2.0,2.0,3,v7,100000.0,ci_lower,data_derived,191,ILI_CMP,8,45.5
2.0,2.0,3,v7,100000.0,ci_lower,data_derived,191,ILI_School,8,31.5
2.0,2.0,3,v7,100000.0,ci_lower,data_derived,191,ILI_NonSchool,8,10.5
2.0,2.0,3,v7,100000.0,ci_lower,data_derived,191,Fever_RCHE,8,10.5
2.0,2.0,3,v7,100000.0,ci_lower,data_derived,191,Adm_All,8,35.0
2.0,2.0,3,v7,100000.0,ci_lower,data_derived,191,Adm_0_5,8,38.5
2.0,2.0,3,v7,100000.0,ci_lower,data_derived,191,Adm_6_11,8,28.0
2.0,2.0,3,v7,100000.0,ci_lower,data_derived,191,Adm_12_17,8,24.5
2.0,2.0,3,v7,100000.0,ci_lower,data_derived,191,Adm_18_49,8,28.0
2.0,2.0,3,v7,100000.0,ci_lower,data_derived,191,Adm_50_64,8,21.0
2.0,2.0,3,v7,100000.0,ci_lower,data_derived,191,Adm_65_higher,8,24.5
2.0,2.0,3,vague,1000.0,posterior_mean,chp_operational,192,ILI_PMP,8,49.0
2.0,2.0,3,vague,1000.0,posterior_mean,chp_operational,192,ILI_AED,8,38.5
2.0,2.0,3,vague,1000.0,posterior_mean,chp_operational,192,ILI_CMP,7,-49.0
2.0,2.0,3,vague,1000.0,posterior_mean,chp_operational,192,ILI_School,8,31.5
2.0,2.0,3,vague,1000.0,posterior_mean,chp_operational,192,ILI_NonSchool,8,7.0
2.0,2.0,3,vague,1000.0,posterior_mean,chp_operational,192,Fever_RCHE,0,
2.0,2.0,3,vague,1000.0,posterior_mean,chp_operational,192,Adm_All,2,-66.5
2.0,2.0,3,vague,1000.0,posterior_mean,chp_operational,192,Adm_0_5,8,-14.0
2.0,2.0,3,vague,1000.0,posterior_mean,chp_operational,192,Adm_6_11,5,-35.0
2.0,2.0,3,vague,1000.0,posterior_mean,chp_operational,192,Adm_12_17,0,
2.0,2.0,3,vague,1000.0,posterior_mean,chp_operational,192,Adm_18_49,0,
2.0,2.0,3,vague,1000.0,posterior_mean,chp_operational,192,Adm_50_64,0,
2.0,2.0,3,vague,1000.0,posterior_mean,chp_operational,192,Adm_65_higher,6,-24.5
2.0,2.0,3,vague,1000.0,posterior_mean,data_derived,193,ILI_PMP,8,49.0
2.0,2.0,3,vague,1000.0,posterior_mean,data_derived,193,ILI_AED,8,38.5
2.0,2.0,3,vague,1000.0,posterior_mean,data_derived,193,ILI_CMP,7,-49.0
2.0,2.0,3,vague,1000.0,posterior_mean,data_derived,193,ILI_School,8,31.5
2.0,2.0,3,vague,1000.0,posterior_mean,data_derived,193,ILI_NonSchool,8,7.0
2.0,2.0,3,vague,1000.0,posterior_mean,data_derived,193,Fever_RCHE,0,
2.0,2.0,3,vague,1000.0,posterior_mean,data_derived,193,Adm_All,2,-63.0
2.0,2.0,3,vague,1000.0,posterior_mean,data_derived,193,Adm_0_5,8,-10.5
2.0,2.0,3,vague,1000.0,posterior_mean,data_derived,193,Adm_6_11,5,-35.0
2.0,2.0,3,vague,1000.0,posterior_mean,data_derived,193,Adm_12_17,0,
2.0,2.0,3,vague,1000.0,posterior_mean,data_derived,193,Adm_18_49,0,
2.0,2.0,3,vague,1000.0,posterior_mean,data_derived,193,Adm_50_64,0,
2.0,2.0,3,vague,1000.0,posterior_mean,data_derived,193,Adm_65_higher,6,-24.5
2.0,2.0,3,vague,1000.0,ci_lower,chp_operational,194,ILI_PMP,8,49.0
2.0,2.0,3,vague,1000.0,ci_lower,chp_operational,194,ILI_AED,8,38.5
2.0,2.0,3,vague,1000.0,ci_lower,chp_operational,194,ILI_CMP,4,-10.5
2.0,2.0,3,vague,1000.0,ci_lower,chp_operational,194,ILI_School,8,28.0
2.0,2.0,3,vague,1000.0,ci_lower,chp_operational,194,ILI_NonSchool,8,-14.0
2.0,2.0,3,vague,1000.0,ci_lower,chp_operational,194,Fever_RCHE,0,
2.0,2.0,3,vague,1000.0,ci_lower,chp_operational,194,Adm_All,1,-98.0
2.0,2.0,3,vague,1000.0,ci_lower,chp_operational,194,Adm_0_5,7,-14.0
2.0,2.0,3,vague,1000.0,ci_lower,chp_operational,194,Adm_6_11,4,-59.5
2.0,2.0,3,vague,1000.0,ci_lower,chp_operational,194,Adm_12_17,0,
2.0,2.0,3,vague,1000.0,ci_lower,chp_operational,194,Adm_18_49,0,
2.0,2.0,3,vague,1000.0,ci_lower,chp_operational,194,Adm_50_64,0,
2.0,2.0,3,vague,1000.0,ci_lower,chp_operational,194,Adm_65_higher,6,-24.5
2.0,2.0,3,vague,1000.0,ci_lower,data_derived,195,ILI_PMP,8,49.0
2.0,2.0,3,vague,1000.0,ci_lower,data_derived,195,ILI_AED,8,38.5
2.0,2.0,3,vague,1000.0,ci_lower,data_derived,195,ILI_CMP,4,-7.0
2.0,2.0,3,vague,1000.0,ci_lower,data_derived,195,ILI_School,8,31.5
2.0,2.0,3,vague,1000.0,ci_lower,data_derived,195,ILI_NonSchool,8,-10.5
2.0,2.0,3,vague,1000.0,ci_lower,data_derived,195,Fever_RCHE,0,
2.0,2.0,3,vague,1000.0,ci_lower,data_derived,195,Adm_All,1,-91.0
2.0,2.0,3,vague,1000.0,ci_lower,data_derived,195,Adm_0_5,7,-7.0
2.0,2.0,3,vague,1000.0,ci_lower,data_derived,195,Adm_6_11,4,-56.0
2.0,2.0,3,vague,1000.0,ci_lower,data_derived,195,Adm_12_17,0,
2.0,2.0,3,vague,1000.0,ci_lower,data_derived,195,Adm_18_49,0,
2.0,2.0,3,vague,1000.0,ci_lower,data_derived,195,Adm_50_64,0,
2.0,2.0,3,vague,1000.0,ci_lower,data_derived,195,Adm_65_higher,6,-24.5
2.0,2.0,3,vague,10000.0,posterior_mean,chp_operational,196,ILI_PMP,8,49.0
2.0,2.0,3,vague,10000.0,posterior_mean,chp_operational,196,ILI_AED,8,38.5
2.0,2.0,3,vague,10000.0,posterior_mean,chp_operational,196,ILI_CMP,8,45.5
2.0,2.0,3,vague,10000.0,posterior_mean,chp_operational,196,ILI_School,8,31.5
2.0,2.0,3,vague,10000.0,posterior_mean,chp_operational,196,ILI_NonSchool,8,10.5
2.0,2.0,3,vague,10000.0,posterior_mean,chp_operational,196,Fever_RCHE,0,
2.0,2.0,3,vague,10000.0,posterior_mean,chp_operational,196,Adm_All,8,-10.5
2.0,2.0,3,vague,10000.0,posterior_mean,chp_operational,196,Adm_0_5,8,24.5
2.0,2.0,3,vague,10000.0,posterior_mean,chp_operational,196,Adm_6_11,8,10.5
2.0,2.0,3,vague,10000.0,posterior_mean,chp_operational,196,Adm_12_17,8,-17.5
2.0,2.0,3,vague,10000.0,posterior_mean,chp_operational,196,Adm_18_49,7,-28.0
2.0,2.0,3,vague,10000.0,posterior_mean,chp_operational,196,Adm_50_64,8,-17.5
2.0,2.0,3,vague,10000.0,posterior_mean,chp_operational,196,Adm_65_higher,8,-3.5
2.0,2.0,3,vague,10000.0,posterior_mean,data_derived,197,ILI_PMP,8,49.0
2.0,2.0,3,vague,10000.0,posterior_mean,data_derived,197,ILI_AED,8,38.5
2.0,2.0,3,vague,10000.0,posterior_mean,data_derived,197,ILI_CMP,8,45.5
2.0,2.0,3,vague,10000.0,posterior_mean,data_derived,197,ILI_School,8,31.5
2.0,2.0,3,vague,10000.0,posterior_mean,data_derived,197,ILI_NonSchool,8,10.5
2.0,2.0,3,vague,10000.0,posterior_mean,data_derived,197,Fever_RCHE,0,
2.0,2.0,3,vague,10000.0,posterior_mean,data_derived,197,Adm_All,8,-7.0
2.0,2.0,3,vague,10000.0,posterior_mean,data_derived,197,Adm_0_5,8,28.0
2.0,2.0,3,vague,10000.0,posterior_mean,data_derived,197,Adm_6_11,8,14.0
2.0,2.0,3,vague,10000.0,posterior_mean,data_derived,197,Adm_12_17,8,-14.0
2.0,2.0,3,vague,10000.0,posterior_mean,data_derived,197,Adm_18_49,7,-28.0
2.0,2.0,3,vague,10000.0,posterior_mean,data_derived,197,Adm_50_64,8,-14.0
2.0,2.0,3,vague,10000.0,posterior_mean,data_derived,197,Adm_65_higher,8,0.0
2.0,2.0,3,vague,10000.0,ci_lower,chp_operational,198,ILI_PMP,8,49.0
2.0,2.0,3,vague,10000.0,ci_lower,chp_operational,198,ILI_AED,8,38.5
2.0,2.0,3,vague,10000.0,ci_lower,chp_operational,198,ILI_CMP,8,31.5
2.0,2.0,3,vague,10000.0,ci_lower,chp_operational,198,ILI_School,8,31.5
2.0,2.0,3,vague,10000.0,ci_lower,chp_operational,198,ILI_NonSchool,8,10.5
2.0,2.0,3,vague,10000.0,ci_lower,chp_operational,198,Fever_RCHE,0,
2.0,2.0,3,vague,10000.0,ci_lower,chp_operational,198,Adm_All,8,-10.5
2.0,2.0,3,vague,10000.0,ci_lower,chp_operational,198,Adm_0_5,8,21.0
2.0,2.0,3,vague,10000.0,ci_lower,chp_operational,198,Adm_6_11,8,10.5
2.0,2.0,3,vague,10000.0,ci_lower,chp_operational,198,Adm_12_17,8,-17.5
2.0,2.0,3,vague,10000.0,ci_lower,chp_operational,198,Adm_18_49,6,-31.5
2.0,2.0,3,vague,10000.0,ci_lower,chp_operational,198,Adm_50_64,8,-17.5
2.0,2.0,3,vague,10000.0,ci_lower,chp_operational,198,Adm_65_higher,8,-3.5
2.0,2.0,3,vague,10000.0,ci_lower,data_derived,199,ILI_PMP,8,49.0
2.0,2.0,3,vague,10000.0,ci_lower,data_derived,199,ILI_AED,8,38.5
2.0,2.0,3,vague,10000.0,ci_lower,data_derived,199,ILI_CMP,8,31.5
2.0,2.0,3,vague,10000.0,ci_lower,data_derived,199,ILI_School,8,31.5
2.0,2.0,3,vague,10000.0,ci_lower,data_derived,199,ILI_NonSchool,8,10.5
2.0,2.0,3,vague,10000.0,ci_lower,data_derived,199,Fever_RCHE,0,
2.0,2.0,3,vague,10000.0,ci_lower,data_derived,199,Adm_All,8,-7.0
2.0,2.0,3,vague,10000.0,ci_lower,data_derived,199,Adm_0_5,8,21.0
2.0,2.0,3,vague,10000.0,ci_lower,data_derived,199,Adm_6_11,8,14.0
2.0,2.0,3,vague,10000.0,ci_lower,data_derived,199,Adm_12_17,8,-14.0
2.0,2.0,3,vague,10000.0,ci_lower,data_derived,199,Adm_18_49,6,-28.0
2.0,2.0,3,vague,10000.0,ci_lower,data_derived,199,Adm_50_64,8,-14.0
2.0,2.0,3,vague,10000.0,ci_lower,data_derived,199,Adm_65_higher,8,0.0
2.0,2.0,3,vague,100000.0,posterior_mean,chp_operational,200,ILI_PMP,8,49.0
2.0,2.0,3,vague,100000.0,posterior_mean,chp_operational,200,ILI_AED,8,38.5
2.0,2.0,3,vague,100000.0,posterior_mean,chp_operational,200,ILI_CMP,8,45.5
2.0,2.0,3,vague,100000.0,posterior_mean,chp_operational,200,ILI_School,8,31.5
2.0,2.0,3,vague,100000.0,posterior_mean,chp_operational,200,ILI_NonSchool,8,10.5
2.0,2.0,3,vague,100000.0,posterior_mean,chp_operational,200,Fever_RCHE,0,
2.0,2.0,3,vague,100000.0,posterior_mean,chp_operational,200,Adm_All,8,17.5
2.0,2.0,3,vague,100000.0,posterior_mean,chp_operational,200,Adm_0_5,8,38.5
2.0,2.0,3,vague,100000.0,posterior_mean,chp_operational,200,Adm_6_11,8,24.5
2.0,2.0,3,vague,100000.0,posterior_mean,chp_operational,200,Adm_12_17,8,24.5
2.0,2.0,3,vague,100000.0,posterior_mean,chp_operational,200,Adm_18_49,8,3.5
2.0,2.0,3,vague,100000.0,posterior_mean,chp_operational,200,Adm_50_64,8,10.5
2.0,2.0,3,vague,100000.0,posterior_mean,chp_operational,200,Adm_65_higher,8,24.5
2.0,2.0,3,vague,100000.0,posterior_mean,data_derived,201,ILI_PMP,8,49.0
2.0,2.0,3,vague,100000.0,posterior_mean,data_derived,201,ILI_AED,8,38.5
2.0,2.0,3,vague,100000.0,posterior_mean,data_derived,201,ILI_CMP,8,45.5
2.0,2.0,3,vague,100000.0,posterior_mean,data_derived,201,ILI_School,8,31.5
2.0,2.0,3,vague,100000.0,posterior_mean,data_derived,201,ILI_NonSchool,8,10.5
2.0,2.0,3,vague,100000.0,posterior_mean,data_derived,201,Fever_RCHE,0,
2.0,2.0,3,vague,100000.0,posterior_mean,data_derived,201,Adm_All,8,17.5
2.0,2.0,3,vague,100000.0,posterior_mean,data_derived,201,Adm_0_5,8,38.5
2.0,2.0,3,vague,100000.0,posterior_mean,data_derived,201,Adm_6_11,8,24.5
2.0,2.0,3,vague,100000.0,posterior_mean,data_derived,201,Adm_12_17,8,24.5
2.0,2.0,3,vague,100000.0,posterior_mean,data_derived,201,Adm_18_49,8,3.5
2.0,2.0,3,vague,100000.0,posterior_mean,data_derived,201,Adm_50_64,8,10.5
2.0,2.0,3,vague,100000.0,posterior_mean,data_derived,201,Adm_65_higher,8,24.5
2.0,2.0,3,vague,100000.0,ci_lower,chp_operational,202,ILI_PMP,8,49.0
2.0,2.0,3,vague,100000.0,ci_lower,chp_operational,202,ILI_AED,8,38.5
2.0,2.0,3,vague,100000.0,ci_lower,chp_operational,202,ILI_CMP,8,45.5
2.0,2.0,3,vague,100000.0,ci_lower,chp_operational,202,ILI_School,8,31.5
2.0,2.0,3,vague,100000.0,ci_lower,chp_operational,202,ILI_NonSchool,8,10.5
2.0,2.0,3,vague,100000.0,ci_lower,chp_operational,202,Fever_RCHE,0,
2.0,2.0,3,vague,100000.0,ci_lower,chp_operational,202,Adm_All,8,17.5
2.0,2.0,3,vague,100000.0,ci_lower,chp_operational,202,Adm_0_5,8,38.5
2.0,2.0,3,vague,100000.0,ci_lower,chp_operational,202,Adm_6_11,8,24.5
2.0,2.0,3,vague,100000.0,ci_lower,chp_operational,202,Adm_12_17,8,24.5
2.0,2.0,3,vague,100000.0,ci_lower,chp_operational,202,Adm_18_49,8,3.5
2.0,2.0,3,vague,100000.0,ci_lower,chp_operational,202,Adm_50_64,8,10.5
2.0,2.0,3,vague,100000.0,ci_lower,chp_operational,202,Adm_65_higher,8,24.5
2.0,2.0,3,vague,100000.0,ci_lower,data_derived,203,ILI_PMP,8,49.0
2.0,2.0,3,vague,100000.0,ci_lower,data_derived,203,ILI_AED,8,38.5
2.0,2.0,3,vague,100000.0,ci_lower,data_derived,203,ILI_CMP,8,45.5
2.0,2.0,3,vague,100000.0,ci_lower,data_derived,203,ILI_School,8,31.5
2.0,2.0,3,vague,100000.0,ci_lower,data_derived,203,ILI_NonSchool,8,10.5
2.0,2.0,3,vague,100000.0,ci_lower,data_derived,203,Fever_RCHE,0,
2.0,2.0,3,vague,100000.0,ci_lower,data_derived,203,Adm_All,8,17.5
2.0,2.0,3,vague,100000.0,ci_lower,data_derived,203,Adm_0_5,8,38.5
2.0,2.0,3,vague,100000.0,ci_lower,data_derived,203,Adm_6_11,8,24.5
2.0,2.0,3,vague,100000.0,ci_lower,data_derived,203,Adm_12_17,8,24.5
2.0,2.0,3,vague,100000.0,ci_lower,data_derived,203,Adm_18_49,8,3.5
2.0,2.0,3,vague,100000.0,ci_lower,data_derived,203,Adm_50_64,8,10.5
2.0,2.0,3,vague,100000.0,ci_lower,data_derived,203,Adm_65_higher,8,24.5
2.0,2.0,3,weak_wide,1000.0,posterior_mean,chp_operational,204,ILI_PMP,8,49.0
2.0,2.0,3,weak_wide,1000.0,posterior_mean,chp_operational,204,ILI_AED,8,38.5
2.0,2.0,3,weak_wide,1000.0,posterior_mean,chp_operational,204,ILI_CMP,8,45.5
2.0,2.0,3,weak_wide,1000.0,posterior_mean,chp_operational,204,ILI_School,8,31.5
2.0,2.0,3,weak_wide,1000.0,posterior_mean,chp_operational,204,ILI_NonSchool,8,28.0
2.0,2.0,3,weak_wide,1000.0,posterior_mean,chp_operational,204,Fever_RCHE,8,49.0
2.0,2.0,3,weak_wide,1000.0,posterior_mean,chp_operational,204,Adm_All,8,38.5
2.0,2.0,3,weak_wide,1000.0,posterior_mean,chp_operational,204,Adm_0_5,8,38.5
2.0,2.0,3,weak_wide,1000.0,posterior_mean,chp_operational,204,Adm_6_11,8,45.5
2.0,2.0,3,weak_wide,1000.0,posterior_mean,chp_operational,204,Adm_12_17,8,49.0
2.0,2.0,3,weak_wide,1000.0,posterior_mean,chp_operational,204,Adm_18_49,8,42.0
2.0,2.0,3,weak_wide,1000.0,posterior_mean,chp_operational,204,Adm_50_64,8,38.5
2.0,2.0,3,weak_wide,1000.0,posterior_mean,chp_operational,204,Adm_65_higher,8,28.0
2.0,2.0,3,weak_wide,1000.0,posterior_mean,data_derived,205,ILI_PMP,8,49.0
2.0,2.0,3,weak_wide,1000.0,posterior_mean,data_derived,205,ILI_AED,8,38.5
2.0,2.0,3,weak_wide,1000.0,posterior_mean,data_derived,205,ILI_CMP,8,45.5
2.0,2.0,3,weak_wide,1000.0,posterior_mean,data_derived,205,ILI_School,8,31.5
2.0,2.0,3,weak_wide,1000.0,posterior_mean,data_derived,205,ILI_NonSchool,8,28.0
2.0,2.0,3,weak_wide,1000.0,posterior_mean,data_derived,205,Fever_RCHE,8,49.0
2.0,2.0,3,weak_wide,1000.0,posterior_mean,data_derived,205,Adm_All,8,38.5
2.0,2.0,3,weak_wide,1000.0,posterior_mean,data_derived,205,Adm_0_5,8,38.5
2.0,2.0,3,weak_wide,1000.0,posterior_mean,data_derived,205,Adm_6_11,8,45.5
2.0,2.0,3,weak_wide,1000.0,posterior_mean,data_derived,205,Adm_12_17,8,49.0
2.0,2.0,3,weak_wide,1000.0,posterior_mean,data_derived,205,Adm_18_49,8,42.0
2.0,2.0,3,weak_wide,1000.0,posterior_mean,data_derived,205,Adm_50_64,8,38.5
2.0,2.0,3,weak_wide,1000.0,posterior_mean,data_derived,205,Adm_65_higher,8,28.0
2.0,2.0,3,weak_wide,1000.0,ci_lower,chp_operational,206,ILI_PMP,8,49.0
2.0,2.0,3,weak_wide,1000.0,ci_lower,chp_operational,206,ILI_AED,8,38.5
2.0,2.0,3,weak_wide,1000.0,ci_lower,chp_operational,206,ILI_CMP,8,45.5
2.0,2.0,3,weak_wide,1000.0,ci_lower,chp_operational,206,ILI_School,8,31.5
2.0,2.0,3,weak_wide,1000.0,ci_lower,chp_operational,206,ILI_NonSchool,8,10.5
2.0,2.0,3,weak_wide,1000.0,ci_lower,chp_operational,206,Fever_RCHE,0,
2.0,2.0,3,weak_wide,1000.0,ci_lower,chp_operational,206,Adm_All,8,17.5
2.0,2.0,3,weak_wide,1000.0,ci_lower,chp_operational,206,Adm_0_5,8,38.5
2.0,2.0,3,weak_wide,1000.0,ci_lower,chp_operational,206,Adm_6_11,8,24.5
2.0,2.0,3,weak_wide,1000.0,ci_lower,chp_operational,206,Adm_12_17,8,24.5
2.0,2.0,3,weak_wide,1000.0,ci_lower,chp_operational,206,Adm_18_49,8,10.5
2.0,2.0,3,weak_wide,1000.0,ci_lower,chp_operational,206,Adm_50_64,8,21.0
2.0,2.0,3,weak_wide,1000.0,ci_lower,chp_operational,206,Adm_65_higher,8,24.5
2.0,2.0,3,weak_wide,1000.0,ci_lower,data_derived,207,ILI_PMP,8,49.0
2.0,2.0,3,weak_wide,1000.0,ci_lower,data_derived,207,ILI_AED,8,38.5
2.0,2.0,3,weak_wide,1000.0,ci_lower,data_derived,207,ILI_CMP,8,45.5
2.0,2.0,3,weak_wide,1000.0,ci_lower,data_derived,207,ILI_School,8,31.5
2.0,2.0,3,weak_wide,1000.0,ci_lower,data_derived,207,ILI_NonSchool,8,10.5
2.0,2.0,3,weak_wide,1000.0,ci_lower,data_derived,207,Fever_RCHE,0,
2.0,2.0,3,weak_wide,1000.0,ci_lower,data_derived,207,Adm_All,8,21.0
2.0,2.0,3,weak_wide,1000.0,ci_lower,data_derived,207,Adm_0_5,8,38.5
2.0,2.0,3,weak_wide,1000.0,ci_lower,data_derived,207,Adm_6_11,8,24.5
2.0,2.0,3,weak_wide,1000.0,ci_lower,data_derived,207,Adm_12_17,8,24.5
2.0,2.0,3,weak_wide,1000.0,ci_lower,data_derived,207,Adm_18_49,8,10.5
2.0,2.0,3,weak_wide,1000.0,ci_lower,data_derived,207,Adm_50_64,8,21.0
2.0,2.0,3,weak_wide,1000.0,ci_lower,data_derived,207,Adm_65_higher,8,24.5
2.0,2.0,3,weak_wide,10000.0,posterior_mean,chp_operational,208,ILI_PMP,8,49.0
2.0,2.0,3,weak_wide,10000.0,posterior_mean,chp_operational,208,ILI_AED,8,38.5
2.0,2.0,3,weak_wide,10000.0,posterior_mean,chp_operational,208,ILI_CMP,8,45.5
2.0,2.0,3,weak_wide,10000.0,posterior_mean,chp_operational,208,ILI_School,8,31.5
2.0,2.0,3,weak_wide,10000.0,posterior_mean,chp_operational,208,ILI_NonSchool,8,28.0
2.0,2.0,3,weak_wide,10000.0,posterior_mean,chp_operational,208,Fever_RCHE,8,49.0
2.0,2.0,3,weak_wide,10000.0,posterior_mean,chp_operational,208,Adm_All,8,35.0
2.0,2.0,3,weak_wide,10000.0,posterior_mean,chp_operational,208,Adm_0_5,8,38.5
2.0,2.0,3,weak_wide,10000.0,posterior_mean,chp_operational,208,Adm_6_11,8,45.5
2.0,2.0,3,weak_wide,10000.0,posterior_mean,chp_operational,208,Adm_12_17,8,49.0
2.0,2.0,3,weak_wide,10000.0,posterior_mean,chp_operational,208,Adm_18_49,8,42.0
2.0,2.0,3,weak_wide,10000.0,posterior_mean,chp_operational,208,Adm_50_64,8,35.0
2.0,2.0,3,weak_wide,10000.0,posterior_mean,chp_operational,208,Adm_65_higher,8,24.5
2.0,2.0,3,weak_wide,10000.0,posterior_mean,data_derived,209,ILI_PMP,8,49.0
2.0,2.0,3,weak_wide,10000.0,posterior_mean,data_derived,209,ILI_AED,8,38.5
2.0,2.0,3,weak_wide,10000.0,posterior_mean,data_derived,209,ILI_CMP,8,45.5
2.0,2.0,3,weak_wide,10000.0,posterior_mean,data_derived,209,ILI_School,8,31.5
2.0,2.0,3,weak_wide,10000.0,posterior_mean,data_derived,209,ILI_NonSchool,8,28.0
2.0,2.0,3,weak_wide,10000.0,posterior_mean,data_derived,209,Fever_RCHE,8,49.0
2.0,2.0,3,weak_wide,10000.0,posterior_mean,data_derived,209,Adm_All,8,35.0
2.0,2.0,3,weak_wide,10000.0,posterior_mean,data_derived,209,Adm_0_5,8,38.5
2.0,2.0,3,weak_wide,10000.0,posterior_mean,data_derived,209,Adm_6_11,8,45.5
2.0,2.0,3,weak_wide,10000.0,posterior_mean,data_derived,209,Adm_12_17,8,49.0
2.0,2.0,3,weak_wide,10000.0,posterior_mean,data_derived,209,Adm_18_49,8,42.0
2.0,2.0,3,weak_wide,10000.0,posterior_mean,data_derived,209,Adm_50_64,8,35.0
2.0,2.0,3,weak_wide,10000.0,posterior_mean,data_derived,209,Adm_65_higher,8,24.5
2.0,2.0,3,weak_wide,10000.0,ci_lower,chp_operational,210,ILI_PMP,8,49.0
2.0,2.0,3,weak_wide,10000.0,ci_lower,chp_operational,210,ILI_AED,8,38.5
2.0,2.0,3,weak_wide,10000.0,ci_lower,chp_operational,210,ILI_CMP,8,45.5
2.0,2.0,3,weak_wide,10000.0,ci_lower,chp_operational,210,ILI_School,8,31.5
2.0,2.0,3,weak_wide,10000.0,ci_lower,chp_operational,210,ILI_NonSchool,8,10.5
2.0,2.0,3,weak_wide,10000.0,ci_lower,chp_operational,210,Fever_RCHE,2,-7.0
2.0,2.0,3,weak_wide,10000.0,ci_lower,chp_operational,210,Adm_All,8,35.0
2.0,2.0,3,weak_wide,10000.0,ci_lower,chp_operational,210,Adm_0_5,8,38.5
2.0,2.0,3,weak_wide,10000.0,ci_lower,chp_operational,210,Adm_6_11,8,24.5
2.0,2.0,3,weak_wide,10000.0,ci_lower,chp_operational,210,Adm_12_17,8,24.5
2.0,2.0,3,weak_wide,10000.0,ci_lower,chp_operational,210,Adm_18_49,8,28.0
2.0,2.0,3,weak_wide,10000.0,ci_lower,chp_operational,210,Adm_50_64,8,21.0
2.0,2.0,3,weak_wide,10000.0,ci_lower,chp_operational,210,Adm_65_higher,8,24.5
2.0,2.0,3,weak_wide,10000.0,ci_lower,data_derived,211,ILI_PMP,8,49.0
2.0,2.0,3,weak_wide,10000.0,ci_lower,data_derived,211,ILI_AED,8,38.5
2.0,2.0,3,weak_wide,10000.0,ci_lower,data_derived,211,ILI_CMP,8,45.5
2.0,2.0,3,weak_wide,10000.0,ci_lower,data_derived,211,ILI_School,8,31.5
2.0,2.0,3,weak_wide,10000.0,ci_lower,data_derived,211,ILI_NonSchool,8,10.5
2.0,2.0,3,weak_wide,10000.0,ci_lower,data_derived,211,Fever_RCHE,2,-3.5
2.0,2.0,3,weak_wide,10000.0,ci_lower,data_derived,211,Adm_All,8,35.0
2.0,2.0,3,weak_wide,10000.0,ci_lower,data_derived,211,Adm_0_5,8,38.5
2.0,2.0,3,weak_wide,10000.0,ci_lower,data_derived,211,Adm_6_11,8,24.5
2.0,2.0,3,weak_wide,10000.0,ci_lower,data_derived,211,Adm_12_17,8,24.5
2.0,2.0,3,weak_wide,10000.0,ci_lower,data_derived,211,Adm_18_49,8,28.0
2.0,2.0,3,weak_wide,10000.0,ci_lower,data_derived,211,Adm_50_64,8,21.0
2.0,2.0,3,weak_wide,10000.0,ci_lower,data_derived,211,Adm_65_higher,8,24.5
2.0,2.0,3,weak_wide,100000.0,posterior_mean,chp_operational,212,ILI_PMP,8,49.0
2.0,2.0,3,weak_wide,100000.0,posterior_mean,chp_operational,212,ILI_AED,8,38.5
2.0,2.0,3,weak_wide,100000.0,posterior_mean,chp_operational,212,ILI_CMP,8,45.5
2.0,2.0,3,weak_wide,100000.0,posterior_mean,chp_operational,212,ILI_School,8,31.5
2.0,2.0,3,weak_wide,100000.0,posterior_mean,chp_operational,212,ILI_NonSchool,8,28.0
2.0,2.0,3,weak_wide,100000.0,posterior_mean,chp_operational,212,Fever_RCHE,8,49.0
2.0,2.0,3,weak_wide,100000.0,posterior_mean,chp_operational,212,Adm_All,8,35.0
2.0,2.0,3,weak_wide,100000.0,posterior_mean,chp_operational,212,Adm_0_5,8,38.5
2.0,2.0,3,weak_wide,100000.0,posterior_mean,chp_operational,212,Adm_6_11,8,42.0
2.0,2.0,3,weak_wide,100000.0,posterior_mean,chp_operational,212,Adm_12_17,8,49.0
2.0,2.0,3,weak_wide,100000.0,posterior_mean,chp_operational,212,Adm_18_49,8,42.0
2.0,2.0,3,weak_wide,100000.0,posterior_mean,chp_operational,212,Adm_50_64,8,31.5
2.0,2.0,3,weak_wide,100000.0,posterior_mean,chp_operational,212,Adm_65_higher,8,24.5
2.0,2.0,3,weak_wide,100000.0,posterior_mean,data_derived,213,ILI_PMP,8,49.0
2.0,2.0,3,weak_wide,100000.0,posterior_mean,data_derived,213,ILI_AED,8,38.5
2.0,2.0,3,weak_wide,100000.0,posterior_mean,data_derived,213,ILI_CMP,8,45.5
2.0,2.0,3,weak_wide,100000.0,posterior_mean,data_derived,213,ILI_School,8,31.5
2.0,2.0,3,weak_wide,100000.0,posterior_mean,data_derived,213,ILI_NonSchool,8,28.0
2.0,2.0,3,weak_wide,100000.0,posterior_mean,data_derived,213,Fever_RCHE,8,49.0
2.0,2.0,3,weak_wide,100000.0,posterior_mean,data_derived,213,Adm_All,8,35.0
2.0,2.0,3,weak_wide,100000.0,posterior_mean,data_derived,213,Adm_0_5,8,38.5
2.0,2.0,3,weak_wide,100000.0,posterior_mean,data_derived,213,Adm_6_11,8,42.0
2.0,2.0,3,weak_wide,100000.0,posterior_mean,data_derived,213,Adm_12_17,8,49.0
2.0,2.0,3,weak_wide,100000.0,posterior_mean,data_derived,213,Adm_18_49,8,42.0
2.0,2.0,3,weak_wide,100000.0,posterior_mean,data_derived,213,Adm_50_64,8,31.5
2.0,2.0,3,weak_wide,100000.0,posterior_mean,data_derived,213,Adm_65_higher,8,24.5
2.0,2.0,3,weak_wide,100000.0,ci_lower,chp_operational,214,ILI_PMP,8,49.0
2.0,2.0,3,weak_wide,100000.0,ci_lower,chp_operational,214,ILI_AED,8,38.5
2.0,2.0,3,weak_wide,100000.0,ci_lower,chp_operational,214,ILI_CMP,8,45.5
2.0,2.0,3,weak_wide,100000.0,ci_lower,chp_operational,214,ILI_School,8,31.5
2.0,2.0,3,weak_wide,100000.0,ci_lower,chp_operational,214,ILI_NonSchool,8,10.5
2.0,2.0,3,weak_wide,100000.0,ci_lower,chp_operational,214,Fever_RCHE,8,7.0
2.0,2.0,3,weak_wide,100000.0,ci_lower,chp_operational,214,Adm_All,8,35.0
2.0,2.0,3,weak_wide,100000.0,ci_lower,chp_operational,214,Adm_0_5,8,38.5
2.0,2.0,3,weak_wide,100000.0,ci_lower,chp_operational,214,Adm_6_11,8,28.0
2.0,2.0,3,weak_wide,100000.0,ci_lower,chp_operational,214,Adm_12_17,8,24.5
2.0,2.0,3,weak_wide,100000.0,ci_lower,chp_operational,214,Adm_18_49,8,28.0
2.0,2.0,3,weak_wide,100000.0,ci_lower,chp_operational,214,Adm_50_64,8,21.0
2.0,2.0,3,weak_wide,100000.0,ci_lower,chp_operational,214,Adm_65_higher,8,24.5
2.0,2.0,3,weak_wide,100000.0,ci_lower,data_derived,215,ILI_PMP,8,49.0
2.0,2.0,3,weak_wide,100000.0,ci_lower,data_derived,215,ILI_AED,8,38.5
2.0,2.0,3,weak_wide,100000.0,ci_lower,data_derived,215,ILI_CMP,8,45.5
2.0,2.0,3,weak_wide,100000.0,ci_lower,data_derived,215,ILI_School,8,31.5
2.0,2.0,3,weak_wide,100000.0,ci_lower,data_derived,215,ILI_NonSchool,8,10.5
2.0,2.0,3,weak_wide,100000.0,ci_lower,data_derived,215,Fever_RCHE,8,10.5
2.0,2.0,3,weak_wide,100000.0,ci_lower,data_derived,215,Adm_All,8,35.0
2.0,2.0,3,weak_wide,100000.0,ci_lower,data_derived,215,Adm_0_5,8,38.5
2.0,2.0,3,weak_wide,100000.0,ci_lower,data_derived,215,Adm_6_11,8,28.0
2.0,2.0,3,weak_wide,100000.0,ci_lower,data_derived,215,Adm_12_17,8,24.5
2.0,2.0,3,weak_wide,100000.0,ci_lower,data_derived,215,Adm_18_49,8,28.0
2.0,2.0,3,weak_wide,100000.0,ci_lower,data_derived,215,Adm_50_64,8,21.0
2.0,2.0,3,weak_wide,100000.0,ci_lower,data_derived,215,Adm_65_higher,8,24.5
2.0,2.0,4,v7,1000.0,posterior_mean,chp_operational,216,ILI_PMP,8,42.0
2.0,2.0,4,v7,1000.0,posterior_mean,chp_operational,216,ILI_AED,8,38.5
2.0,2.0,4,v7,1000.0,posterior_mean,chp_operational,216,ILI_CMP,8,38.5
2.0,2.0,4,v7,1000.0,posterior_mean,chp_operational,216,ILI_School,8,28.0
2.0,2.0,4,v7,1000.0,posterior_mean,chp_operational,216,ILI_NonSchool,8,10.5
2.0,2.0,4,v7,1000.0,posterior_mean,chp_operational,216,Fever_RCHE,0,
2.0,2.0,4,v7,1000.0,posterior_mean,chp_operational,216,Adm_All,8,28.0
2.0,2.0,4,v7,1000.0,posterior_mean,chp_operational,216,Adm_0_5,8,24.5
2.0,2.0,4,v7,1000.0,posterior_mean,chp_operational,216,Adm_6_11,8,24.5
2.0,2.0,4,v7,1000.0,posterior_mean,chp_operational,216,Adm_12_17,8,24.5
2.0,2.0,4,v7,1000.0,posterior_mean,chp_operational,216,Adm_18_49,8,21.0
2.0,2.0,4,v7,1000.0,posterior_mean,chp_operational,216,Adm_50_64,8,17.5
2.0,2.0,4,v7,1000.0,posterior_mean,chp_operational,216,Adm_65_higher,8,24.5
2.0,2.0,4,v7,1000.0,posterior_mean,data_derived,217,ILI_PMP,8,42.0
2.0,2.0,4,v7,1000.0,posterior_mean,data_derived,217,ILI_AED,8,38.5
2.0,2.0,4,v7,1000.0,posterior_mean,data_derived,217,ILI_CMP,8,38.5
2.0,2.0,4,v7,1000.0,posterior_mean,data_derived,217,ILI_School,8,28.0
2.0,2.0,4,v7,1000.0,posterior_mean,data_derived,217,ILI_NonSchool,8,10.5
2.0,2.0,4,v7,1000.0,posterior_mean,data_derived,217,Fever_RCHE,0,
2.0,2.0,4,v7,1000.0,posterior_mean,data_derived,217,Adm_All,8,28.0
2.0,2.0,4,v7,1000.0,posterior_mean,data_derived,217,Adm_0_5,8,24.5
2.0,2.0,4,v7,1000.0,posterior_mean,data_derived,217,Adm_6_11,8,24.5
2.0,2.0,4,v7,1000.0,posterior_mean,data_derived,217,Adm_12_17,8,24.5
2.0,2.0,4,v7,1000.0,posterior_mean,data_derived,217,Adm_18_49,8,21.0
2.0,2.0,4,v7,1000.0,posterior_mean,data_derived,217,Adm_50_64,8,17.5
2.0,2.0,4,v7,1000.0,posterior_mean,data_derived,217,Adm_65_higher,8,24.5
2.0,2.0,4,v7,1000.0,ci_lower,chp_operational,218,ILI_PMP,8,42.0
2.0,2.0,4,v7,1000.0,ci_lower,chp_operational,218,ILI_AED,8,35.0
2.0,2.0,4,v7,1000.0,ci_lower,chp_operational,218,ILI_CMP,8,35.0
2.0,2.0,4,v7,1000.0,ci_lower,chp_operational,218,ILI_School,8,28.0
2.0,2.0,4,v7,1000.0,ci_lower,chp_operational,218,ILI_NonSchool,8,10.5
2.0,2.0,4,v7,1000.0,ci_lower,chp_operational,218,Fever_RCHE,0,
2.0,2.0,4,v7,1000.0,ci_lower,chp_operational,218,Adm_All,8,14.0
2.0,2.0,4,v7,1000.0,ci_lower,chp_operational,218,Adm_0_5,8,24.5
2.0,2.0,4,v7,1000.0,ci_lower,chp_operational,218,Adm_6_11,8,24.5
2.0,2.0,4,v7,1000.0,ci_lower,chp_operational,218,Adm_12_17,8,24.5
2.0,2.0,4,v7,1000.0,ci_lower,chp_operational,218,Adm_18_49,8,-3.5
2.0,2.0,4,v7,1000.0,ci_lower,chp_operational,218,Adm_50_64,8,3.5
2.0,2.0,4,v7,1000.0,ci_lower,chp_operational,218,Adm_65_higher,8,21.0
2.0,2.0,4,v7,1000.0,ci_lower,data_derived,219,ILI_PMP,8,42.0
2.0,2.0,4,v7,1000.0,ci_lower,data_derived,219,ILI_AED,8,35.0
2.0,2.0,4,v7,1000.0,ci_lower,data_derived,219,ILI_CMP,8,35.0
2.0,2.0,4,v7,1000.0,ci_lower,data_derived,219,ILI_School,8,28.0
2.0,2.0,4,v7,1000.0,ci_lower,data_derived,219,ILI_NonSchool,8,10.5
2.0,2.0,4,v7,1000.0,ci_lower,data_derived,219,Fever_RCHE,0,
2.0,2.0,4,v7,1000.0,ci_lower,data_derived,219,Adm_All,8,17.5
2.0,2.0,4,v7,1000.0,ci_lower,data_derived,219,Adm_0_5,8,24.5
2.0,2.0,4,v7,1000.0,ci_lower,data_derived,219,Adm_6_11,8,24.5
2.0,2.0,4,v7,1000.0,ci_lower,data_derived,219,Adm_12_17,8,24.5
2.0,2.0,4,v7,1000.0,ci_lower,data_derived,219,Adm_18_49,8,-3.5
2.0,2.0,4,v7,1000.0,ci_lower,data_derived,219,Adm_50_64,8,7.0
2.0,2.0,4,v7,1000.0,ci_lower,data_derived,219,Adm_65_higher,8,21.0
2.0,2.0,4,v7,10000.0,posterior_mean,chp_operational,220,ILI_PMP,8,42.0
2.0,2.0,4,v7,10000.0,posterior_mean,chp_operational,220,ILI_AED,8,38.5
2.0,2.0,4,v7,10000.0,posterior_mean,chp_operational,220,ILI_CMP,8,38.5
2.0,2.0,4,v7,10000.0,posterior_mean,chp_operational,220,ILI_School,8,28.0
2.0,2.0,4,v7,10000.0,posterior_mean,chp_operational,220,ILI_NonSchool,8,10.5
2.0,2.0,4,v7,10000.0,posterior_mean,chp_operational,220,Fever_RCHE,8,-14.0
2.0,2.0,4,v7,10000.0,posterior_mean,chp_operational,220,Adm_All,8,35.0
2.0,2.0,4,v7,10000.0,posterior_mean,chp_operational,220,Adm_0_5,8,24.5
2.0,2.0,4,v7,10000.0,posterior_mean,chp_operational,220,Adm_6_11,8,24.5
2.0,2.0,4,v7,10000.0,posterior_mean,chp_operational,220,Adm_12_17,8,24.5
2.0,2.0,4,v7,10000.0,posterior_mean,chp_operational,220,Adm_18_49,8,35.0
2.0,2.0,4,v7,10000.0,posterior_mean,chp_operational,220,Adm_50_64,8,17.5
2.0,2.0,4,v7,10000.0,posterior_mean,chp_operational,220,Adm_65_higher,8,24.5
2.0,2.0,4,v7,10000.0,posterior_mean,data_derived,221,ILI_PMP,8,42.0
2.0,2.0,4,v7,10000.0,posterior_mean,data_derived,221,ILI_AED,8,38.5
2.0,2.0,4,v7,10000.0,posterior_mean,data_derived,221,ILI_CMP,8,38.5
2.0,2.0,4,v7,10000.0,posterior_mean,data_derived,221,ILI_School,8,28.0
2.0,2.0,4,v7,10000.0,posterior_mean,data_derived,221,ILI_NonSchool,8,10.5
2.0,2.0,4,v7,10000.0,posterior_mean,data_derived,221,Fever_RCHE,8,-14.0
2.0,2.0,4,v7,10000.0,posterior_mean,data_derived,221,Adm_All,8,35.0
2.0,2.0,4,v7,10000.0,posterior_mean,data_derived,221,Adm_0_5,8,24.5
2.0,2.0,4,v7,10000.0,posterior_mean,data_derived,221,Adm_6_11,8,24.5
2.0,2.0,4,v7,10000.0,posterior_mean,data_derived,221,Adm_12_17,8,24.5
2.0,2.0,4,v7,10000.0,posterior_mean,data_derived,221,Adm_18_49,8,35.0
2.0,2.0,4,v7,10000.0,posterior_mean,data_derived,221,Adm_50_64,8,17.5
2.0,2.0,4,v7,10000.0,posterior_mean,data_derived,221,Adm_65_higher,8,24.5
2.0,2.0,4,v7,10000.0,ci_lower,chp_operational,222,ILI_PMP,8,42.0
2.0,2.0,4,v7,10000.0,ci_lower,chp_operational,222,ILI_AED,8,35.0
2.0,2.0,4,v7,10000.0,ci_lower,chp_operational,222,ILI_CMP,8,38.5
2.0,2.0,4,v7,10000.0,ci_lower,chp_operational,222,ILI_School,8,28.0
2.0,2.0,4,v7,10000.0,ci_lower,chp_operational,222,ILI_NonSchool,8,10.5
2.0,2.0,4,v7,10000.0,ci_lower,chp_operational,222,Fever_RCHE,0,
2.0,2.0,4,v7,10000.0,ci_lower,chp_operational,222,Adm_All,8,31.5
2.0,2.0,4,v7,10000.0,ci_lower,chp_operational,222,Adm_0_5,8,24.5
2.0,2.0,4,v7,10000.0,ci_lower,chp_operational,222,Adm_6_11,8,24.5
2.0,2.0,4,v7,10000.0,ci_lower,chp_operational,222,Adm_12_17,8,24.5
2.0,2.0,4,v7,10000.0,ci_lower,chp_operational,222,Adm_18_49,8,35.0
2.0,2.0,4,v7,10000.0,ci_lower,chp_operational,222,Adm_50_64,8,17.5
2.0,2.0,4,v7,10000.0,ci_lower,chp_operational,222,Adm_65_higher,8,24.5
2.0,2.0,4,v7,10000.0,ci_lower,data_derived,223,ILI_PMP,8,42.0
2.0,2.0,4,v7,10000.0,ci_lower,data_derived,223,ILI_AED,8,35.0
2.0,2.0,4,v7,10000.0,ci_lower,data_derived,223,ILI_CMP,8,38.5
2.0,2.0,4,v7,10000.0,ci_lower,data_derived,223,ILI_School,8,28.0
2.0,2.0,4,v7,10000.0,ci_lower,data_derived,223,ILI_NonSchool,8,10.5
2.0,2.0,4,v7,10000.0,ci_lower,data_derived,223,Fever_RCHE,0,
2.0,2.0,4,v7,10000.0,ci_lower,data_derived,223,Adm_All,8,31.5
2.0,2.0,4,v7,10000.0,ci_lower,data_derived,223,Adm_0_5,8,24.5
2.0,2.0,4,v7,10000.0,ci_lower,data_derived,223,Adm_6_11,8,24.5
2.0,2.0,4,v7,10000.0,ci_lower,data_derived,223,Adm_12_17,8,24.5
2.0,2.0,4,v7,10000.0,ci_lower,data_derived,223,Adm_18_49,8,35.0
2.0,2.0,4,v7,10000.0,ci_lower,data_derived,223,Adm_50_64,8,17.5
2.0,2.0,4,v7,10000.0,ci_lower,data_derived,223,Adm_65_higher,8,24.5
2.0,2.0,4,v7,100000.0,posterior_mean,chp_operational,224,ILI_PMP,8,42.0
2.0,2.0,4,v7,100000.0,posterior_mean,chp_operational,224,ILI_AED,8,38.5
2.0,2.0,4,v7,100000.0,posterior_mean,chp_operational,224,ILI_CMP,8,38.5
2.0,2.0,4,v7,100000.0,posterior_mean,chp_operational,224,ILI_School,8,28.0
2.0,2.0,4,v7,100000.0,posterior_mean,chp_operational,224,ILI_NonSchool,8,10.5
2.0,2.0,4,v7,100000.0,posterior_mean,chp_operational,224,Fever_RCHE,8,38.5
2.0,2.0,4,v7,100000.0,posterior_mean,chp_operational,224,Adm_All,8,35.0
2.0,2.0,4,v7,100000.0,posterior_mean,chp_operational,224,Adm_0_5,8,24.5
2.0,2.0,4,v7,100000.0,posterior_mean,chp_operational,224,Adm_6_11,8,24.5
2.0,2.0,4,v7,100000.0,posterior_mean,chp_operational,224,Adm_12_17,8,24.5
2.0,2.0,4,v7,100000.0,posterior_mean,chp_operational,224,Adm_18_49,8,35.0
2.0,2.0,4,v7,100000.0,posterior_mean,chp_operational,224,Adm_50_64,8,17.5
2.0,2.0,4,v7,100000.0,posterior_mean,chp_operational,224,Adm_65_higher,8,24.5
2.0,2.0,4,v7,100000.0,posterior_mean,data_derived,225,ILI_PMP,8,42.0
2.0,2.0,4,v7,100000.0,posterior_mean,data_derived,225,ILI_AED,8,38.5
2.0,2.0,4,v7,100000.0,posterior_mean,data_derived,225,ILI_CMP,8,38.5
2.0,2.0,4,v7,100000.0,posterior_mean,data_derived,225,ILI_School,8,28.0
2.0,2.0,4,v7,100000.0,posterior_mean,data_derived,225,ILI_NonSchool,8,10.5
2.0,2.0,4,v7,100000.0,posterior_mean,data_derived,225,Fever_RCHE,8,38.5
2.0,2.0,4,v7,100000.0,posterior_mean,data_derived,225,Adm_All,8,35.0
2.0,2.0,4,v7,100000.0,posterior_mean,data_derived,225,Adm_0_5,8,24.5
2.0,2.0,4,v7,100000.0,posterior_mean,data_derived,225,Adm_6_11,8,24.5
2.0,2.0,4,v7,100000.0,posterior_mean,data_derived,225,Adm_12_17,8,24.5
2.0,2.0,4,v7,100000.0,posterior_mean,data_derived,225,Adm_18_49,8,35.0
2.0,2.0,4,v7,100000.0,posterior_mean,data_derived,225,Adm_50_64,8,17.5
2.0,2.0,4,v7,100000.0,posterior_mean,data_derived,225,Adm_65_higher,8,24.5
2.0,2.0,4,v7,100000.0,ci_lower,chp_operational,226,ILI_PMP,8,42.0
2.0,2.0,4,v7,100000.0,ci_lower,chp_operational,226,ILI_AED,8,38.5
2.0,2.0,4,v7,100000.0,ci_lower,chp_operational,226,ILI_CMP,8,38.5
2.0,2.0,4,v7,100000.0,ci_lower,chp_operational,226,ILI_School,8,28.0
2.0,2.0,4,v7,100000.0,ci_lower,chp_operational,226,ILI_NonSchool,8,10.5
2.0,2.0,4,v7,100000.0,ci_lower,chp_operational,226,Fever_RCHE,8,-14.0
2.0,2.0,4,v7,100000.0,ci_lower,chp_operational,226,Adm_All,8,31.5
2.0,2.0,4,v7,100000.0,ci_lower,chp_operational,226,Adm_0_5,8,24.5
2.0,2.0,4,v7,100000.0,ci_lower,chp_operational,226,Adm_6_11,8,24.5
2.0,2.0,4,v7,100000.0,ci_lower,chp_operational,226,Adm_12_17,8,24.5
2.0,2.0,4,v7,100000.0,ci_lower,chp_operational,226,Adm_18_49,8,35.0
2.0,2.0,4,v7,100000.0,ci_lower,chp_operational,226,Adm_50_64,8,17.5
2.0,2.0,4,v7,100000.0,ci_lower,chp_operational,226,Adm_65_higher,8,24.5
2.0,2.0,4,v7,100000.0,ci_lower,data_derived,227,ILI_PMP,8,42.0
2.0,2.0,4,v7,100000.0,ci_lower,data_derived,227,ILI_AED,8,38.5
2.0,2.0,4,v7,100000.0,ci_lower,data_derived,227,ILI_CMP,8,38.5
2.0,2.0,4,v7,100000.0,ci_lower,data_derived,227,ILI_School,8,28.0
2.0,2.0,4,v7,100000.0,ci_lower,data_derived,227,ILI_NonSchool,8,10.5
2.0,2.0,4,v7,100000.0,ci_lower,data_derived,227,Fever_RCHE,8,-14.0
2.0,2.0,4,v7,100000.0,ci_lower,data_derived,227,Adm_All,8,31.5
2.0,2.0,4,v7,100000.0,ci_lower,data_derived,227,Adm_0_5,8,24.5
2.0,2.0,4,v7,100000.0,ci_lower,data_derived,227,Adm_6_11,8,24.5
2.0,2.0,4,v7,100000.0,ci_lower,data_derived,227,Adm_12_17,8,24.5
2.0,2.0,4,v7,100000.0,ci_lower,data_derived,227,Adm_18_49,8,35.0
2.0,2.0,4,v7,100000.0,ci_lower,data_derived,227,Adm_50_64,8,17.5
2.0,2.0,4,v7,100000.0,ci_lower,data_derived,227,Adm_65_higher,8,24.5
2.0,2.0,4,vague,1000.0,posterior_mean,chp_operational,228,ILI_PMP,8,42.0
2.0,2.0,4,vague,1000.0,posterior_mean,chp_operational,228,ILI_AED,8,35.0
2.0,2.0,4,vague,1000.0,posterior_mean,chp_operational,228,ILI_CMP,6,-45.5
2.0,2.0,4,vague,1000.0,posterior_mean,chp_operational,228,ILI_School,8,28.0
2.0,2.0,4,vague,1000.0,posterior_mean,chp_operational,228,ILI_NonSchool,8,7.0
2.0,2.0,4,vague,1000.0,posterior_mean,chp_operational,228,Fever_RCHE,0,
2.0,2.0,4,vague,1000.0,posterior_mean,chp_operational,228,Adm_All,3,-35.0
2.0,2.0,4,vague,1000.0,posterior_mean,chp_operational,228,Adm_0_5,8,-14.0
2.0,2.0,4,vague,1000.0,posterior_mean,chp_operational,228,Adm_6_11,6,-38.5
2.0,2.0,4,vague,1000.0,posterior_mean,chp_operational,228,Adm_12_17,1,-308.0
2.0,2.0,4,vague,1000.0,posterior_mean,chp_operational,228,Adm_18_49,0,
2.0,2.0,4,vague,1000.0,posterior_mean,chp_operational,228,Adm_50_64,0,
2.0,2.0,4,vague,1000.0,posterior_mean,chp_operational,228,Adm_65_higher,6,-24.5
2.0,2.0,4,vague,1000.0,posterior_mean,data_derived,229,ILI_PMP,8,42.0
2.0,2.0,4,vague,1000.0,posterior_mean,data_derived,229,ILI_AED,8,35.0
2.0,2.0,4,vague,1000.0,posterior_mean,data_derived,229,ILI_CMP,6,-45.5
2.0,2.0,4,vague,1000.0,posterior_mean,data_derived,229,ILI_School,8,28.0
2.0,2.0,4,vague,1000.0,posterior_mean,data_derived,229,ILI_NonSchool,8,7.0
2.0,2.0,4,vague,1000.0,posterior_mean,data_derived,229,Fever_RCHE,0,
2.0,2.0,4,vague,1000.0,posterior_mean,data_derived,229,Adm_All,3,-35.0
2.0,2.0,4,vague,1000.0,posterior_mean,data_derived,229,Adm_0_5,8,-10.5
2.0,2.0,4,vague,1000.0,posterior_mean,data_derived,229,Adm_6_11,6,-35.0
2.0,2.0,4,vague,1000.0,posterior_mean,data_derived,229,Adm_12_17,1,-301.0
2.0,2.0,4,vague,1000.0,posterior_mean,data_derived,229,Adm_18_49,0,
2.0,2.0,4,vague,1000.0,posterior_mean,data_derived,229,Adm_50_64,0,
2.0,2.0,4,vague,1000.0,posterior_mean,data_derived,229,Adm_65_higher,6,-24.5
2.0,2.0,4,vague,1000.0,ci_lower,chp_operational,230,ILI_PMP,8,42.0
2.0,2.0,4,vague,1000.0,ci_lower,chp_operational,230,ILI_AED,8,35.0
2.0,2.0,4,vague,1000.0,ci_lower,chp_operational,230,ILI_CMP,6,-45.5
2.0,2.0,4,vague,1000.0,ci_lower,chp_operational,230,ILI_School,8,21.0
2.0,2.0,4,vague,1000.0,ci_lower,chp_operational,230,ILI_NonSchool,8,-10.5
2.0,2.0,4,vague,1000.0,ci_lower,chp_operational,230,Fever_RCHE,0,
2.0,2.0,4,vague,1000.0,ci_lower,chp_operational,230,Adm_All,2,-66.5
2.0,2.0,4,vague,1000.0,ci_lower,chp_operational,230,Adm_0_5,7,-14.0
2.0,2.0,4,vague,1000.0,ci_lower,chp_operational,230,Adm_6_11,5,-42.0
2.0,2.0,4,vague,1000.0,ci_lower,chp_operational,230,Adm_12_17,0,
2.0,2.0,4,vague,1000.0,ci_lower,chp_operational,230,Adm_18_49,0,
2.0,2.0,4,vague,1000.0,ci_lower,chp_operational,230,Adm_50_64,0,
2.0,2.0,4,vague,1000.0,ci_lower,chp_operational,230,Adm_65_higher,6,-24.5
2.0,2.0,4,vague,1000.0,ci_lower,data_derived,231,ILI_PMP,8,42.0
2.0,2.0,4,vague,1000.0,ci_lower,data_derived,231,ILI_AED,8,35.0
2.0,2.0,4,vague,1000.0,ci_lower,data_derived,231,ILI_CMP,6,-45.5
2.0,2.0,4,vague,1000.0,ci_lower,data_derived,231,ILI_School,8,21.0
2.0,2.0,4,vague,1000.0,ci_lower,data_derived,231,ILI_NonSchool,8,-10.5
2.0,2.0,4,vague,1000.0,ci_lower,data_derived,231,Fever_RCHE,0,
2.0,2.0,4,vague,1000.0,ci_lower,data_derived,231,Adm_All,2,-63.0
2.0,2.0,4,vague,1000.0,ci_lower,data_derived,231,Adm_0_5,7,-7.0
2.0,2.0,4,vague,1000.0,ci_lower,data_derived,231,Adm_6_11,5,-35.0
2.0,2.0,4,vague,1000.0,ci_lower,data_derived,231,Adm_12_17,0,
2.0,2.0,4,vague,1000.0,ci_lower,data_derived,231,Adm_18_49,0,
2.0,2.0,4,vague,1000.0,ci_lower,data_derived,231,Adm_50_64,0,
2.0,2.0,4,vague,1000.0,ci_lower,data_derived,231,Adm_65_higher,6,-24.5
2.0,2.0,4,vague,10000.0,posterior_mean,chp_operational,232,ILI_PMP,8,42.0
2.0,2.0,4,vague,10000.0,posterior_mean,chp_operational,232,ILI_AED,8,38.5
2.0,2.0,4,vague,10000.0,posterior_mean,chp_operational,232,ILI_CMP,8,35.0
2.0,2.0,4,vague,10000.0,posterior_mean,chp_operational,232,ILI_School,8,28.0
2.0,2.0,4,vague,10000.0,posterior_mean,chp_operational,232,ILI_NonSchool,8,10.5
2.0,2.0,4,vague,10000.0,posterior_mean,chp_operational,232,Fever_RCHE,0,
2.0,2.0,4,vague,10000.0,posterior_mean,chp_operational,232,Adm_All,8,-7.0
2.0,2.0,4,vague,10000.0,posterior_mean,chp_operational,232,Adm_0_5,8,14.0
2.0,2.0,4,vague,10000.0,posterior_mean,chp_operational,232,Adm_6_11,8,10.5
2.0,2.0,4,vague,10000.0,posterior_mean,chp_operational,232,Adm_12_17,8,-17.5
2.0,2.0,4,vague,10000.0,posterior_mean,chp_operational,232,Adm_18_49,7,-21.0
2.0,2.0,4,vague,10000.0,posterior_mean,chp_operational,232,Adm_50_64,8,-17.5
2.0,2.0,4,vague,10000.0,posterior_mean,chp_operational,232,Adm_65_higher,8,-3.5
2.0,2.0,4,vague,10000.0,posterior_mean,data_derived,233,ILI_PMP,8,42.0
2.0,2.0,4,vague,10000.0,posterior_mean,data_derived,233,ILI_AED,8,38.5
2.0,2.0,4,vague,10000.0,posterior_mean,data_derived,233,ILI_CMP,8,35.0
2.0,2.0,4,vague,10000.0,posterior_mean,data_derived,233,ILI_School,8,28.0
2.0,2.0,4,vague,10000.0,posterior_mean,data_derived,233,ILI_NonSchool,8,10.5
2.0,2.0,4,vague,10000.0,posterior_mean,data_derived,233,Fever_RCHE,0,
2.0,2.0,4,vague,10000.0,posterior_mean,data_derived,233,Adm_All,8,-3.5
2.0,2.0,4,vague,10000.0,posterior_mean,data_derived,233,Adm_0_5,8,17.5
2.0,2.0,4,vague,10000.0,posterior_mean,data_derived,233,Adm_6_11,8,14.0
2.0,2.0,4,vague,10000.0,posterior_mean,data_derived,233,Adm_12_17,8,-14.0
2.0,2.0,4,vague,10000.0,posterior_mean,data_derived,233,Adm_18_49,7,-21.0
2.0,2.0,4,vague,10000.0,posterior_mean,data_derived,233,Adm_50_64,8,-14.0
2.0,2.0,4,vague,10000.0,posterior_mean,data_derived,233,Adm_65_higher,8,0.0
2.0,2.0,4,vague,10000.0,ci_lower,chp_operational,234,ILI_PMP,8,42.0
2.0,2.0,4,vague,10000.0,ci_lower,chp_operational,234,ILI_AED,8,35.0
2.0,2.0,4,vague,10000.0,ci_lower,chp_operational,234,ILI_CMP,8,35.0
2.0,2.0,4,vague,10000.0,ci_lower,chp_operational,234,ILI_School,8,28.0
2.0,2.0,4,vague,10000.0,ci_lower,chp_operational,234,ILI_NonSchool,8,10.5
2.0,2.0,4,vague,10000.0,ci_lower,chp_operational,234,Fever_RCHE,0,
2.0,2.0,4,vague,10000.0,ci_lower,chp_operational,234,Adm_All,8,-10.5
2.0,2.0,4,vague,10000.0,ci_lower,chp_operational,234,Adm_0_5,8,14.0
2.0,2.0,4,vague,10000.0,ci_lower,chp_operational,234,Adm_6_11,8,10.5
2.0,2.0,4,vague,10000.0,ci_lower,chp_operational,234,Adm_12_17,8,-17.5
2.0,2.0,4,vague,10000.0,ci_lower,chp_operational,234,Adm_18_49,7,-28.0
2.0,2.0,4,vague,10000.0,ci_lower,chp_operational,234,Adm_50_64,8,-17.5
2.0,2.0,4,vague,10000.0,ci_lower,chp_operational,234,Adm_65_higher,8,-3.5
2.0,2.0,4,vague,10000.0,ci_lower,data_derived,235,ILI_PMP,8,42.0
2.0,2.0,4,vague,10000.0,ci_lower,data_derived,235,ILI_AED,8,35.0
2.0,2.0,4,vague,10000.0,ci_lower,data_derived,235,ILI_CMP,8,35.0
2.0,2.0,4,vague,10000.0,ci_lower,data_derived,235,ILI_School,8,28.0
2.0,2.0,4,vague,10000.0,ci_lower,data_derived,235,ILI_NonSchool,8,10.5
2.0,2.0,4,vague,10000.0,ci_lower,data_derived,235,Fever_RCHE,0,
2.0,2.0,4,vague,10000.0,ci_lower,data_derived,235,Adm_All,8,-7.0
2.0,2.0,4,vague,10000.0,ci_lower,data_derived,235,Adm_0_5,8,17.5
2.0,2.0,4,vague,10000.0,ci_lower,data_derived,235,Adm_6_11,8,14.0
2.0,2.0,4,vague,10000.0,ci_lower,data_derived,235,Adm_12_17,8,-14.0
2.0,2.0,4,vague,10000.0,ci_lower,data_derived,235,Adm_18_49,7,-21.0
2.0,2.0,4,vague,10000.0,ci_lower,data_derived,235,Adm_50_64,8,-14.0
2.0,2.0,4,vague,10000.0,ci_lower,data_derived,235,Adm_65_higher,8,0.0
2.0,2.0,4,vague,100000.0,posterior_mean,chp_operational,236,ILI_PMP,8,42.0
2.0,2.0,4,vague,100000.0,posterior_mean,chp_operational,236,ILI_AED,8,38.5
2.0,2.0,4,vague,100000.0,posterior_mean,chp_operational,236,ILI_CMP,8,38.5
2.0,2.0,4,vague,100000.0,posterior_mean,chp_operational,236,ILI_School,8,28.0
2.0,2.0,4,vague,100000.0,posterior_mean,chp_operational,236,ILI_NonSchool,8,10.5
2.0,2.0,4,vague,100000.0,posterior_mean,chp_operational,236,Fever_RCHE,0,
2.0,2.0,4,vague,100000.0,posterior_mean,chp_operational,236,Adm_All,8,28.0
2.0,2.0,4,vague,100000.0,posterior_mean,chp_operational,236,Adm_0_5,8,24.5
2.0,2.0,4,vague,100000.0,posterior_mean,chp_operational,236,Adm_6_11,8,24.5
2.0,2.0,4,vague,100000.0,posterior_mean,chp_operational,236,Adm_12_17,8,24.5
2.0,2.0,4,vague,100000.0,posterior_mean,chp_operational,236,Adm_18_49,8,3.5
2.0,2.0,4,vague,100000.0,posterior_mean,chp_operational,236,Adm_50_64,8,10.5
2.0,2.0,4,vague,100000.0,posterior_mean,chp_operational,236,Adm_65_higher,8,24.5
2.0,2.0,4,vague,100000.0,posterior_mean,data_derived,237,ILI_PMP,8,42.0
2.0,2.0,4,vague,100000.0,posterior_mean,data_derived,237,ILI_AED,8,38.5
2.0,2.0,4,vague,100000.0,posterior_mean,data_derived,237,ILI_CMP,8,38.5
2.0,2.0,4,vague,100000.0,posterior_mean,data_derived,237,ILI_School,8,28.0
2.0,2.0,4,vague,100000.0,posterior_mean,data_derived,237,ILI_NonSchool,8,10.5
2.0,2.0,4,vague,100000.0,posterior_mean,data_derived,237,Fever_RCHE,0,
2.0,2.0,4,vague,100000.0,posterior_mean,data_derived,237,Adm_All,8,28.0
2.0,2.0,4,vague,100000.0,posterior_mean,data_derived,237,Adm_0_5,8,24.5
2.0,2.0,4,vague,100000.0,posterior_mean,data_derived,237,Adm_6_11,8,24.5
2.0,2.0,4,vague,100000.0,posterior_mean,data_derived,237,Adm_12_17,8,24.5
2.0,2.0,4,vague,100000.0,posterior_mean,data_derived,237,Adm_18_49,8,7.0
2.0,2.0,4,vague,100000.0,posterior_mean,data_derived,237,Adm_50_64,8,10.5
2.0,2.0,4,vague,100000.0,posterior_mean,data_derived,237,Adm_65_higher,8,24.5
2.0,2.0,4,vague,100000.0,ci_lower,chp_operational,238,ILI_PMP,8,42.0
2.0,2.0,4,vague,100000.0,ci_lower,chp_operational,238,ILI_AED,8,38.5
2.0,2.0,4,vague,100000.0,ci_lower,chp_operational,238,ILI_CMP,8,38.5
2.0,2.0,4,vague,100000.0,ci_lower,chp_operational,238,ILI_School,8,28.0
2.0,2.0,4,vague,100000.0,ci_lower,chp_operational,238,ILI_NonSchool,8,10.5
2.0,2.0,4,vague,100000.0,ci_lower,chp_operational,238,Fever_RCHE,0,
2.0,2.0,4,vague,100000.0,ci_lower,chp_operational,238,Adm_All,8,28.0
2.0,2.0,4,vague,100000.0,ci_lower,chp_operational,238,Adm_0_5,8,24.5
2.0,2.0,4,vague,100000.0,ci_lower,chp_operational,238,Adm_6_11,8,24.5
2.0,2.0,4,vague,100000.0,ci_lower,chp_operational,238,Adm_12_17,8,24.5
2.0,2.0,4,vague,100000.0,ci_lower,chp_operational,238,Adm_18_49,8,3.5
2.0,2.0,4,vague,100000.0,ci_lower,chp_operational,238,Adm_50_64,8,10.5
2.0,2.0,4,vague,100000.0,ci_lower,chp_operational,238,Adm_65_higher,8,24.5
2.0,2.0,4,vague,100000.0,ci_lower,data_derived,239,ILI_PMP,8,42.0
2.0,2.0,4,vague,100000.0,ci_lower,data_derived,239,ILI_AED,8,38.5
2.0,2.0,4,vague,100000.0,ci_lower,data_derived,239,ILI_CMP,8,38.5
2.0,2.0,4,vague,100000.0,ci_lower,data_derived,239,ILI_School,8,28.0
2.0,2.0,4,vague,100000.0,ci_lower,data_derived,239,ILI_NonSchool,8,10.5
2.0,2.0,4,vague,100000.0,ci_lower,data_derived,239,Fever_RCHE,0,
2.0,2.0,4,vague,100000.0,ci_lower,data_derived,239,Adm_All,8,28.0
2.0,2.0,4,vague,100000.0,ci_lower,data_derived,239,Adm_0_5,8,24.5
2.0,2.0,4,vague,100000.0,ci_lower,data_derived,239,Adm_6_11,8,24.5
2.0,2.0,4,vague,100000.0,ci_lower,data_derived,239,Adm_12_17,8,24.5
2.0,2.0,4,vague,100000.0,ci_lower,data_derived,239,Adm_18_49,8,7.0
2.0,2.0,4,vague,100000.0,ci_lower,data_derived,239,Adm_50_64,8,10.5
2.0,2.0,4,vague,100000.0,ci_lower,data_derived,239,Adm_65_higher,8,24.5
2.0,2.0,4,weak_wide,1000.0,posterior_mean,chp_operational,240,ILI_PMP,8,42.0
2.0,2.0,4,weak_wide,1000.0,posterior_mean,chp_operational,240,ILI_AED,8,38.5
2.0,2.0,4,weak_wide,1000.0,posterior_mean,chp_operational,240,ILI_CMP,8,38.5
2.0,2.0,4,weak_wide,1000.0,posterior_mean,chp_operational,240,ILI_School,8,28.0
2.0,2.0,4,weak_wide,1000.0,posterior_mean,chp_operational,240,ILI_NonSchool,8,24.5
2.0,2.0,4,weak_wide,1000.0,posterior_mean,chp_operational,240,Fever_RCHE,8,42.0
2.0,2.0,4,weak_wide,1000.0,posterior_mean,chp_operational,240,Adm_All,8,35.0
2.0,2.0,4,weak_wide,1000.0,posterior_mean,chp_operational,240,Adm_0_5,8,24.5
2.0,2.0,4,weak_wide,1000.0,posterior_mean,chp_operational,240,Adm_6_11,8,38.5
2.0,2.0,4,weak_wide,1000.0,posterior_mean,chp_operational,240,Adm_12_17,8,42.0
2.0,2.0,4,weak_wide,1000.0,posterior_mean,chp_operational,240,Adm_18_49,8,35.0
2.0,2.0,4,weak_wide,1000.0,posterior_mean,chp_operational,240,Adm_50_64,8,35.0
2.0,2.0,4,weak_wide,1000.0,posterior_mean,chp_operational,240,Adm_65_higher,8,24.5
2.0,2.0,4,weak_wide,1000.0,posterior_mean,data_derived,241,ILI_PMP,8,42.0
2.0,2.0,4,weak_wide,1000.0,posterior_mean,data_derived,241,ILI_AED,8,38.5
2.0,2.0,4,weak_wide,1000.0,posterior_mean,data_derived,241,ILI_CMP,8,38.5
2.0,2.0,4,weak_wide,1000.0,posterior_mean,data_derived,241,ILI_School,8,28.0
2.0,2.0,4,weak_wide,1000.0,posterior_mean,data_derived,241,ILI_NonSchool,8,24.5
2.0,2.0,4,weak_wide,1000.0,posterior_mean,data_derived,241,Fever_RCHE,8,42.0
2.0,2.0,4,weak_wide,1000.0,posterior_mean,data_derived,241,Adm_All,8,35.0
2.0,2.0,4,weak_wide,1000.0,posterior_mean,data_derived,241,Adm_0_5,8,24.5
2.0,2.0,4,weak_wide,1000.0,posterior_mean,data_derived,241,Adm_6_11,8,38.5
2.0,2.0,4,weak_wide,1000.0,posterior_mean,data_derived,241,Adm_12_17,8,42.0
2.0,2.0,4,weak_wide,1000.0,posterior_mean,data_derived,241,Adm_18_49,8,35.0
2.0,2.0,4,weak_wide,1000.0,posterior_mean,data_derived,241,Adm_50_64,8,35.0
2.0,2.0,4,weak_wide,1000.0,posterior_mean,data_derived,241,Adm_65_higher,8,24.5
2.0,2.0,4,weak_wide,1000.0,ci_lower,chp_operational,242,ILI_PMP,8,42.0
2.0,2.0,4,weak_wide,1000.0,ci_lower,chp_operational,242,ILI_AED,8,35.0
2.0,2.0,4,weak_wide,1000.0,ci_lower,chp_operational,242,ILI_CMP,8,35.0
2.0,2.0,4,weak_wide,1000.0,ci_lower,chp_operational,242,ILI_School,8,28.0
2.0,2.0,4,weak_wide,1000.0,ci_lower,chp_operational,242,ILI_NonSchool,8,10.5
2.0,2.0,4,weak_wide,1000.0,ci_lower,chp_operational,242,Fever_RCHE,0,
2.0,2.0,4,weak_wide,1000.0,ci_lower,chp_operational,242,Adm_All,8,17.5
2.0,2.0,4,weak_wide,1000.0,ci_lower,chp_operational,242,Adm_0_5,8,24.5
2.0,2.0,4,weak_wide,1000.0,ci_lower,chp_operational,242,Adm_6_11,8,24.5
2.0,2.0,4,weak_wide,1000.0,ci_lower,chp_operational,242,Adm_12_17,8,24.5
2.0,2.0,4,weak_wide,1000.0,ci_lower,chp_operational,242,Adm_18_49,8,7.0
2.0,2.0,4,weak_wide,1000.0,ci_lower,chp_operational,242,Adm_50_64,8,17.5
2.0,2.0,4,weak_wide,1000.0,ci_lower,chp_operational,242,Adm_65_higher,8,21.0
2.0,2.0,4,weak_wide,1000.0,ci_lower,data_derived,243,ILI_PMP,8,42.0
2.0,2.0,4,weak_wide,1000.0,ci_lower,data_derived,243,ILI_AED,8,35.0
2.0,2.0,4,weak_wide,1000.0,ci_lower,data_derived,243,ILI_CMP,8,35.0
2.0,2.0,4,weak_wide,1000.0,ci_lower,data_derived,243,ILI_School,8,28.0
2.0,2.0,4,weak_wide,1000.0,ci_lower,data_derived,243,ILI_NonSchool,8,10.5
2.0,2.0,4,weak_wide,1000.0,ci_lower,data_derived,243,Fever_RCHE,0,
2.0,2.0,4,weak_wide,1000.0,ci_lower,data_derived,243,Adm_All,8,17.5
2.0,2.0,4,weak_wide,1000.0,ci_lower,data_derived,243,Adm_0_5,8,24.5
2.0,2.0,4,weak_wide,1000.0,ci_lower,data_derived,243,Adm_6_11,8,24.5
2.0,2.0,4,weak_wide,1000.0,ci_lower,data_derived,243,Adm_12_17,8,24.5
2.0,2.0,4,weak_wide,1000.0,ci_lower,data_derived,243,Adm_18_49,8,7.0
2.0,2.0,4,weak_wide,1000.0,ci_lower,data_derived,243,Adm_50_64,8,17.5
2.0,2.0,4,weak_wide,1000.0,ci_lower,data_derived,243,Adm_65_higher,8,21.0
2.0,2.0,4,weak_wide,10000.0,posterior_mean,chp_operational,244,ILI_PMP,8,42.0
2.0,2.0,4,weak_wide,10000.0,posterior_mean,chp_operational,244,ILI_AED,8,38.5
2.0,2.0,4,weak_wide,10000.0,posterior_mean,chp_operational,244,ILI_CMP,8,38.5
2.0,2.0,4,weak_wide,10000.0,posterior_mean,chp_operational,244,ILI_School,8,28.0
2.0,2.0,4,weak_wide,10000.0,posterior_mean,chp_operational,244,ILI_NonSchool,8,24.5
2.0,2.0,4,weak_wide,10000.0,posterior_mean,chp_operational,244,Fever_RCHE,8,42.0
2.0,2.0,4,weak_wide,10000.0,posterior_mean,chp_operational,244,Adm_All,8,35.0
2.0,2.0,4,weak_wide,10000.0,posterior_mean,chp_operational,244,Adm_0_5,8,24.5
2.0,2.0,4,weak_wide,10000.0,posterior_mean,chp_operational,244,Adm_6_11,8,38.5
2.0,2.0,4,weak_wide,10000.0,posterior_mean,chp_operational,244,Adm_12_17,8,42.0
2.0,2.0,4,weak_wide,10000.0,posterior_mean,chp_operational,244,Adm_18_49,8,35.0
2.0,2.0,4,weak_wide,10000.0,posterior_mean,chp_operational,244,Adm_50_64,8,31.5
2.0,2.0,4,weak_wide,10000.0,posterior_mean,chp_operational,244,Adm_65_higher,8,24.5
2.0,2.0,4,weak_wide,10000.0,posterior_mean,data_derived,245,ILI_PMP,8,42.0
2.0,2.0,4,weak_wide,10000.0,posterior_mean,data_derived,245,ILI_AED,8,38.5
2.0,2.0,4,weak_wide,10000.0,posterior_mean,data_derived,245,ILI_CMP,8,38.5
2.0,2.0,4,weak_wide,10000.0,posterior_mean,data_derived,245,ILI_School,8,28.0
2.0,2.0,4,weak_wide,10000.0,posterior_mean,data_derived,245,ILI_NonSchool,8,24.5
2.0,2.0,4,weak_wide,10000.0,posterior_mean,data_derived,245,Fever_RCHE,8,42.0
2.0,2.0,4,weak_wide,10000.0,posterior_mean,data_derived,245,Adm_All,8,35.0
2.0,2.0,4,weak_wide,10000.0,posterior_mean,data_derived,245,Adm_0_5,8,24.5
2.0,2.0,4,weak_wide,10000.0,posterior_mean,data_derived,245,Adm_6_11,8,38.5
2.0,2.0,4,weak_wide,10000.0,posterior_mean,data_derived,245,Adm_12_17,8,42.0
2.0,2.0,4,weak_wide,10000.0,posterior_mean,data_derived,245,Adm_18_49,8,35.0
2.0,2.0,4,weak_wide,10000.0,posterior_mean,data_derived,245,Adm_50_64,8,31.5
2.0,2.0,4,weak_wide,10000.0,posterior_mean,data_derived,245,Adm_65_higher,8,24.5
2.0,2.0,4,weak_wide,10000.0,ci_lower,chp_operational,246,ILI_PMP,8,42.0
2.0,2.0,4,weak_wide,10000.0,ci_lower,chp_operational,246,ILI_AED,8,35.0
2.0,2.0,4,weak_wide,10000.0,ci_lower,chp_operational,246,ILI_CMP,8,38.5
2.0,2.0,4,weak_wide,10000.0,ci_lower,chp_operational,246,ILI_School,8,28.0
2.0,2.0,4,weak_wide,10000.0,ci_lower,chp_operational,246,ILI_NonSchool,8,10.5
2.0,2.0,4,weak_wide,10000.0,ci_lower,chp_operational,246,Fever_RCHE,4,-45.5
2.0,2.0,4,weak_wide,10000.0,ci_lower,chp_operational,246,Adm_All,8,31.5
2.0,2.0,4,weak_wide,10000.0,ci_lower,chp_operational,246,Adm_0_5,8,24.5
2.0,2.0,4,weak_wide,10000.0,ci_lower,chp_operational,246,Adm_6_11,8,24.5
2.0,2.0,4,weak_wide,10000.0,ci_lower,chp_operational,246,Adm_12_17,8,24.5
2.0,2.0,4,weak_wide,10000.0,ci_lower,chp_operational,246,Adm_18_49,8,35.0
2.0,2.0,4,weak_wide,10000.0,ci_lower,chp_operational,246,Adm_50_64,8,17.5
2.0,2.0,4,weak_wide,10000.0,ci_lower,chp_operational,246,Adm_65_higher,8,24.5
2.0,2.0,4,weak_wide,10000.0,ci_lower,data_derived,247,ILI_PMP,8,42.0
2.0,2.0,4,weak_wide,10000.0,ci_lower,data_derived,247,ILI_AED,8,35.0
2.0,2.0,4,weak_wide,10000.0,ci_lower,data_derived,247,ILI_CMP,8,38.5
2.0,2.0,4,weak_wide,10000.0,ci_lower,data_derived,247,ILI_School,8,28.0
2.0,2.0,4,weak_wide,10000.0,ci_lower,data_derived,247,ILI_NonSchool,8,10.5
2.0,2.0,4,weak_wide,10000.0,ci_lower,data_derived,247,Fever_RCHE,4,-38.5
2.0,2.0,4,weak_wide,10000.0,ci_lower,data_derived,247,Adm_All,8,31.5
2.0,2.0,4,weak_wide,10000.0,ci_lower,data_derived,247,Adm_0_5,8,24.5
2.0,2.0,4,weak_wide,10000.0,ci_lower,data_derived,247,Adm_6_11,8,24.5
2.0,2.0,4,weak_wide,10000.0,ci_lower,data_derived,247,Adm_12_17,8,24.5
2.0,2.0,4,weak_wide,10000.0,ci_lower,data_derived,247,Adm_18_49,8,35.0
2.0,2.0,4,weak_wide,10000.0,ci_lower,data_derived,247,Adm_50_64,8,17.5
2.0,2.0,4,weak_wide,10000.0,ci_lower,data_derived,247,Adm_65_higher,8,24.5
2.0,2.0,4,weak_wide,100000.0,posterior_mean,chp_operational,248,ILI_PMP,8,42.0
2.0,2.0,4,weak_wide,100000.0,posterior_mean,chp_operational,248,ILI_AED,8,38.5
2.0,2.0,4,weak_wide,100000.0,posterior_mean,chp_operational,248,ILI_CMP,8,38.5
2.0,2.0,4,weak_wide,100000.0,posterior_mean,chp_operational,248,ILI_School,8,28.0
2.0,2.0,4,weak_wide,100000.0,posterior_mean,chp_operational,248,ILI_NonSchool,8,24.5
2.0,2.0,4,weak_wide,100000.0,posterior_mean,chp_operational,248,Fever_RCHE,8,42.0
2.0,2.0,4,weak_wide,100000.0,posterior_mean,chp_operational,248,Adm_All,8,35.0
2.0,2.0,4,weak_wide,100000.0,posterior_mean,chp_operational,248,Adm_0_5,8,24.5
2.0,2.0,4,weak_wide,100000.0,posterior_mean,chp_operational,248,Adm_6_11,8,35.0
2.0,2.0,4,weak_wide,100000.0,posterior_mean,chp_operational,248,Adm_12_17,8,42.0
2.0,2.0,4,weak_wide,100000.0,posterior_mean,chp_operational,248,Adm_18_49,8,35.0
2.0,2.0,4,weak_wide,100000.0,posterior_mean,chp_operational,248,Adm_50_64,8,31.5
2.0,2.0,4,weak_wide,100000.0,posterior_mean,chp_operational,248,Adm_65_higher,8,24.5
2.0,2.0,4,weak_wide,100000.0,posterior_mean,data_derived,249,ILI_PMP,8,42.0
2.0,2.0,4,weak_wide,100000.0,posterior_mean,data_derived,249,ILI_AED,8,38.5
2.0,2.0,4,weak_wide,100000.0,posterior_mean,data_derived,249,ILI_CMP,8,38.5
2.0,2.0,4,weak_wide,100000.0,posterior_mean,data_derived,249,ILI_School,8,28.0
2.0,2.0,4,weak_wide,100000.0,posterior_mean,data_derived,249,ILI_NonSchool,8,24.5
2.0,2.0,4,weak_wide,100000.0,posterior_mean,data_derived,249,Fever_RCHE,8,42.0
2.0,2.0,4,weak_wide,100000.0,posterior_mean,data_derived,249,Adm_All,8,35.0
2.0,2.0,4,weak_wide,100000.0,posterior_mean,data_derived,249,Adm_0_5,8,24.5
2.0,2.0,4,weak_wide,100000.0,posterior_mean,data_derived,249,Adm_6_11,8,35.0
2.0,2.0,4,weak_wide,100000.0,posterior_mean,data_derived,249,Adm_12_17,8,42.0
2.0,2.0,4,weak_wide,100000.0,posterior_mean,data_derived,249,Adm_18_49,8,35.0
2.0,2.0,4,weak_wide,100000.0,posterior_mean,data_derived,249,Adm_50_64,8,31.5
2.0,2.0,4,weak_wide,100000.0,posterior_mean,data_derived,249,Adm_65_higher,8,24.5
2.0,2.0,4,weak_wide,100000.0,ci_lower,chp_operational,250,ILI_PMP,8,42.0
2.0,2.0,4,weak_wide,100000.0,ci_lower,chp_operational,250,ILI_AED,8,38.5
2.0,2.0,4,weak_wide,100000.0,ci_lower,chp_operational,250,ILI_CMP,8,38.5
2.0,2.0,4,weak_wide,100000.0,ci_lower,chp_operational,250,ILI_School,8,28.0
2.0,2.0,4,weak_wide,100000.0,ci_lower,chp_operational,250,ILI_NonSchool,8,10.5
2.0,2.0,4,weak_wide,100000.0,ci_lower,chp_operational,250,Fever_RCHE,8,7.0
2.0,2.0,4,weak_wide,100000.0,ci_lower,chp_operational,250,Adm_All,8,31.5
2.0,2.0,4,weak_wide,100000.0,ci_lower,chp_operational,250,Adm_0_5,8,24.5
2.0,2.0,4,weak_wide,100000.0,ci_lower,chp_operational,250,Adm_6_11,8,24.5
2.0,2.0,4,weak_wide,100000.0,ci_lower,chp_operational,250,Adm_12_17,8,24.5
2.0,2.0,4,weak_wide,100000.0,ci_lower,chp_operational,250,Adm_18_49,8,35.0
2.0,2.0,4,weak_wide,100000.0,ci_lower,chp_operational,250,Adm_50_64,8,17.5
2.0,2.0,4,weak_wide,100000.0,ci_lower,chp_operational,250,Adm_65_higher,8,24.5
2.0,2.0,4,weak_wide,100000.0,ci_lower,data_derived,251,ILI_PMP,8,42.0
2.0,2.0,4,weak_wide,100000.0,ci_lower,data_derived,251,ILI_AED,8,38.5
2.0,2.0,4,weak_wide,100000.0,ci_lower,data_derived,251,ILI_CMP,8,38.5
2.0,2.0,4,weak_wide,100000.0,ci_lower,data_derived,251,ILI_School,8,28.0
2.0,2.0,4,weak_wide,100000.0,ci_lower,data_derived,251,ILI_NonSchool,8,10.5
2.0,2.0,4,weak_wide,100000.0,ci_lower,data_derived,251,Fever_RCHE,8,7.0
2.0,2.0,4,weak_wide,100000.0,ci_lower,data_derived,251,Adm_All,8,31.5
2.0,2.0,4,weak_wide,100000.0,ci_lower,data_derived,251,Adm_0_5,8,24.5
2.0,2.0,4,weak_wide,100000.0,ci_lower,data_derived,251,Adm_6_11,8,24.5
2.0,2.0,4,weak_wide,100000.0,ci_lower,data_derived,251,Adm_12_17,8,24.5
2.0,2.0,4,weak_wide,100000.0,ci_lower,data_derived,251,Adm_18_49,8,35.0
2.0,2.0,4,weak_wide,100000.0,ci_lower,data_derived,251,Adm_50_64,8,17.5
2.0,2.0,4,weak_wide,100000.0,ci_lower,data_derived,251,Adm_65_higher,8,24.5
2.0,2.0,6,v7,1000.0,posterior_mean,chp_operational,252,ILI_PMP,8,28.0
2.0,2.0,6,v7,1000.0,posterior_mean,chp_operational,252,ILI_AED,8,28.0
2.0,2.0,6,v7,1000.0,posterior_mean,chp_operational,252,ILI_CMP,8,24.5
2.0,2.0,6,v7,1000.0,posterior_mean,chp_operational,252,ILI_School,8,21.0
2.0,2.0,6,v7,1000.0,posterior_mean,chp_operational,252,ILI_NonSchool,8,10.5
2.0,2.0,6,v7,1000.0,posterior_mean,chp_operational,252,Fever_RCHE,0,
2.0,2.0,6,v7,1000.0,posterior_mean,chp_operational,252,Adm_All,8,17.5
2.0,2.0,6,v7,1000.0,posterior_mean,chp_operational,252,Adm_0_5,8,21.0
2.0,2.0,6,v7,1000.0,posterior_mean,chp_operational,252,Adm_6_11,8,17.5
2.0,2.0,6,v7,1000.0,posterior_mean,chp_operational,252,Adm_12_17,8,14.0
2.0,2.0,6,v7,1000.0,posterior_mean,chp_operational,252,Adm_18_49,8,7.0
2.0,2.0,6,v7,1000.0,posterior_mean,chp_operational,252,Adm_50_64,8,21.0
2.0,2.0,6,v7,1000.0,posterior_mean,chp_operational,252,Adm_65_higher,8,17.5
2.0,2.0,6,v7,1000.0,posterior_mean,data_derived,253,ILI_PMP,8,28.0
2.0,2.0,6,v7,1000.0,posterior_mean,data_derived,253,ILI_AED,8,28.0
2.0,2.0,6,v7,1000.0,posterior_mean,data_derived,253,ILI_CMP,8,24.5
2.0,2.0,6,v7,1000.0,posterior_mean,data_derived,253,ILI_School,8,21.0
2.0,2.0,6,v7,1000.0,posterior_mean,data_derived,253,ILI_NonSchool,8,10.5
2.0,2.0,6,v7,1000.0,posterior_mean,data_derived,253,Fever_RCHE,0,
2.0,2.0,6,v7,1000.0,posterior_mean,data_derived,253,Adm_All,8,17.5
2.0,2.0,6,v7,1000.0,posterior_mean,data_derived,253,Adm_0_5,8,21.0
2.0,2.0,6,v7,1000.0,posterior_mean,data_derived,253,Adm_6_11,8,17.5
2.0,2.0,6,v7,1000.0,posterior_mean,data_derived,253,Adm_12_17,8,14.0
2.0,2.0,6,v7,1000.0,posterior_mean,data_derived,253,Adm_18_49,8,7.0
2.0,2.0,6,v7,1000.0,posterior_mean,data_derived,253,Adm_50_64,8,21.0
2.0,2.0,6,v7,1000.0,posterior_mean,data_derived,253,Adm_65_higher,8,17.5
2.0,2.0,6,v7,1000.0,ci_lower,chp_operational,254,ILI_PMP,8,28.0
2.0,2.0,6,v7,1000.0,ci_lower,chp_operational,254,ILI_AED,8,28.0
2.0,2.0,6,v7,1000.0,ci_lower,chp_operational,254,ILI_CMP,8,3.5
2.0,2.0,6,v7,1000.0,ci_lower,chp_operational,254,ILI_School,8,21.0
2.0,2.0,6,v7,1000.0,ci_lower,chp_operational,254,ILI_NonSchool,8,10.5
2.0,2.0,6,v7,1000.0,ci_lower,chp_operational,254,Fever_RCHE,0,
2.0,2.0,6,v7,1000.0,ci_lower,chp_operational,254,Adm_All,8,10.5
2.0,2.0,6,v7,1000.0,ci_lower,chp_operational,254,Adm_0_5,8,10.5
2.0,2.0,6,v7,1000.0,ci_lower,chp_operational,254,Adm_6_11,8,14.0
2.0,2.0,6,v7,1000.0,ci_lower,chp_operational,254,Adm_12_17,8,14.0
2.0,2.0,6,v7,1000.0,ci_lower,chp_operational,254,Adm_18_49,8,-7.0
2.0,2.0,6,v7,1000.0,ci_lower,chp_operational,254,Adm_50_64,8,3.5
2.0,2.0,6,v7,1000.0,ci_lower,chp_operational,254,Adm_65_higher,8,14.0
2.0,2.0,6,v7,1000.0,ci_lower,data_derived,255,ILI_PMP,8,28.0
2.0,2.0,6,v7,1000.0,ci_lower,data_derived,255,ILI_AED,8,28.0
2.0,2.0,6,v7,1000.0,ci_lower,data_derived,255,ILI_CMP,8,3.5
2.0,2.0,6,v7,1000.0,ci_lower,data_derived,255,ILI_School,8,21.0
2.0,2.0,6,v7,1000.0,ci_lower,data_derived,255,ILI_NonSchool,8,10.5
2.0,2.0,6,v7,1000.0,ci_lower,data_derived,255,Fever_RCHE,0,
2.0,2.0,6,v7,1000.0,ci_lower,data_derived,255,Adm_All,8,10.5
2.0,2.0,6,v7,1000.0,ci_lower,data_derived,255,Adm_0_5,8,10.5
2.0,2.0,6,v7,1000.0,ci_lower,data_derived,255,Adm_6_11,8,14.0
2.0,2.0,6,v7,1000.0,ci_lower,data_derived,255,Adm_12_17,8,14.0
2.0,2.0,6,v7,1000.0,ci_lower,data_derived,255,Adm_18_49,8,-3.5
2.0,2.0,6,v7,1000.0,ci_lower,data_derived,255,Adm_50_64,8,7.0
2.0,2.0,6,v7,1000.0,ci_lower,data_derived,255,Adm_65_higher,8,17.5
2.0,2.0,6,v7,10000.0,posterior_mean,chp_operational,256,ILI_PMP,8,28.0
2.0,2.0,6,v7,10000.0,posterior_mean,chp_operational,256,ILI_AED,8,28.0
2.0,2.0,6,v7,10000.0,posterior_mean,chp_operational,256,ILI_CMP,8,24.5
2.0,2.0,6,v7,10000.0,posterior_mean,chp_operational,256,ILI_School,8,21.0
2.0,2.0,6,v7,10000.0,posterior_mean,chp_operational,256,ILI_NonSchool,8,10.5
2.0,2.0,6,v7,10000.0,posterior_mean,chp_operational,256,Fever_RCHE,8,-31.5
2.0,2.0,6,v7,10000.0,posterior_mean,chp_operational,256,Adm_All,8,21.0
2.0,2.0,6,v7,10000.0,posterior_mean,chp_operational,256,Adm_0_5,8,21.0
2.0,2.0,6,v7,10000.0,posterior_mean,chp_operational,256,Adm_6_11,8,17.5
2.0,2.0,6,v7,10000.0,posterior_mean,chp_operational,256,Adm_12_17,8,14.0
2.0,2.0,6,v7,10000.0,posterior_mean,chp_operational,256,Adm_18_49,8,24.5
2.0,2.0,6,v7,10000.0,posterior_mean,chp_operational,256,Adm_50_64,8,21.0
2.0,2.0,6,v7,10000.0,posterior_mean,chp_operational,256,Adm_65_higher,8,17.5
2.0,2.0,6,v7,10000.0,posterior_mean,data_derived,257,ILI_PMP,8,28.0
2.0,2.0,6,v7,10000.0,posterior_mean,data_derived,257,ILI_AED,8,28.0
2.0,2.0,6,v7,10000.0,posterior_mean,data_derived,257,ILI_CMP,8,24.5
2.0,2.0,6,v7,10000.0,posterior_mean,data_derived,257,ILI_School,8,21.0
2.0,2.0,6,v7,10000.0,posterior_mean,data_derived,257,ILI_NonSchool,8,10.5
2.0,2.0,6,v7,10000.0,posterior_mean,data_derived,257,Fever_RCHE,8,-28.0
2.0,2.0,6,v7,10000.0,posterior_mean,data_derived,257,Adm_All,8,21.0
2.0,2.0,6,v7,10000.0,posterior_mean,data_derived,257,Adm_0_5,8,21.0
2.0,2.0,6,v7,10000.0,posterior_mean,data_derived,257,Adm_6_11,8,17.5
2.0,2.0,6,v7,10000.0,posterior_mean,data_derived,257,Adm_12_17,8,14.0
2.0,2.0,6,v7,10000.0,posterior_mean,data_derived,257,Adm_18_49,8,24.5
2.0,2.0,6,v7,10000.0,posterior_mean,data_derived,257,Adm_50_64,8,21.0
2.0,2.0,6,v7,10000.0,posterior_mean,data_derived,257,Adm_65_higher,8,17.5
2.0,2.0,6,v7,10000.0,ci_lower,chp_operational,258,ILI_PMP,8,28.0
2.0,2.0,6,v7,10000.0,ci_lower,chp_operational,258,ILI_AED,8,28.0
2.0,2.0,6,v7,10000.0,ci_lower,chp_operational,258,ILI_CMP,8,24.5
2.0,2.0,6,v7,10000.0,ci_lower,chp_operational,258,ILI_School,8,21.0
2.0,2.0,6,v7,10000.0,ci_lower,chp_operational,258,ILI_NonSchool,8,10.5
2.0,2.0,6,v7,10000.0,ci_lower,chp_operational,258,Fever_RCHE,0,
2.0,2.0,6,v7,10000.0,ci_lower,chp_operational,258,Adm_All,8,21.0
2.0,2.0,6,v7,10000.0,ci_lower,chp_operational,258,Adm_0_5,8,21.0
2.0,2.0,6,v7,10000.0,ci_lower,chp_operational,258,Adm_6_11,8,17.5
2.0,2.0,6,v7,10000.0,ci_lower,chp_operational,258,Adm_12_17,8,14.0
2.0,2.0,6,v7,10000.0,ci_lower,chp_operational,258,Adm_18_49,8,14.0
2.0,2.0,6,v7,10000.0,ci_lower,chp_operational,258,Adm_50_64,8,21.0
2.0,2.0,6,v7,10000.0,ci_lower,chp_operational,258,Adm_65_higher,8,17.5
2.0,2.0,6,v7,10000.0,ci_lower,data_derived,259,ILI_PMP,8,28.0
2.0,2.0,6,v7,10000.0,ci_lower,data_derived,259,ILI_AED,8,28.0
2.0,2.0,6,v7,10000.0,ci_lower,data_derived,259,ILI_CMP,8,24.5
2.0,2.0,6,v7,10000.0,ci_lower,data_derived,259,ILI_School,8,21.0
2.0,2.0,6,v7,10000.0,ci_lower,data_derived,259,ILI_NonSchool,8,10.5
2.0,2.0,6,v7,10000.0,ci_lower,data_derived,259,Fever_RCHE,0,
2.0,2.0,6,v7,10000.0,ci_lower,data_derived,259,Adm_All,8,21.0
2.0,2.0,6,v7,10000.0,ci_lower,data_derived,259,Adm_0_5,8,21.0
2.0,2.0,6,v7,10000.0,ci_lower,data_derived,259,Adm_6_11,8,17.5
2.0,2.0,6,v7,10000.0,ci_lower,data_derived,259,Adm_12_17,8,14.0
2.0,2.0,6,v7,10000.0,ci_lower,data_derived,259,Adm_18_49,8,14.0
2.0,2.0,6,v7,10000.0,ci_lower,data_derived,259,Adm_50_64,8,21.0
2.0,2.0,6,v7,10000.0,ci_lower,data_derived,259,Adm_65_higher,8,17.5
2.0,2.0,6,v7,100000.0,posterior_mean,chp_operational,260,ILI_PMP,8,28.0
2.0,2.0,6,v7,100000.0,posterior_mean,chp_operational,260,ILI_AED,8,28.0
2.0,2.0,6,v7,100000.0,posterior_mean,chp_operational,260,ILI_CMP,8,24.5
2.0,2.0,6,v7,100000.0,posterior_mean,chp_operational,260,ILI_School,8,21.0
2.0,2.0,6,v7,100000.0,posterior_mean,chp_operational,260,ILI_NonSchool,8,10.5
2.0,2.0,6,v7,100000.0,posterior_mean,chp_operational,260,Fever_RCHE,8,21.0
2.0,2.0,6,v7,100000.0,posterior_mean,chp_operational,260,Adm_All,8,21.0
2.0,2.0,6,v7,100000.0,posterior_mean,chp_operational,260,Adm_0_5,8,21.0
2.0,2.0,6,v7,100000.0,posterior_mean,chp_operational,260,Adm_6_11,8,17.5
2.0,2.0,6,v7,100000.0,posterior_mean,chp_operational,260,Adm_12_17,8,17.5
2.0,2.0,6,v7,100000.0,posterior_mean,chp_operational,260,Adm_18_49,8,28.0
2.0,2.0,6,v7,100000.0,posterior_mean,chp_operational,260,Adm_50_64,8,21.0
2.0,2.0,6,v7,100000.0,posterior_mean,chp_operational,260,Adm_65_higher,8,17.5
2.0,2.0,6,v7,100000.0,posterior_mean,data_derived,261,ILI_PMP,8,28.0
2.0,2.0,6,v7,100000.0,posterior_mean,data_derived,261,ILI_AED,8,28.0
2.0,2.0,6,v7,100000.0,posterior_mean,data_derived,261,ILI_CMP,8,24.5
2.0,2.0,6,v7,100000.0,posterior_mean,data_derived,261,ILI_School,8,21.0
2.0,2.0,6,v7,100000.0,posterior_mean,data_derived,261,ILI_NonSchool,8,10.5
2.0,2.0,6,v7,100000.0,posterior_mean,data_derived,261,Fever_RCHE,8,21.0
2.0,2.0,6,v7,100000.0,posterior_mean,data_derived,261,Adm_All,8,21.0
2.0,2.0,6,v7,100000.0,posterior_mean,data_derived,261,Adm_0_5,8,21.0
2.0,2.0,6,v7,100000.0,posterior_mean,data_derived,261,Adm_6_11,8,17.5
2.0,2.0,6,v7,100000.0,posterior_mean,data_derived,261,Adm_12_17,8,17.5
2.0,2.0,6,v7,100000.0,posterior_mean,data_derived,261,Adm_18_49,8,28.0
2.0,2.0,6,v7,100000.0,posterior_mean,data_derived,261,Adm_50_64,8,21.0
2.0,2.0,6,v7,100000.0,posterior_mean,data_derived,261,Adm_65_higher,8,17.5
2.0,2.0,6,v7,100000.0,ci_lower,chp_operational,262,ILI_PMP,8,28.0
2.0,2.0,6,v7,100000.0,ci_lower,chp_operational,262,ILI_AED,8,28.0
2.0,2.0,6,v7,100000.0,ci_lower,chp_operational,262,ILI_CMP,8,24.5
2.0,2.0,6,v7,100000.0,ci_lower,chp_operational,262,ILI_School,8,21.0
2.0,2.0,6,v7,100000.0,ci_lower,chp_operational,262,ILI_NonSchool,8,10.5
2.0,2.0,6,v7,100000.0,ci_lower,chp_operational,262,Fever_RCHE,8,-31.5
2.0,2.0,6,v7,100000.0,ci_lower,chp_operational,262,Adm_All,8,21.0
2.0,2.0,6,v7,100000.0,ci_lower,chp_operational,262,Adm_0_5,8,21.0
2.0,2.0,6,v7,100000.0,ci_lower,chp_operational,262,Adm_6_11,8,17.5
2.0,2.0,6,v7,100000.0,ci_lower,chp_operational,262,Adm_12_17,8,14.0
2.0,2.0,6,v7,100000.0,ci_lower,chp_operational,262,Adm_18_49,8,24.5
2.0,2.0,6,v7,100000.0,ci_lower,chp_operational,262,Adm_50_64,8,21.0
2.0,2.0,6,v7,100000.0,ci_lower,chp_operational,262,Adm_65_higher,8,17.5
2.0,2.0,6,v7,100000.0,ci_lower,data_derived,263,ILI_PMP,8,28.0
2.0,2.0,6,v7,100000.0,ci_lower,data_derived,263,ILI_AED,8,28.0
2.0,2.0,6,v7,100000.0,ci_lower,data_derived,263,ILI_CMP,8,24.5
2.0,2.0,6,v7,100000.0,ci_lower,data_derived,263,ILI_School,8,21.0
2.0,2.0,6,v7,100000.0,ci_lower,data_derived,263,ILI_NonSchool,8,10.5
2.0,2.0,6,v7,100000.0,ci_lower,data_derived,263,Fever_RCHE,8,-28.0
2.0,2.0,6,v7,100000.0,ci_lower,data_derived,263,Adm_All,8,21.0
2.0,2.0,6,v7,100000.0,ci_lower,data_derived,263,Adm_0_5,8,21.0
2.0,2.0,6,v7,100000.0,ci_lower,data_derived,263,Adm_6_11,8,17.5
2.0,2.0,6,v7,100000.0,ci_lower,data_derived,263,Adm_12_17,8,14.0
2.0,2.0,6,v7,100000.0,ci_lower,data_derived,263,Adm_18_49,8,24.5
2.0,2.0,6,v7,100000.0,ci_lower,data_derived,263,Adm_50_64,8,21.0
2.0,2.0,6,v7,100000.0,ci_lower,data_derived,263,Adm_65_higher,8,17.5
2.0,2.0,6,vague,1000.0,posterior_mean,chp_operational,264,ILI_PMP,8,28.0
2.0,2.0,6,vague,1000.0,posterior_mean,chp_operational,264,ILI_AED,8,28.0
2.0,2.0,6,vague,1000.0,posterior_mean,chp_operational,264,ILI_CMP,6,-45.5
2.0,2.0,6,vague,1000.0,posterior_mean,chp_operational,264,ILI_School,8,21.0
2.0,2.0,6,vague,1000.0,posterior_mean,chp_operational,264,ILI_NonSchool,8,7.0
2.0,2.0,6,vague,1000.0,posterior_mean,chp_operational,264,Fever_RCHE,0,
2.0,2.0,6,vague,1000.0,posterior_mean,chp_operational,264,Adm_All,4,-31.5
2.0,2.0,6,vague,1000.0,posterior_mean,chp_operational,264,Adm_0_5,8,-10.5
2.0,2.0,6,vague,1000.0,posterior_mean,chp_operational,264,Adm_6_11,6,-38.5
2.0,2.0,6,vague,1000.0,posterior_mean,chp_operational,264,Adm_12_17,4,-122.5
2.0,2.0,6,vague,1000.0,posterior_mean,chp_operational,264,Adm_18_49,0,
2.0,2.0,6,vague,1000.0,posterior_mean,chp_operational,264,Adm_50_64,0,
2.0,2.0,6,vague,1000.0,posterior_mean,chp_operational,264,Adm_65_higher,6,-24.5
2.0,2.0,6,vague,1000.0,posterior_mean,data_derived,265,ILI_PMP,8,28.0
2.0,2.0,6,vague,1000.0,posterior_mean,data_derived,265,ILI_AED,8,28.0
2.0,2.0,6,vague,1000.0,posterior_mean,data_derived,265,ILI_CMP,6,-45.5
2.0,2.0,6,vague,1000.0,posterior_mean,data_derived,265,ILI_School,8,21.0
2.0,2.0,6,vague,1000.0,posterior_mean,data_derived,265,ILI_NonSchool,8,7.0
2.0,2.0,6,vague,1000.0,posterior_mean,data_derived,265,Fever_RCHE,0,
2.0,2.0,6,vague,1000.0,posterior_mean,data_derived,265,Adm_All,4,-31.5
2.0,2.0,6,vague,1000.0,posterior_mean,data_derived,265,Adm_0_5,8,-10.5
2.0,2.0,6,vague,1000.0,posterior_mean,data_derived,265,Adm_6_11,6,-35.0
2.0,2.0,6,vague,1000.0,posterior_mean,data_derived,265,Adm_12_17,4,-122.5
2.0,2.0,6,vague,1000.0,posterior_mean,data_derived,265,Adm_18_49,0,
2.0,2.0,6,vague,1000.0,posterior_mean,data_derived,265,Adm_50_64,0,
2.0,2.0,6,vague,1000.0,posterior_mean,data_derived,265,Adm_65_higher,6,-24.5
2.0,2.0,6,vague,1000.0,ci_lower,chp_operational,266,ILI_PMP,8,28.0
2.0,2.0,6,vague,1000.0,ci_lower,chp_operational,266,ILI_AED,8,28.0
2.0,2.0,6,vague,1000.0,ci_lower,chp_operational,266,ILI_CMP,5,-49.0
2.0,2.0,6,vague,1000.0,ci_lower,chp_operational,266,ILI_School,8,17.5
2.0,2.0,6,vague,1000.0,ci_lower,chp_operational,266,ILI_NonSchool,8,-14.0
2.0,2.0,6,vague,1000.0,ci_lower,chp_operational,266,Fever_RCHE,0,
2.0,2.0,6,vague,1000.0,ci_lower,chp_operational,266,Adm_All,4,-35.0
2.0,2.0,6,vague,1000.0,ci_lower,chp_operational,266,Adm_0_5,8,-14.0
2.0,2.0,6,vague,1000.0,ci_lower,chp_operational,266,Adm_6_11,6,-38.5
2.0,2.0,6,vague,1000.0,ci_lower,chp_operational,266,Adm_12_17,2,-175.0
2.0,2.0,6,vague,1000.0,ci_lower,chp_operational,266,Adm_18_49,0,
2.0,2.0,6,vague,1000.0,ci_lower,chp_operational,266,Adm_50_64,0,
2.0,2.0,6,vague,1000.0,ci_lower,chp_operational,266,Adm_65_higher,6,-24.5
2.0,2.0,6,vague,1000.0,ci_lower,data_derived,267,ILI_PMP,8,28.0
2.0,2.0,6,vague,1000.0,ci_lower,data_derived,267,ILI_AED,8,28.0
2.0,2.0,6,vague,1000.0,ci_lower,data_derived,267,ILI_CMP,5,-49.0
2.0,2.0,6,vague,1000.0,ci_lower,data_derived,267,ILI_School,8,17.5
2.0,2.0,6,vague,1000.0,ci_lower,data_derived,267,ILI_NonSchool,8,-10.5
2.0,2.0,6,vague,1000.0,ci_lower,data_derived,267,Fever_RCHE,0,
2.0,2.0,6,vague,1000.0,ci_lower,data_derived,267,Adm_All,4,-35.0
2.0,2.0,6,vague,1000.0,ci_lower,data_derived,267,Adm_0_5,8,-10.5
2.0,2.0,6,vague,1000.0,ci_lower,data_derived,267,Adm_6_11,6,-35.0
2.0,2.0,6,vague,1000.0,ci_lower,data_derived,267,Adm_12_17,2,-171.5
2.0,2.0,6,vague,1000.0,ci_lower,data_derived,267,Adm_18_49,0,
2.0,2.0,6,vague,1000.0,ci_lower,data_derived,267,Adm_50_64,0,
2.0,2.0,6,vague,1000.0,ci_lower,data_derived,267,Adm_65_higher,6,-24.5
2.0,2.0,6,vague,10000.0,posterior_mean,chp_operational,268,ILI_PMP,8,28.0
2.0,2.0,6,vague,10000.0,posterior_mean,chp_operational,268,ILI_AED,8,28.0
2.0,2.0,6,vague,10000.0,posterior_mean,chp_operational,268,ILI_CMP,8,3.5
2.0,2.0,6,vague,10000.0,posterior_mean,chp_operational,268,ILI_School,8,21.0
2.0,2.0,6,vague,10000.0,posterior_mean,chp_operational,268,ILI_NonSchool,8,10.5
2.0,2.0,6,vague,10000.0,posterior_mean,chp_operational,268,Fever_RCHE,0,
2.0,2.0,6,vague,10000.0,posterior_mean,chp_operational,268,Adm_All,8,-3.5
2.0,2.0,6,vague,10000.0,posterior_mean,chp_operational,268,Adm_0_5,8,10.5
2.0,2.0,6,vague,10000.0,posterior_mean,chp_operational,268,Adm_6_11,8,7.0
2.0,2.0,6,vague,10000.0,posterior_mean,chp_operational,268,Adm_12_17,8,-17.5
2.0,2.0,6,vague,10000.0,posterior_mean,chp_operational,268,Adm_18_49,7,-21.0
2.0,2.0,6,vague,10000.0,posterior_mean,chp_operational,268,Adm_50_64,8,-17.5
2.0,2.0,6,vague,10000.0,posterior_mean,chp_operational,268,Adm_65_higher,8,0.0
2.0,2.0,6,vague,10000.0,posterior_mean,data_derived,269,ILI_PMP,8,28.0
2.0,2.0,6,vague,10000.0,posterior_mean,data_derived,269,ILI_AED,8,28.0
2.0,2.0,6,vague,10000.0,posterior_mean,data_derived,269,ILI_CMP,8,3.5
2.0,2.0,6,vague,10000.0,posterior_mean,data_derived,269,ILI_School,8,21.0
2.0,2.0,6,vague,10000.0,posterior_mean,data_derived,269,ILI_NonSchool,8,10.5
2.0,2.0,6,vague,10000.0,posterior_mean,data_derived,269,Fever_RCHE,0,
2.0,2.0,6,vague,10000.0,posterior_mean,data_derived,269,Adm_All,8,0.0
2.0,2.0,6,vague,10000.0,posterior_mean,data_derived,269,Adm_0_5,8,10.5
2.0,2.0,6,vague,10000.0,posterior_mean,data_derived,269,Adm_6_11,8,10.5
2.0,2.0,6,vague,10000.0,posterior_mean,data_derived,269,Adm_12_17,8,-14.0
2.0,2.0,6,vague,10000.0,posterior_mean,data_derived,269,Adm_18_49,7,-21.0
2.0,2.0,6,vague,10000.0,posterior_mean,data_derived,269,Adm_50_64,8,-14.0
2.0,2.0,6,vague,10000.0,posterior_mean,data_derived,269,Adm_65_higher,8,3.5
2.0,2.0,6,vague,10000.0,ci_lower,chp_operational,270,ILI_PMP,8,28.0
2.0,2.0,6,vague,10000.0,ci_lower,chp_operational,270,ILI_AED,8,28.0
2.0,2.0,6,vague,10000.0,ci_lower,chp_operational,270,ILI_CMP,8,3.5
2.0,2.0,6,vague,10000.0,ci_lower,chp_operational,270,ILI_School,8,21.0
2.0,2.0,6,vague,10000.0,ci_lower,chp_operational,270,ILI_NonSchool,8,10.5
2.0,2.0,6,vague,10000.0,ci_lower,chp_operational,270,Fever_RCHE,0,
2.0,2.0,6,vague,10000.0,ci_lower,chp_operational,270,Adm_All,8,-3.5
2.0,2.0,6,vague,10000.0,ci_lower,chp_operational,270,Adm_0_5,8,7.0
2.0,2.0,6,vague,10000.0,ci_lower,chp_operational,270,Adm_6_11,8,7.0
2.0,2.0,6,vague,10000.0,ci_lower,chp_operational,270,Adm_12_17,8,-17.5
2.0,2.0,6,vague,10000.0,ci_lower,chp_operational,270,Adm_18_49,7,-21.0
2.0,2.0,6,vague,10000.0,ci_lower,chp_operational,270,Adm_50_64,8,-17.5
2.0,2.0,6,vague,10000.0,ci_lower,chp_operational,270,Adm_65_higher,8,-3.5
2.0,2.0,6,vague,10000.0,ci_lower,data_derived,271,ILI_PMP,8,28.0
2.0,2.0,6,vague,10000.0,ci_lower,data_derived,271,ILI_AED,8,28.0
2.0,2.0,6,vague,10000.0,ci_lower,data_derived,271,ILI_CMP,8,3.5
2.0,2.0,6,vague,10000.0,ci_lower,data_derived,271,ILI_School,8,21.0
2.0,2.0,6,vague,10000.0,ci_lower,data_derived,271,ILI_NonSchool,8,10.5
2.0,2.0,6,vague,10000.0,ci_lower,data_derived,271,Fever_RCHE,0,
2.0,2.0,6,vague,10000.0,ci_lower,data_derived,271,Adm_All,8,0.0
2.0,2.0,6,vague,10000.0,ci_lower,data_derived,271,Adm_0_5,8,7.0
2.0,2.0,6,vague,10000.0,ci_lower,data_derived,271,Adm_6_11,8,10.5
2.0,2.0,6,vague,10000.0,ci_lower,data_derived,271,Adm_12_17,8,-14.0
2.0,2.0,6,vague,10000.0,ci_lower,data_derived,271,Adm_18_49,7,-21.0
2.0,2.0,6,vague,10000.0,ci_lower,data_derived,271,Adm_50_64,8,-14.0
2.0,2.0,6,vague,10000.0,ci_lower,data_derived,271,Adm_65_higher,8,0.0
2.0,2.0,6,vague,100000.0,posterior_mean,chp_operational,272,ILI_PMP,8,28.0
2.0,2.0,6,vague,100000.0,posterior_mean,chp_operational,272,ILI_AED,8,28.0
2.0,2.0,6,vague,100000.0,posterior_mean,chp_operational,272,ILI_CMP,8,24.5
2.0,2.0,6,vague,100000.0,posterior_mean,chp_operational,272,ILI_School,8,21.0
2.0,2.0,6,vague,100000.0,posterior_mean,chp_operational,272,ILI_NonSchool,8,10.5
2.0,2.0,6,vague,100000.0,posterior_mean,chp_operational,272,Fever_RCHE,0,
2.0,2.0,6,vague,100000.0,posterior_mean,chp_operational,272,Adm_All,8,17.5
2.0,2.0,6,vague,100000.0,posterior_mean,chp_operational,272,Adm_0_5,8,21.0
2.0,2.0,6,vague,100000.0,posterior_mean,chp_operational,272,Adm_6_11,8,17.5
2.0,2.0,6,vague,100000.0,posterior_mean,chp_operational,272,Adm_12_17,8,14.0
2.0,2.0,6,vague,100000.0,posterior_mean,chp_operational,272,Adm_18_49,8,3.5
2.0,2.0,6,vague,100000.0,posterior_mean,chp_operational,272,Adm_50_64,8,10.5
2.0,2.0,6,vague,100000.0,posterior_mean,chp_operational,272,Adm_65_higher,8,17.5
2.0,2.0,6,vague,100000.0,posterior_mean,data_derived,273,ILI_PMP,8,28.0
2.0,2.0,6,vague,100000.0,posterior_mean,data_derived,273,ILI_AED,8,28.0
2.0,2.0,6,vague,100000.0,posterior_mean,data_derived,273,ILI_CMP,8,24.5
2.0,2.0,6,vague,100000.0,posterior_mean,data_derived,273,ILI_School,8,21.0
2.0,2.0,6,vague,100000.0,posterior_mean,data_derived,273,ILI_NonSchool,8,10.5
2.0,2.0,6,vague,100000.0,posterior_mean,data_derived,273,Fever_RCHE,0,
2.0,2.0,6,vague,100000.0,posterior_mean,data_derived,273,Adm_All,8,17.5
2.0,2.0,6,vague,100000.0,posterior_mean,data_derived,273,Adm_0_5,8,21.0
2.0,2.0,6,vague,100000.0,posterior_mean,data_derived,273,Adm_6_11,8,17.5
2.0,2.0,6,vague,100000.0,posterior_mean,data_derived,273,Adm_12_17,8,14.0
2.0,2.0,6,vague,100000.0,posterior_mean,data_derived,273,Adm_18_49,8,3.5
2.0,2.0,6,vague,100000.0,posterior_mean,data_derived,273,Adm_50_64,8,10.5
2.0,2.0,6,vague,100000.0,posterior_mean,data_derived,273,Adm_65_higher,8,17.5
2.0,2.0,6,vague,100000.0,ci_lower,chp_operational,274,ILI_PMP,8,28.0
2.0,2.0,6,vague,100000.0,ci_lower,chp_operational,274,ILI_AED,8,28.0
2.0,2.0,6,vague,100000.0,ci_lower,chp_operational,274,ILI_CMP,8,24.5
2.0,2.0,6,vague,100000.0,ci_lower,chp_operational,274,ILI_School,8,21.0
2.0,2.0,6,vague,100000.0,ci_lower,chp_operational,274,ILI_NonSchool,8,10.5
2.0,2.0,6,vague,100000.0,ci_lower,chp_operational,274,Fever_RCHE,0,
2.0,2.0,6,vague,100000.0,ci_lower,chp_operational,274,Adm_All,8,14.0
2.0,2.0,6,vague,100000.0,ci_lower,chp_operational,274,Adm_0_5,8,21.0
2.0,2.0,6,vague,100000.0,ci_lower,chp_operational,274,Adm_6_11,8,17.5
2.0,2.0,6,vague,100000.0,ci_lower,chp_operational,274,Adm_12_17,8,14.0
2.0,2.0,6,vague,100000.0,ci_lower,chp_operational,274,Adm_18_49,8,3.5
2.0,2.0,6,vague,100000.0,ci_lower,chp_operational,274,Adm_50_64,8,3.5
2.0,2.0,6,vague,100000.0,ci_lower,chp_operational,274,Adm_65_higher,8,17.5
2.0,2.0,6,vague,100000.0,ci_lower,data_derived,275,ILI_PMP,8,28.0
2.0,2.0,6,vague,100000.0,ci_lower,data_derived,275,ILI_AED,8,28.0
2.0,2.0,6,vague,100000.0,ci_lower,data_derived,275,ILI_CMP,8,24.5
2.0,2.0,6,vague,100000.0,ci_lower,data_derived,275,ILI_School,8,21.0
2.0,2.0,6,vague,100000.0,ci_lower,data_derived,275,ILI_NonSchool,8,10.5
2.0,2.0,6,vague,100000.0,ci_lower,data_derived,275,Fever_RCHE,0,
2.0,2.0,6,vague,100000.0,ci_lower,data_derived,275,Adm_All,8,14.0
2.0,2.0,6,vague,100000.0,ci_lower,data_derived,275,Adm_0_5,8,21.0
2.0,2.0,6,vague,100000.0,ci_lower,data_derived,275,Adm_6_11,8,17.5
2.0,2.0,6,vague,100000.0,ci_lower,data_derived,275,Adm_12_17,8,14.0
2.0,2.0,6,vague,100000.0,ci_lower,data_derived,275,Adm_18_49,8,3.5
2.0,2.0,6,vague,100000.0,ci_lower,data_derived,275,Adm_50_64,8,7.0
2.0,2.0,6,vague,100000.0,ci_lower,data_derived,275,Adm_65_higher,8,17.5
2.0,2.0,6,weak_wide,1000.0,posterior_mean,chp_operational,276,ILI_PMP,8,28.0
2.0,2.0,6,weak_wide,1000.0,posterior_mean,chp_operational,276,ILI_AED,8,28.0
2.0,2.0,6,weak_wide,1000.0,posterior_mean,chp_operational,276,ILI_CMP,8,24.5
2.0,2.0,6,weak_wide,1000.0,posterior_mean,chp_operational,276,ILI_School,8,21.0
2.0,2.0,6,weak_wide,1000.0,posterior_mean,chp_operational,276,ILI_NonSchool,8,17.5
2.0,2.0,6,weak_wide,1000.0,posterior_mean,chp_operational,276,Fever_RCHE,8,28.0
2.0,2.0,6,weak_wide,1000.0,posterior_mean,chp_operational,276,Adm_All,8,21.0
2.0,2.0,6,weak_wide,1000.0,posterior_mean,chp_operational,276,Adm_0_5,8,21.0
2.0,2.0,6,weak_wide,1000.0,posterior_mean,chp_operational,276,Adm_6_11,8,24.5
2.0,2.0,6,weak_wide,1000.0,posterior_mean,chp_operational,276,Adm_12_17,8,28.0
2.0,2.0,6,weak_wide,1000.0,posterior_mean,chp_operational,276,Adm_18_49,8,28.0
2.0,2.0,6,weak_wide,1000.0,posterior_mean,chp_operational,276,Adm_50_64,8,21.0
2.0,2.0,6,weak_wide,1000.0,posterior_mean,chp_operational,276,Adm_65_higher,8,17.5
2.0,2.0,6,weak_wide,1000.0,posterior_mean,data_derived,277,ILI_PMP,8,28.0
2.0,2.0,6,weak_wide,1000.0,posterior_mean,data_derived,277,ILI_AED,8,28.0
2.0,2.0,6,weak_wide,1000.0,posterior_mean,data_derived,277,ILI_CMP,8,24.5
2.0,2.0,6,weak_wide,1000.0,posterior_mean,data_derived,277,ILI_School,8,21.0
2.0,2.0,6,weak_wide,1000.0,posterior_mean,data_derived,277,ILI_NonSchool,8,17.5
2.0,2.0,6,weak_wide,1000.0,posterior_mean,data_derived,277,Fever_RCHE,8,28.0
2.0,2.0,6,weak_wide,1000.0,posterior_mean,data_derived,277,Adm_All,8,21.0
2.0,2.0,6,weak_wide,1000.0,posterior_mean,data_derived,277,Adm_0_5,8,21.0
2.0,2.0,6,weak_wide,1000.0,posterior_mean,data_derived,277,Adm_6_11,8,24.5
2.0,2.0,6,weak_wide,1000.0,posterior_mean,data_derived,277,Adm_12_17,8,28.0
2.0,2.0,6,weak_wide,1000.0,posterior_mean,data_derived,277,Adm_18_49,8,28.0
2.0,2.0,6,weak_wide,1000.0,posterior_mean,data_derived,277,Adm_50_64,8,21.0
2.0,2.0,6,weak_wide,1000.0,posterior_mean,data_derived,277,Adm_65_higher,8,17.5
2.0,2.0,6,weak_wide,1000.0,ci_lower,chp_operational,278,ILI_PMP,8,28.0
2.0,2.0,6,weak_wide,1000.0,ci_lower,chp_operational,278,ILI_AED,8,28.0
2.0,2.0,6,weak_wide,1000.0,ci_lower,chp_operational,278,ILI_CMP,8,3.5
2.0,2.0,6,weak_wide,1000.0,ci_lower,chp_operational,278,ILI_School,8,21.0
2.0,2.0,6,weak_wide,1000.0,ci_lower,chp_operational,278,ILI_NonSchool,8,10.5
2.0,2.0,6,weak_wide,1000.0,ci_lower,chp_operational,278,Fever_RCHE,0,
2.0,2.0,6,weak_wide,1000.0,ci_lower,chp_operational,278,Adm_All,8,10.5
2.0,2.0,6,weak_wide,1000.0,ci_lower,chp_operational,278,Adm_0_5,8,10.5
2.0,2.0,6,weak_wide,1000.0,ci_lower,chp_operational,278,Adm_6_11,8,14.0
2.0,2.0,6,weak_wide,1000.0,ci_lower,chp_operational,278,Adm_12_17,8,14.0
2.0,2.0,6,weak_wide,1000.0,ci_lower,chp_operational,278,Adm_18_49,8,7.0
2.0,2.0,6,weak_wide,1000.0,ci_lower,chp_operational,278,Adm_50_64,8,3.5
2.0,2.0,6,weak_wide,1000.0,ci_lower,chp_operational,278,Adm_65_higher,8,17.5
2.0,2.0,6,weak_wide,1000.0,ci_lower,data_derived,279,ILI_PMP,8,28.0
2.0,2.0,6,weak_wide,1000.0,ci_lower,data_derived,279,ILI_AED,8,28.0
2.0,2.0,6,weak_wide,1000.0,ci_lower,data_derived,279,ILI_CMP,8,3.5
2.0,2.0,6,weak_wide,1000.0,ci_lower,data_derived,279,ILI_School,8,21.0
2.0,2.0,6,weak_wide,1000.0,ci_lower,data_derived,279,ILI_NonSchool,8,10.5
2.0,2.0,6,weak_wide,1000.0,ci_lower,data_derived,279,Fever_RCHE,0,
2.0,2.0,6,weak_wide,1000.0,ci_lower,data_derived,279,Adm_All,8,10.5
2.0,2.0,6,weak_wide,1000.0,ci_lower,data_derived,279,Adm_0_5,8,10.5
2.0,2.0,6,weak_wide,1000.0,ci_lower,data_derived,279,Adm_6_11,8,14.0
2.0,2.0,6,weak_wide,1000.0,ci_lower,data_derived,279,Adm_12_17,8,14.0
2.0,2.0,6,weak_wide,1000.0,ci_lower,data_derived,279,Adm_18_49,8,7.0
2.0,2.0,6,weak_wide,1000.0,ci_lower,data_derived,279,Adm_50_64,8,7.0
2.0,2.0,6,weak_wide,1000.0,ci_lower,data_derived,279,Adm_65_higher,8,17.5
2.0,2.0,6,weak_wide,10000.0,posterior_mean,chp_operational,280,ILI_PMP,8,28.0
2.0,2.0,6,weak_wide,10000.0,posterior_mean,chp_operational,280,ILI_AED,8,28.0
2.0,2.0,6,weak_wide,10000.0,posterior_mean,chp_operational,280,ILI_CMP,8,24.5
2.0,2.0,6,weak_wide,10000.0,posterior_mean,chp_operational,280,ILI_School,8,21.0
2.0,2.0,6,weak_wide,10000.0,posterior_mean,chp_operational,280,ILI_NonSchool,8,17.5
2.0,2.0,6,weak_wide,10000.0,posterior_mean,chp_operational,280,Fever_RCHE,8,24.5
2.0,2.0,6,weak_wide,10000.0,posterior_mean,chp_operational,280,Adm_All,8,21.0
2.0,2.0,6,weak_wide,10000.0,posterior_mean,chp_operational,280,Adm_0_5,8,21.0
2.0,2.0,6,weak_wide,10000.0,posterior_mean,chp_operational,280,Adm_6_11,8,24.5
2.0,2.0,6,weak_wide,10000.0,posterior_mean,chp_operational,280,Adm_12_17,8,28.0
2.0,2.0,6,weak_wide,10000.0,posterior_mean,chp_operational,280,Adm_18_49,8,28.0
2.0,2.0,6,weak_wide,10000.0,posterior_mean,chp_operational,280,Adm_50_64,8,21.0
2.0,2.0,6,weak_wide,10000.0,posterior_mean,chp_operational,280,Adm_65_higher,8,17.5
2.0,2.0,6,weak_wide,10000.0,posterior_mean,data_derived,281,ILI_PMP,8,28.0
2.0,2.0,6,weak_wide,10000.0,posterior_mean,data_derived,281,ILI_AED,8,28.0
2.0,2.0,6,weak_wide,10000.0,posterior_mean,data_derived,281,ILI_CMP,8,24.5
2.0,2.0,6,weak_wide,10000.0,posterior_mean,data_derived,281,ILI_School,8,21.0
2.0,2.0,6,weak_wide,10000.0,posterior_mean,data_derived,281,ILI_NonSchool,8,17.5
2.0,2.0,6,weak_wide,10000.0,posterior_mean,data_derived,281,Fever_RCHE,8,24.5
2.0,2.0,6,weak_wide,10000.0,posterior_mean,data_derived,281,Adm_All,8,21.0
2.0,2.0,6,weak_wide,10000.0,posterior_mean,data_derived,281,Adm_0_5,8,21.0
2.0,2.0,6,weak_wide,10000.0,posterior_mean,data_derived,281,Adm_6_11,8,24.5
2.0,2.0,6,weak_wide,10000.0,posterior_mean,data_derived,281,Adm_12_17,8,28.0
2.0,2.0,6,weak_wide,10000.0,posterior_mean,data_derived,281,Adm_18_49,8,28.0
2.0,2.0,6,weak_wide,10000.0,posterior_mean,data_derived,281,Adm_50_64,8,21.0
2.0,2.0,6,weak_wide,10000.0,posterior_mean,data_derived,281,Adm_65_higher,8,17.5
2.0,2.0,6,weak_wide,10000.0,ci_lower,chp_operational,282,ILI_PMP,8,28.0
2.0,2.0,6,weak_wide,10000.0,ci_lower,chp_operational,282,ILI_AED,8,28.0
2.0,2.0,6,weak_wide,10000.0,ci_lower,chp_operational,282,ILI_CMP,8,24.5
2.0,2.0,6,weak_wide,10000.0,ci_lower,chp_operational,282,ILI_School,8,21.0
2.0,2.0,6,weak_wide,10000.0,ci_lower,chp_operational,282,ILI_NonSchool,8,10.5
2.0,2.0,6,weak_wide,10000.0,ci_lower,chp_operational,282,Fever_RCHE,1,-35.0
2.0,2.0,6,weak_wide,10000.0,ci_lower,chp_operational,282,Adm_All,8,21.0
2.0,2.0,6,weak_wide,10000.0,ci_lower,chp_operational,282,Adm_0_5,8,21.0
2.0,2.0,6,weak_wide,10000.0,ci_lower,chp_operational,282,Adm_6_11,8,17.5
2.0,2.0,6,weak_wide,10000.0,ci_lower,chp_operational,282,Adm_12_17,8,14.0
2.0,2.0,6,weak_wide,10000.0,ci_lower,chp_operational,282,Adm_18_49,8,14.0
2.0,2.0,6,weak_wide,10000.0,ci_lower,chp_operational,282,Adm_50_64,8,21.0
2.0,2.0,6,weak_wide,10000.0,ci_lower,chp_operational,282,Adm_65_higher,8,17.5
2.0,2.0,6,weak_wide,10000.0,ci_lower,data_derived,283,ILI_PMP,8,28.0
2.0,2.0,6,weak_wide,10000.0,ci_lower,data_derived,283,ILI_AED,8,28.0
2.0,2.0,6,weak_wide,10000.0,ci_lower,data_derived,283,ILI_CMP,8,24.5
2.0,2.0,6,weak_wide,10000.0,ci_lower,data_derived,283,ILI_School,8,21.0
2.0,2.0,6,weak_wide,10000.0,ci_lower,data_derived,283,ILI_NonSchool,8,10.5
2.0,2.0,6,weak_wide,10000.0,ci_lower,data_derived,283,Fever_RCHE,1,-35.0
2.0,2.0,6,weak_wide,10000.0,ci_lower,data_derived,283,Adm_All,8,21.0
2.0,2.0,6,weak_wide,10000.0,ci_lower,data_derived,283,Adm_0_5,8,21.0
2.0,2.0,6,weak_wide,10000.0,ci_lower,data_derived,283,Adm_6_11,8,17.5
2.0,2.0,6,weak_wide,10000.0,ci_lower,data_derived,283,Adm_12_17,8,14.0
2.0,2.0,6,weak_wide,10000.0,ci_lower,data_derived,283,Adm_18_49,8,14.0
2.0,2.0,6,weak_wide,10000.0,ci_lower,data_derived,283,Adm_50_64,8,21.0
2.0,2.0,6,weak_wide,10000.0,ci_lower,data_derived,283,Adm_65_higher,8,17.5
2.0,2.0,6,weak_wide,100000.0,posterior_mean,chp_operational,284,ILI_PMP,8,28.0
2.0,2.0,6,weak_wide,100000.0,posterior_mean,chp_operational,284,ILI_AED,8,28.0
2.0,2.0,6,weak_wide,100000.0,posterior_mean,chp_operational,284,ILI_CMP,8,24.5
2.0,2.0,6,weak_wide,100000.0,posterior_mean,chp_operational,284,ILI_School,8,21.0
2.0,2.0,6,weak_wide,100000.0,posterior_mean,chp_operational,284,ILI_NonSchool,8,17.5
2.0,2.0,6,weak_wide,100000.0,posterior_mean,chp_operational,284,Fever_RCHE,8,24.5
2.0,2.0,6,weak_wide,100000.0,posterior_mean,chp_operational,284,Adm_All,8,21.0
2.0,2.0,6,weak_wide,100000.0,posterior_mean,chp_operational,284,Adm_0_5,8,21.0
2.0,2.0,6,weak_wide,100000.0,posterior_mean,chp_operational,284,Adm_6_11,8,21.0
2.0,2.0,6,weak_wide,100000.0,posterior_mean,chp_operational,284,Adm_12_17,8,28.0
2.0,2.0,6,weak_wide,100000.0,posterior_mean,chp_operational,284,Adm_18_49,8,28.0
2.0,2.0,6,weak_wide,100000.0,posterior_mean,chp_operational,284,Adm_50_64,8,21.0
2.0,2.0,6,weak_wide,100000.0,posterior_mean,chp_operational,284,Adm_65_higher,8,17.5
2.0,2.0,6,weak_wide,100000.0,posterior_mean,data_derived,285,ILI_PMP,8,28.0
2.0,2.0,6,weak_wide,100000.0,posterior_mean,data_derived,285,ILI_AED,8,28.0
2.0,2.0,6,weak_wide,100000.0,posterior_mean,data_derived,285,ILI_CMP,8,24.5
2.0,2.0,6,weak_wide,100000.0,posterior_mean,data_derived,285,ILI_School,8,21.0
2.0,2.0,6,weak_wide,100000.0,posterior_mean,data_derived,285,ILI_NonSchool,8,17.5
2.0,2.0,6,weak_wide,100000.0,posterior_mean,data_derived,285,Fever_RCHE,8,24.5
2.0,2.0,6,weak_wide,100000.0,posterior_mean,data_derived,285,Adm_All,8,21.0
2.0,2.0,6,weak_wide,100000.0,posterior_mean,data_derived,285,Adm_0_5,8,21.0
2.0,2.0,6,weak_wide,100000.0,posterior_mean,data_derived,285,Adm_6_11,8,21.0
2.0,2.0,6,weak_wide,100000.0,posterior_mean,data_derived,285,Adm_12_17,8,28.0
2.0,2.0,6,weak_wide,100000.0,posterior_mean,data_derived,285,Adm_18_49,8,28.0
2.0,2.0,6,weak_wide,100000.0,posterior_mean,data_derived,285,Adm_50_64,8,21.0
2.0,2.0,6,weak_wide,100000.0,posterior_mean,data_derived,285,Adm_65_higher,8,17.5
2.0,2.0,6,weak_wide,100000.0,ci_lower,chp_operational,286,ILI_PMP,8,28.0
2.0,2.0,6,weak_wide,100000.0,ci_lower,chp_operational,286,ILI_AED,8,28.0
2.0,2.0,6,weak_wide,100000.0,ci_lower,chp_operational,286,ILI_CMP,8,24.5
2.0,2.0,6,weak_wide,100000.0,ci_lower,chp_operational,286,ILI_School,8,21.0
2.0,2.0,6,weak_wide,100000.0,ci_lower,chp_operational,286,ILI_NonSchool,8,10.5
2.0,2.0,6,weak_wide,100000.0,ci_lower,chp_operational,286,Fever_RCHE,8,-31.5
2.0,2.0,6,weak_wide,100000.0,ci_lower,chp_operational,286,Adm_All,8,21.0
2.0,2.0,6,weak_wide,100000.0,ci_lower,chp_operational,286,Adm_0_5,8,21.0
2.0,2.0,6,weak_wide,100000.0,ci_lower,chp_operational,286,Adm_6_11,8,17.5
2.0,2.0,6,weak_wide,100000.0,ci_lower,chp_operational,286,Adm_12_17,8,14.0
2.0,2.0,6,weak_wide,100000.0,ci_lower,chp_operational,286,Adm_18_49,8,24.5
2.0,2.0,6,weak_wide,100000.0,ci_lower,chp_operational,286,Adm_50_64,8,21.0
2.0,2.0,6,weak_wide,100000.0,ci_lower,chp_operational,286,Adm_65_higher,8,17.5
2.0,2.0,6,weak_wide,100000.0,ci_lower,data_derived,287,ILI_PMP,8,28.0
2.0,2.0,6,weak_wide,100000.0,ci_lower,data_derived,287,ILI_AED,8,28.0
2.0,2.0,6,weak_wide,100000.0,ci_lower,data_derived,287,ILI_CMP,8,24.5
2.0,2.0,6,weak_wide,100000.0,ci_lower,data_derived,287,ILI_School,8,21.0
2.0,2.0,6,weak_wide,100000.0,ci_lower,data_derived,287,ILI_NonSchool,8,10.5
2.0,2.0,6,weak_wide,100000.0,ci_lower,data_derived,287,Fever_RCHE,8,-28.0
2.0,2.0,6,weak_wide,100000.0,ci_lower,data_derived,287,Adm_All,8,21.0
2.0,2.0,6,weak_wide,100000.0,ci_lower,data_derived,287,Adm_0_5,8,21.0
2.0,2.0,6,weak_wide,100000.0,ci_lower,data_derived,287,Adm_6_11,8,17.5
2.0,2.0,6,weak_wide,100000.0,ci_lower,data_derived,287,Adm_12_17,8,14.0
2.0,2.0,6,weak_wide,100000.0,ci_lower,data_derived,287,Adm_18_49,8,24.5
2.0,2.0,6,weak_wide,100000.0,ci_lower,data_derived,287,Adm_50_64,8,21.0
2.0,2.0,6,weak_wide,100000.0,ci_lower,data_derived,287,Adm_65_higher,8,17.5
3.0,1.0,2,v7,1000.0,posterior_mean,chp_operational,288,ILI_PMP,8,56.0
3.0,1.0,2,v7,1000.0,posterior_mean,chp_operational,288,ILI_AED,8,45.5
3.0,1.0,2,v7,1000.0,posterior_mean,chp_operational,288,ILI_CMP,8,52.5
3.0,1.0,2,v7,1000.0,posterior_mean,chp_operational,288,ILI_School,8,31.5
3.0,1.0,2,v7,1000.0,posterior_mean,chp_operational,288,ILI_NonSchool,8,10.5
3.0,1.0,2,v7,1000.0,posterior_mean,chp_operational,288,Fever_RCHE,0,
3.0,1.0,2,v7,1000.0,posterior_mean,chp_operational,288,Adm_All,8,42.0
3.0,1.0,2,v7,1000.0,posterior_mean,chp_operational,288,Adm_0_5,8,42.0
3.0,1.0,2,v7,1000.0,posterior_mean,chp_operational,288,Adm_6_11,8,28.0
3.0,1.0,2,v7,1000.0,posterior_mean,chp_operational,288,Adm_12_17,8,24.5
3.0,1.0,2,v7,1000.0,posterior_mean,chp_operational,288,Adm_18_49,8,45.5
3.0,1.0,2,v7,1000.0,posterior_mean,chp_operational,288,Adm_50_64,8,28.0
3.0,1.0,2,v7,1000.0,posterior_mean,chp_operational,288,Adm_65_higher,8,31.5
3.0,1.0,2,v7,1000.0,posterior_mean,data_derived,289,ILI_PMP,8,56.0
3.0,1.0,2,v7,1000.0,posterior_mean,data_derived,289,ILI_AED,8,45.5
3.0,1.0,2,v7,1000.0,posterior_mean,data_derived,289,ILI_CMP,8,52.5
3.0,1.0,2,v7,1000.0,posterior_mean,data_derived,289,ILI_School,8,31.5
3.0,1.0,2,v7,1000.0,posterior_mean,data_derived,289,ILI_NonSchool,8,10.5
3.0,1.0,2,v7,1000.0,posterior_mean,data_derived,289,Fever_RCHE,0,
3.0,1.0,2,v7,1000.0,posterior_mean,data_derived,289,Adm_All,8,42.0
3.0,1.0,2,v7,1000.0,posterior_mean,data_derived,289,Adm_0_5,8,42.0
3.0,1.0,2,v7,1000.0,posterior_mean,data_derived,289,Adm_6_11,8,31.5
3.0,1.0,2,v7,1000.0,posterior_mean,data_derived,289,Adm_12_17,8,28.0
3.0,1.0,2,v7,1000.0,posterior_mean,data_derived,289,Adm_18_49,8,45.5
3.0,1.0,2,v7,1000.0,posterior_mean,data_derived,289,Adm_50_64,8,28.0
3.0,1.0,2,v7,1000.0,posterior_mean,data_derived,289,Adm_65_higher,8,31.5
3.0,1.0,2,v7,1000.0,ci_lower,chp_operational,290,ILI_PMP,8,56.0
3.0,1.0,2,v7,1000.0,ci_lower,chp_operational,290,ILI_AED,8,45.5
3.0,1.0,2,v7,1000.0,ci_lower,chp_operational,290,ILI_CMP,8,52.5
3.0,1.0,2,v7,1000.0,ci_lower,chp_operational,290,ILI_School,8,31.5
3.0,1.0,2,v7,1000.0,ci_lower,chp_operational,290,ILI_NonSchool,8,10.5
3.0,1.0,2,v7,1000.0,ci_lower,chp_operational,290,Fever_RCHE,0,
3.0,1.0,2,v7,1000.0,ci_lower,chp_operational,290,Adm_All,8,24.5
3.0,1.0,2,v7,1000.0,ci_lower,chp_operational,290,Adm_0_5,8,42.0
3.0,1.0,2,v7,1000.0,ci_lower,chp_operational,290,Adm_6_11,8,28.0
3.0,1.0,2,v7,1000.0,ci_lower,chp_operational,290,Adm_12_17,8,24.5
3.0,1.0,2,v7,1000.0,ci_lower,chp_operational,290,Adm_18_49,8,3.5
3.0,1.0,2,v7,1000.0,ci_lower,chp_operational,290,Adm_50_64,8,21.0
3.0,1.0,2,v7,1000.0,ci_lower,chp_operational,290,Adm_65_higher,8,24.5
3.0,1.0,2,v7,1000.0,ci_lower,data_derived,291,ILI_PMP,8,56.0
3.0,1.0,2,v7,1000.0,ci_lower,data_derived,291,ILI_AED,8,45.5
3.0,1.0,2,v7,1000.0,ci_lower,data_derived,291,ILI_CMP,8,52.5
3.0,1.0,2,v7,1000.0,ci_lower,data_derived,291,ILI_School,8,31.5
3.0,1.0,2,v7,1000.0,ci_lower,data_derived,291,ILI_NonSchool,8,10.5
3.0,1.0,2,v7,1000.0,ci_lower,data_derived,291,Fever_RCHE,0,
3.0,1.0,2,v7,1000.0,ci_lower,data_derived,291,Adm_All,8,28.0
3.0,1.0,2,v7,1000.0,ci_lower,data_derived,291,Adm_0_5,8,42.0
3.0,1.0,2,v7,1000.0,ci_lower,data_derived,291,Adm_6_11,8,31.5
3.0,1.0,2,v7,1000.0,ci_lower,data_derived,291,Adm_12_17,8,28.0
3.0,1.0,2,v7,1000.0,ci_lower,data_derived,291,Adm_18_49,8,3.5
3.0,1.0,2,v7,1000.0,ci_lower,data_derived,291,Adm_50_64,8,24.5
3.0,1.0,2,v7,1000.0,ci_lower,data_derived,291,Adm_65_higher,8,24.5
3.0,1.0,2,v7,10000.0,posterior_mean,chp_operational,292,ILI_PMP,8,56.0
3.0,1.0,2,v7,10000.0,posterior_mean,chp_operational,292,ILI_AED,8,45.5
3.0,1.0,2,v7,10000.0,posterior_mean,chp_operational,292,ILI_CMP,8,52.5
3.0,1.0,2,v7,10000.0,posterior_mean,chp_operational,292,ILI_School,8,35.0
3.0,1.0,2,v7,10000.0,posterior_mean,chp_operational,292,ILI_NonSchool,8,10.5
3.0,1.0,2,v7,10000.0,posterior_mean,chp_operational,292,Fever_RCHE,8,7.0
3.0,1.0,2,v7,10000.0,posterior_mean,chp_operational,292,Adm_All,8,45.5
3.0,1.0,2,v7,10000.0,posterior_mean,chp_operational,292,Adm_0_5,8,42.0
3.0,1.0,2,v7,10000.0,posterior_mean,chp_operational,292,Adm_6_11,8,28.0
3.0,1.0,2,v7,10000.0,posterior_mean,chp_operational,292,Adm_12_17,8,24.5
3.0,1.0,2,v7,10000.0,posterior_mean,chp_operational,292,Adm_18_49,8,45.5
3.0,1.0,2,v7,10000.0,posterior_mean,chp_operational,292,Adm_50_64,8,28.0
3.0,1.0,2,v7,10000.0,posterior_mean,chp_operational,292,Adm_65_higher,8,31.5
3.0,1.0,2,v7,10000.0,posterior_mean,data_derived,293,ILI_PMP,8,56.0
3.0,1.0,2,v7,10000.0,posterior_mean,data_derived,293,ILI_AED,8,45.5
3.0,1.0,2,v7,10000.0,posterior_mean,data_derived,293,ILI_CMP,8,52.5
3.0,1.0,2,v7,10000.0,posterior_mean,data_derived,293,ILI_School,8,35.0
3.0,1.0,2,v7,10000.0,posterior_mean,data_derived,293,ILI_NonSchool,8,10.5
3.0,1.0,2,v7,10000.0,posterior_mean,data_derived,293,Fever_RCHE,8,10.5
3.0,1.0,2,v7,10000.0,posterior_mean,data_derived,293,Adm_All,8,45.5
3.0,1.0,2,v7,10000.0,posterior_mean,data_derived,293,Adm_0_5,8,42.0
3.0,1.0,2,v7,10000.0,posterior_mean,data_derived,293,Adm_6_11,8,31.5
3.0,1.0,2,v7,10000.0,posterior_mean,data_derived,293,Adm_12_17,8,28.0
3.0,1.0,2,v7,10000.0,posterior_mean,data_derived,293,Adm_18_49,8,45.5
3.0,1.0,2,v7,10000.0,posterior_mean,data_derived,293,Adm_50_64,8,28.0
3.0,1.0,2,v7,10000.0,posterior_mean,data_derived,293,Adm_65_higher,8,31.5
3.0,1.0,2,v7,10000.0,ci_lower,chp_operational,294,ILI_PMP,8,56.0
3.0,1.0,2,v7,10000.0,ci_lower,chp_operational,294,ILI_AED,8,45.5
3.0,1.0,2,v7,10000.0,ci_lower,chp_operational,294,ILI_CMP,8,52.5
3.0,1.0,2,v7,10000.0,ci_lower,chp_operational,294,ILI_School,8,31.5
3.0,1.0,2,v7,10000.0,ci_lower,chp_operational,294,ILI_NonSchool,8,10.5
3.0,1.0,2,v7,10000.0,ci_lower,chp_operational,294,Fever_RCHE,0,
3.0,1.0,2,v7,10000.0,ci_lower,chp_operational,294,Adm_All,8,45.5
3.0,1.0,2,v7,10000.0,ci_lower,chp_operational,294,Adm_0_5,8,42.0
3.0,1.0,2,v7,10000.0,ci_lower,chp_operational,294,Adm_6_11,8,28.0
3.0,1.0,2,v7,10000.0,ci_lower,chp_operational,294,Adm_12_17,8,24.5
3.0,1.0,2,v7,10000.0,ci_lower,chp_operational,294,Adm_18_49,8,45.5
3.0,1.0,2,v7,10000.0,ci_lower,chp_operational,294,Adm_50_64,8,28.0
3.0,1.0,2,v7,10000.0,ci_lower,chp_operational,294,Adm_65_higher,8,31.5
3.0,1.0,2,v7,10000.0,ci_lower,data_derived,295,ILI_PMP,8,56.0
3.0,1.0,2,v7,10000.0,ci_lower,data_derived,295,ILI_AED,8,45.5
3.0,1.0,2,v7,10000.0,ci_lower,data_derived,295,ILI_CMP,8,52.5
3.0,1.0,2,v7,10000.0,ci_lower,data_derived,295,ILI_School,8,31.5
3.0,1.0,2,v7,10000.0,ci_lower,data_derived,295,ILI_NonSchool,8,10.5
3.0,1.0,2,v7,10000.0,ci_lower,data_derived,295,Fever_RCHE,0,
3.0,1.0,2,v7,10000.0,ci_lower,data_derived,295,Adm_All,8,45.5
3.0,1.0,2,v7,10000.0,ci_lower,data_derived,295,Adm_0_5,8,42.0
3.0,1.0,2,v7,10000.0,ci_lower,data_derived,295,Adm_6_11,8,31.5
3.0,1.0,2,v7,10000.0,ci_lower,data_derived,295,Adm_12_17,8,28.0
3.0,1.0,2,v7,10000.0,ci_lower,data_derived,295,Adm_18_49,8,45.5
3.0,1.0,2,v7,10000.0,ci_lower,data_derived,295,Adm_50_64,8,28.0
3.0,1.0,2,v7,10000.0,ci_lower,data_derived,295,Adm_65_higher,8,31.5
3.0,1.0,2,v7,100000.0,posterior_mean,chp_operational,296,ILI_PMP,8,56.0
3.0,1.0,2,v7,100000.0,posterior_mean,chp_operational,296,ILI_AED,8,45.5
3.0,1.0,2,v7,100000.0,posterior_mean,chp_operational,296,ILI_CMP,8,52.5
3.0,1.0,2,v7,100000.0,posterior_mean,chp_operational,296,ILI_School,8,35.0
3.0,1.0,2,v7,100000.0,posterior_mean,chp_operational,296,ILI_NonSchool,8,10.5
3.0,1.0,2,v7,100000.0,posterior_mean,chp_operational,296,Fever_RCHE,8,52.5
3.0,1.0,2,v7,100000.0,posterior_mean,chp_operational,296,Adm_All,8,45.5
3.0,1.0,2,v7,100000.0,posterior_mean,chp_operational,296,Adm_0_5,8,56.0
3.0,1.0,2,v7,100000.0,posterior_mean,chp_operational,296,Adm_6_11,8,28.0
3.0,1.0,2,v7,100000.0,posterior_mean,chp_operational,296,Adm_12_17,8,24.5
3.0,1.0,2,v7,100000.0,posterior_mean,chp_operational,296,Adm_18_49,8,45.5
3.0,1.0,2,v7,100000.0,posterior_mean,chp_operational,296,Adm_50_64,8,28.0
3.0,1.0,2,v7,100000.0,posterior_mean,chp_operational,296,Adm_65_higher,8,31.5
3.0,1.0,2,v7,100000.0,posterior_mean,data_derived,297,ILI_PMP,8,56.0
3.0,1.0,2,v7,100000.0,posterior_mean,data_derived,297,ILI_AED,8,45.5
3.0,1.0,2,v7,100000.0,posterior_mean,data_derived,297,ILI_CMP,8,52.5
3.0,1.0,2,v7,100000.0,posterior_mean,data_derived,297,ILI_School,8,35.0
3.0,1.0,2,v7,100000.0,posterior_mean,data_derived,297,ILI_NonSchool,8,10.5
3.0,1.0,2,v7,100000.0,posterior_mean,data_derived,297,Fever_RCHE,8,52.5
3.0,1.0,2,v7,100000.0,posterior_mean,data_derived,297,Adm_All,8,45.5
3.0,1.0,2,v7,100000.0,posterior_mean,data_derived,297,Adm_0_5,8,56.0
3.0,1.0,2,v7,100000.0,posterior_mean,data_derived,297,Adm_6_11,8,31.5
3.0,1.0,2,v7,100000.0,posterior_mean,data_derived,297,Adm_12_17,8,28.0
3.0,1.0,2,v7,100000.0,posterior_mean,data_derived,297,Adm_18_49,8,45.5
3.0,1.0,2,v7,100000.0,posterior_mean,data_derived,297,Adm_50_64,8,28.0
3.0,1.0,2,v7,100000.0,posterior_mean,data_derived,297,Adm_65_higher,8,31.5
3.0,1.0,2,v7,100000.0,ci_lower,chp_operational,298,ILI_PMP,8,56.0
3.0,1.0,2,v7,100000.0,ci_lower,chp_operational,298,ILI_AED,8,45.5
3.0,1.0,2,v7,100000.0,ci_lower,chp_operational,298,ILI_CMP,8,52.5
3.0,1.0,2,v7,100000.0,ci_lower,chp_operational,298,ILI_School,8,31.5
3.0,1.0,2,v7,100000.0,ci_lower,chp_operational,298,ILI_NonSchool,8,10.5
3.0,1.0,2,v7,100000.0,ci_lower,chp_operational,298,Fever_RCHE,8,7.0
3.0,1.0,2,v7,100000.0,ci_lower,chp_operational,298,Adm_All,8,45.5
3.0,1.0,2,v7,100000.0,ci_lower,chp_operational,298,Adm_0_5,8,42.0
3.0,1.0,2,v7,100000.0,ci_lower,chp_operational,298,Adm_6_11,8,28.0
3.0,1.0,2,v7,100000.0,ci_lower,chp_operational,298,Adm_12_17,8,24.5
3.0,1.0,2,v7,100000.0,ci_lower,chp_operational,298,Adm_18_49,8,45.5
3.0,1.0,2,v7,100000.0,ci_lower,chp_operational,298,Adm_50_64,8,28.0
3.0,1.0,2,v7,100000.0,ci_lower,chp_operational,298,Adm_65_higher,8,31.5
3.0,1.0,2,v7,100000.0,ci_lower,data_derived,299,ILI_PMP,8,56.0
3.0,1.0,2,v7,100000.0,ci_lower,data_derived,299,ILI_AED,8,45.5
3.0,1.0,2,v7,100000.0,ci_lower,data_derived,299,ILI_CMP,8,52.5
3.0,1.0,2,v7,100000.0,ci_lower,data_derived,299,ILI_School,8,31.5
3.0,1.0,2,v7,100000.0,ci_lower,data_derived,299,ILI_NonSchool,8,10.5
3.0,1.0,2,v7,100000.0,ci_lower,data_derived,299,Fever_RCHE,8,10.5
3.0,1.0,2,v7,100000.0,ci_lower,data_derived,299,Adm_All,8,45.5
3.0,1.0,2,v7,100000.0,ci_lower,data_derived,299,Adm_0_5,8,42.0
3.0,1.0,2,v7,100000.0,ci_lower,data_derived,299,Adm_6_11,8,31.5
3.0,1.0,2,v7,100000.0,ci_lower,data_derived,299,Adm_12_17,8,28.0
3.0,1.0,2,v7,100000.0,ci_lower,data_derived,299,Adm_18_49,8,45.5
3.0,1.0,2,v7,100000.0,ci_lower,data_derived,299,Adm_50_64,8,28.0
3.0,1.0,2,v7,100000.0,ci_lower,data_derived,299,Adm_65_higher,8,31.5
3.0,1.0,2,vague,1000.0,posterior_mean,chp_operational,300,ILI_PMP,8,56.0
3.0,1.0,2,vague,1000.0,posterior_mean,chp_operational,300,ILI_AED,8,45.5
3.0,1.0,2,vague,1000.0,posterior_mean,chp_operational,300,ILI_CMP,6,-31.5
3.0,1.0,2,vague,1000.0,posterior_mean,chp_operational,300,ILI_School,8,31.5
3.0,1.0,2,vague,1000.0,posterior_mean,chp_operational,300,ILI_NonSchool,8,10.5
3.0,1.0,2,vague,1000.0,posterior_mean,chp_operational,300,Fever_RCHE,0,
3.0,1.0,2,vague,1000.0,posterior_mean,chp_operational,300,Adm_All,0,
3.0,1.0,2,vague,1000.0,posterior_mean,chp_operational,300,Adm_0_5,7,-14.0
3.0,1.0,2,vague,1000.0,posterior_mean,chp_operational,300,Adm_6_11,4,-59.5
3.0,1.0,2,vague,1000.0,posterior_mean,chp_operational,300,Adm_12_17,0,
3.0,1.0,2,vague,1000.0,posterior_mean,chp_operational,300,Adm_18_49,0,
3.0,1.0,2,vague,1000.0,posterior_mean,chp_operational,300,Adm_50_64,0,
3.0,1.0,2,vague,1000.0,posterior_mean,chp_operational,300,Adm_65_higher,5,-35.0
3.0,1.0,2,vague,1000.0,posterior_mean,data_derived,301,ILI_PMP,8,56.0
3.0,1.0,2,vague,1000.0,posterior_mean,data_derived,301,ILI_AED,8,45.5
3.0,1.0,2,vague,1000.0,posterior_mean,data_derived,301,ILI_CMP,6,-28.0
3.0,1.0,2,vague,1000.0,posterior_mean,data_derived,301,ILI_School,8,31.5
3.0,1.0,2,vague,1000.0,posterior_mean,data_derived,301,ILI_NonSchool,8,10.5
3.0,1.0,2,vague,1000.0,posterior_mean,data_derived,301,Fever_RCHE,0,
3.0,1.0,2,vague,1000.0,posterior_mean,data_derived,301,Adm_All,0,
3.0,1.0,2,vague,1000.0,posterior_mean,data_derived,301,Adm_0_5,7,-14.0
3.0,1.0,2,vague,1000.0,posterior_mean,data_derived,301,Adm_6_11,4,-56.0
3.0,1.0,2,vague,1000.0,posterior_mean,data_derived,301,Adm_12_17,0,
3.0,1.0,2,vague,1000.0,posterior_mean,data_derived,301,Adm_18_49,0,
3.0,1.0,2,vague,1000.0,posterior_mean,data_derived,301,Adm_50_64,0,
3.0,1.0,2,vague,1000.0,posterior_mean,data_derived,301,Adm_65_higher,5,-35.0
3.0,1.0,2,vague,1000.0,ci_lower,chp_operational,302,ILI_PMP,8,56.0
3.0,1.0,2,vague,1000.0,ci_lower,chp_operational,302,ILI_AED,8,42.0
3.0,1.0,2,vague,1000.0,ci_lower,chp_operational,302,ILI_CMP,6,-35.0
3.0,1.0,2,vague,1000.0,ci_lower,chp_operational,302,ILI_School,8,14.0
3.0,1.0,2,vague,1000.0,ci_lower,chp_operational,302,ILI_NonSchool,8,-10.5
3.0,1.0,2,vague,1000.0,ci_lower,chp_operational,302,Fever_RCHE,0,
3.0,1.0,2,vague,1000.0,ci_lower,chp_operational,302,Adm_All,0,
3.0,1.0,2,vague,1000.0,ci_lower,chp_operational,302,Adm_0_5,7,-21.0
3.0,1.0,2,vague,1000.0,ci_lower,chp_operational,302,Adm_6_11,3,-84.0
3.0,1.0,2,vague,1000.0,ci_lower,chp_operational,302,Adm_12_17,0,
3.0,1.0,2,vague,1000.0,ci_lower,chp_operational,302,Adm_18_49,0,
3.0,1.0,2,vague,1000.0,ci_lower,chp_operational,302,Adm_50_64,0,
3.0,1.0,2,vague,1000.0,ci_lower,chp_operational,302,Adm_65_higher,5,-35.0
3.0,1.0,2,vague,1000.0,ci_lower,data_derived,303,ILI_PMP,8,56.0
3.0,1.0,2,vague,1000.0,ci_lower,data_derived,303,ILI_AED,8,42.0
3.0,1.0,2,vague,1000.0,ci_lower,data_derived,303,ILI_CMP,6,-31.5
3.0,1.0,2,vague,1000.0,ci_lower,data_derived,303,ILI_School,8,14.0
3.0,1.0,2,vague,1000.0,ci_lower,data_derived,303,ILI_NonSchool,8,-10.5
3.0,1.0,2,vague,1000.0,ci_lower,data_derived,303,Fever_RCHE,0,
3.0,1.0,2,vague,1000.0,ci_lower,data_derived,303,Adm_All,0,
3.0,1.0,2,vague,1000.0,ci_lower,data_derived,303,Adm_0_5,7,-14.0
3.0,1.0,2,vague,1000.0,ci_lower,data_derived,303,Adm_6_11,3,-77.0
3.0,1.0,2,vague,1000.0,ci_lower,data_derived,303,Adm_12_17,0,
3.0,1.0,2,vague,1000.0,ci_lower,data_derived,303,Adm_18_49,0,
3.0,1.0,2,vague,1000.0,ci_lower,data_derived,303,Adm_50_64,0,
3.0,1.0,2,vague,1000.0,ci_lower,data_derived,303,Adm_65_higher,5,-35.0
3.0,1.0,2,vague,10000.0,posterior_mean,chp_operational,304,ILI_PMP,8,56.0
3.0,1.0,2,vague,10000.0,posterior_mean,chp_operational,304,ILI_AED,8,45.5
3.0,1.0,2,vague,10000.0,posterior_mean,chp_operational,304,ILI_CMP,8,52.5
3.0,1.0,2,vague,10000.0,posterior_mean,chp_operational,304,ILI_School,8,31.5
3.0,1.0,2,vague,10000.0,posterior_mean,chp_operational,304,ILI_NonSchool,8,10.5
3.0,1.0,2,vague,10000.0,posterior_mean,chp_operational,304,Fever_RCHE,0,
3.0,1.0,2,vague,10000.0,posterior_mean,chp_operational,304,Adm_All,8,-17.5
3.0,1.0,2,vague,10000.0,posterior_mean,chp_operational,304,Adm_0_5,8,24.5
3.0,1.0,2,vague,10000.0,posterior_mean,chp_operational,304,Adm_6_11,8,14.0
3.0,1.0,2,vague,10000.0,posterior_mean,chp_operational,304,Adm_12_17,8,-17.5
3.0,1.0,2,vague,10000.0,posterior_mean,chp_operational,304,Adm_18_49,5,-28.0
3.0,1.0,2,vague,10000.0,posterior_mean,chp_operational,304,Adm_50_64,8,-21.0
3.0,1.0,2,vague,10000.0,posterior_mean,chp_operational,304,Adm_65_higher,8,-3.5
3.0,1.0,2,vague,10000.0,posterior_mean,data_derived,305,ILI_PMP,8,56.0
3.0,1.0,2,vague,10000.0,posterior_mean,data_derived,305,ILI_AED,8,45.5
3.0,1.0,2,vague,10000.0,posterior_mean,data_derived,305,ILI_CMP,8,52.5
3.0,1.0,2,vague,10000.0,posterior_mean,data_derived,305,ILI_School,8,31.5
3.0,1.0,2,vague,10000.0,posterior_mean,data_derived,305,ILI_NonSchool,8,10.5
3.0,1.0,2,vague,10000.0,posterior_mean,data_derived,305,Fever_RCHE,0,
3.0,1.0,2,vague,10000.0,posterior_mean,data_derived,305,Adm_All,8,-14.0
3.0,1.0,2,vague,10000.0,posterior_mean,data_derived,305,Adm_0_5,8,28.0
3.0,1.0,2,vague,10000.0,posterior_mean,data_derived,305,Adm_6_11,8,17.5
3.0,1.0,2,vague,10000.0,posterior_mean,data_derived,305,Adm_12_17,8,-14.0
3.0,1.0,2,vague,10000.0,posterior_mean,data_derived,305,Adm_18_49,5,-28.0
3.0,1.0,2,vague,10000.0,posterior_mean,data_derived,305,Adm_50_64,8,-17.5
3.0,1.0,2,vague,10000.0,posterior_mean,data_derived,305,Adm_65_higher,8,0.0
3.0,1.0,2,vague,10000.0,ci_lower,chp_operational,306,ILI_PMP,8,56.0
3.0,1.0,2,vague,10000.0,ci_lower,chp_operational,306,ILI_AED,8,45.5
3.0,1.0,2,vague,10000.0,ci_lower,chp_operational,306,ILI_CMP,8,52.5
3.0,1.0,2,vague,10000.0,ci_lower,chp_operational,306,ILI_School,8,31.5
3.0,1.0,2,vague,10000.0,ci_lower,chp_operational,306,ILI_NonSchool,8,10.5
3.0,1.0,2,vague,10000.0,ci_lower,chp_operational,306,Fever_RCHE,0,
3.0,1.0,2,vague,10000.0,ci_lower,chp_operational,306,Adm_All,8,-17.5
3.0,1.0,2,vague,10000.0,ci_lower,chp_operational,306,Adm_0_5,8,24.5
3.0,1.0,2,vague,10000.0,ci_lower,chp_operational,306,Adm_6_11,8,14.0
3.0,1.0,2,vague,10000.0,ci_lower,chp_operational,306,Adm_12_17,8,-17.5
3.0,1.0,2,vague,10000.0,ci_lower,chp_operational,306,Adm_18_49,5,-28.0
3.0,1.0,2,vague,10000.0,ci_lower,chp_operational,306,Adm_50_64,8,-21.0
3.0,1.0,2,vague,10000.0,ci_lower,chp_operational,306,Adm_65_higher,8,-3.5
3.0,1.0,2,vague,10000.0,ci_lower,data_derived,307,ILI_PMP,8,56.0
3.0,1.0,2,vague,10000.0,ci_lower,data_derived,307,ILI_AED,8,45.5
3.0,1.0,2,vague,10000.0,ci_lower,data_derived,307,ILI_CMP,8,52.5
3.0,1.0,2,vague,10000.0,ci_lower,data_derived,307,ILI_School,8,31.5
3.0,1.0,2,vague,10000.0,ci_lower,data_derived,307,ILI_NonSchool,8,10.5
3.0,1.0,2,vague,10000.0,ci_lower,data_derived,307,Fever_RCHE,0,
3.0,1.0,2,vague,10000.0,ci_lower,data_derived,307,Adm_All,8,-14.0
3.0,1.0,2,vague,10000.0,ci_lower,data_derived,307,Adm_0_5,8,28.0
3.0,1.0,2,vague,10000.0,ci_lower,data_derived,307,Adm_6_11,8,17.5
3.0,1.0,2,vague,10000.0,ci_lower,data_derived,307,Adm_12_17,8,-14.0
3.0,1.0,2,vague,10000.0,ci_lower,data_derived,307,Adm_18_49,5,-28.0
3.0,1.0,2,vague,10000.0,ci_lower,data_derived,307,Adm_50_64,8,-17.5
3.0,1.0,2,vague,10000.0,ci_lower,data_derived,307,Adm_65_higher,8,-3.5
3.0,1.0,2,vague,100000.0,posterior_mean,chp_operational,308,ILI_PMP,8,56.0
3.0,1.0,2,vague,100000.0,posterior_mean,chp_operational,308,ILI_AED,8,45.5
3.0,1.0,2,vague,100000.0,posterior_mean,chp_operational,308,ILI_CMP,8,52.5
3.0,1.0,2,vague,100000.0,posterior_mean,chp_operational,308,ILI_School,8,31.5
3.0,1.0,2,vague,100000.0,posterior_mean,chp_operational,308,ILI_NonSchool,8,10.5
3.0,1.0,2,vague,100000.0,posterior_mean,chp_operational,308,Fever_RCHE,0,
3.0,1.0,2,vague,100000.0,posterior_mean,chp_operational,308,Adm_All,8,28.0
3.0,1.0,2,vague,100000.0,posterior_mean,chp_operational,308,Adm_0_5,8,42.0
3.0,1.0,2,vague,100000.0,posterior_mean,chp_operational,308,Adm_6_11,8,28.0
3.0,1.0,2,vague,100000.0,posterior_mean,chp_operational,308,Adm_12_17,8,24.5
3.0,1.0,2,vague,100000.0,posterior_mean,chp_operational,308,Adm_18_49,8,10.5
3.0,1.0,2,vague,100000.0,posterior_mean,chp_operational,308,Adm_50_64,8,24.5
3.0,1.0,2,vague,100000.0,posterior_mean,chp_operational,308,Adm_65_higher,8,31.5
3.0,1.0,2,vague,100000.0,posterior_mean,data_derived,309,ILI_PMP,8,56.0
3.0,1.0,2,vague,100000.0,posterior_mean,data_derived,309,ILI_AED,8,45.5
3.0,1.0,2,vague,100000.0,posterior_mean,data_derived,309,ILI_CMP,8,52.5
3.0,1.0,2,vague,100000.0,posterior_mean,data_derived,309,ILI_School,8,31.5
3.0,1.0,2,vague,100000.0,posterior_mean,data_derived,309,ILI_NonSchool,8,10.5
3.0,1.0,2,vague,100000.0,posterior_mean,data_derived,309,Fever_RCHE,0,
3.0,1.0,2,vague,100000.0,posterior_mean,data_derived,309,Adm_All,8,31.5
3.0,1.0,2,vague,100000.0,posterior_mean,data_derived,309,Adm_0_5,8,42.0
3.0,1.0,2,vague,100000.0,posterior_mean,data_derived,309,Adm_6_11,8,31.5
3.0,1.0,2,vague,100000.0,posterior_mean,data_derived,309,Adm_12_17,8,28.0
3.0,1.0,2,vague,100000.0,posterior_mean,data_derived,309,Adm_18_49,8,14.0
3.0,1.0,2,vague,100000.0,posterior_mean,data_derived,309,Adm_50_64,8,24.5
3.0,1.0,2,vague,100000.0,posterior_mean,data_derived,309,Adm_65_higher,8,31.5
3.0,1.0,2,vague,100000.0,ci_lower,chp_operational,310,ILI_PMP,8,56.0
3.0,1.0,2,vague,100000.0,ci_lower,chp_operational,310,ILI_AED,8,45.5
3.0,1.0,2,vague,100000.0,ci_lower,chp_operational,310,ILI_CMP,8,52.5
3.0,1.0,2,vague,100000.0,ci_lower,chp_operational,310,ILI_School,8,31.5
3.0,1.0,2,vague,100000.0,ci_lower,chp_operational,310,ILI_NonSchool,8,10.5
3.0,1.0,2,vague,100000.0,ci_lower,chp_operational,310,Fever_RCHE,0,
3.0,1.0,2,vague,100000.0,ci_lower,chp_operational,310,Adm_All,8,28.0
3.0,1.0,2,vague,100000.0,ci_lower,chp_operational,310,Adm_0_5,8,42.0
3.0,1.0,2,vague,100000.0,ci_lower,chp_operational,310,Adm_6_11,8,28.0
3.0,1.0,2,vague,100000.0,ci_lower,chp_operational,310,Adm_12_17,8,24.5
3.0,1.0,2,vague,100000.0,ci_lower,chp_operational,310,Adm_18_49,8,3.5
3.0,1.0,2,vague,100000.0,ci_lower,chp_operational,310,Adm_50_64,8,24.5
3.0,1.0,2,vague,100000.0,ci_lower,chp_operational,310,Adm_65_higher,8,31.5
3.0,1.0,2,vague,100000.0,ci_lower,data_derived,311,ILI_PMP,8,56.0
3.0,1.0,2,vague,100000.0,ci_lower,data_derived,311,ILI_AED,8,45.5
3.0,1.0,2,vague,100000.0,ci_lower,data_derived,311,ILI_CMP,8,52.5
3.0,1.0,2,vague,100000.0,ci_lower,data_derived,311,ILI_School,8,31.5
3.0,1.0,2,vague,100000.0,ci_lower,data_derived,311,ILI_NonSchool,8,10.5
3.0,1.0,2,vague,100000.0,ci_lower,data_derived,311,Fever_RCHE,0,
3.0,1.0,2,vague,100000.0,ci_lower,data_derived,311,Adm_All,8,31.5
3.0,1.0,2,vague,100000.0,ci_lower,data_derived,311,Adm_0_5,8,42.0
3.0,1.0,2,vague,100000.0,ci_lower,data_derived,311,Adm_6_11,8,31.5
3.0,1.0,2,vague,100000.0,ci_lower,data_derived,311,Adm_12_17,8,28.0
3.0,1.0,2,vague,100000.0,ci_lower,data_derived,311,Adm_18_49,8,3.5
3.0,1.0,2,vague,100000.0,ci_lower,data_derived,311,Adm_50_64,8,24.5
3.0,1.0,2,vague,100000.0,ci_lower,data_derived,311,Adm_65_higher,8,31.5
3.0,1.0,2,weak_wide,1000.0,posterior_mean,chp_operational,312,ILI_PMP,8,56.0
3.0,1.0,2,weak_wide,1000.0,posterior_mean,chp_operational,312,ILI_AED,8,45.5
3.0,1.0,2,weak_wide,1000.0,posterior_mean,chp_operational,312,ILI_CMP,8,52.5
3.0,1.0,2,weak_wide,1000.0,posterior_mean,chp_operational,312,ILI_School,8,38.5
3.0,1.0,2,weak_wide,1000.0,posterior_mean,chp_operational,312,ILI_NonSchool,8,42.0
3.0,1.0,2,weak_wide,1000.0,posterior_mean,chp_operational,312,Fever_RCHE,8,56.0
3.0,1.0,2,weak_wide,1000.0,posterior_mean,chp_operational,312,Adm_All,8,56.0
3.0,1.0,2,weak_wide,1000.0,posterior_mean,chp_operational,312,Adm_0_5,8,56.0
3.0,1.0,2,weak_wide,1000.0,posterior_mean,chp_operational,312,Adm_6_11,8,56.0
3.0,1.0,2,weak_wide,1000.0,posterior_mean,chp_operational,312,Adm_12_17,8,56.0
3.0,1.0,2,weak_wide,1000.0,posterior_mean,chp_operational,312,Adm_18_49,8,45.5
3.0,1.0,2,weak_wide,1000.0,posterior_mean,chp_operational,312,Adm_50_64,8,52.5
3.0,1.0,2,weak_wide,1000.0,posterior_mean,chp_operational,312,Adm_65_higher,8,35.0
3.0,1.0,2,weak_wide,1000.0,posterior_mean,data_derived,313,ILI_PMP,8,56.0
3.0,1.0,2,weak_wide,1000.0,posterior_mean,data_derived,313,ILI_AED,8,45.5
3.0,1.0,2,weak_wide,1000.0,posterior_mean,data_derived,313,ILI_CMP,8,52.5
3.0,1.0,2,weak_wide,1000.0,posterior_mean,data_derived,313,ILI_School,8,38.5
3.0,1.0,2,weak_wide,1000.0,posterior_mean,data_derived,313,ILI_NonSchool,8,45.5
3.0,1.0,2,weak_wide,1000.0,posterior_mean,data_derived,313,Fever_RCHE,8,56.0
3.0,1.0,2,weak_wide,1000.0,posterior_mean,data_derived,313,Adm_All,8,56.0
3.0,1.0,2,weak_wide,1000.0,posterior_mean,data_derived,313,Adm_0_5,8,56.0
3.0,1.0,2,weak_wide,1000.0,posterior_mean,data_derived,313,Adm_6_11,8,56.0
3.0,1.0,2,weak_wide,1000.0,posterior_mean,data_derived,313,Adm_12_17,8,56.0
3.0,1.0,2,weak_wide,1000.0,posterior_mean,data_derived,313,Adm_18_49,8,45.5
3.0,1.0,2,weak_wide,1000.0,posterior_mean,data_derived,313,Adm_50_64,8,52.5
3.0,1.0,2,weak_wide,1000.0,posterior_mean,data_derived,313,Adm_65_higher,8,35.0
3.0,1.0,2,weak_wide,1000.0,ci_lower,chp_operational,314,ILI_PMP,8,56.0
3.0,1.0,2,weak_wide,1000.0,ci_lower,chp_operational,314,ILI_AED,8,45.5
3.0,1.0,2,weak_wide,1000.0,ci_lower,chp_operational,314,ILI_CMP,8,52.5
3.0,1.0,2,weak_wide,1000.0,ci_lower,chp_operational,314,ILI_School,8,31.5
3.0,1.0,2,weak_wide,1000.0,ci_lower,chp_operational,314,ILI_NonSchool,8,10.5
3.0,1.0,2,weak_wide,1000.0,ci_lower,chp_operational,314,Fever_RCHE,0,
3.0,1.0,2,weak_wide,1000.0,ci_lower,chp_operational,314,Adm_All,8,31.5
3.0,1.0,2,weak_wide,1000.0,ci_lower,chp_operational,314,Adm_0_5,8,42.0
3.0,1.0,2,weak_wide,1000.0,ci_lower,chp_operational,314,Adm_6_11,8,28.0
3.0,1.0,2,weak_wide,1000.0,ci_lower,chp_operational,314,Adm_12_17,8,24.5
3.0,1.0,2,weak_wide,1000.0,ci_lower,chp_operational,314,Adm_18_49,8,45.5
3.0,1.0,2,weak_wide,1000.0,ci_lower,chp_operational,314,Adm_50_64,8,28.0
3.0,1.0,2,weak_wide,1000.0,ci_lower,chp_operational,314,Adm_65_higher,8,31.5
3.0,1.0,2,weak_wide,1000.0,ci_lower,data_derived,315,ILI_PMP,8,56.0
3.0,1.0,2,weak_wide,1000.0,ci_lower,data_derived,315,ILI_AED,8,45.5
3.0,1.0,2,weak_wide,1000.0,ci_lower,data_derived,315,ILI_CMP,8,52.5
3.0,1.0,2,weak_wide,1000.0,ci_lower,data_derived,315,ILI_School,8,31.5
3.0,1.0,2,weak_wide,1000.0,ci_lower,data_derived,315,ILI_NonSchool,8,10.5
3.0,1.0,2,weak_wide,1000.0,ci_lower,data_derived,315,Fever_RCHE,0,
3.0,1.0,2,weak_wide,1000.0,ci_lower,data_derived,315,Adm_All,8,38.5
3.0,1.0,2,weak_wide,1000.0,ci_lower,data_derived,315,Adm_0_5,8,42.0
3.0,1.0,2,weak_wide,1000.0,ci_lower,data_derived,315,Adm_6_11,8,31.5
3.0,1.0,2,weak_wide,1000.0,ci_lower,data_derived,315,Adm_12_17,8,28.0
3.0,1.0,2,weak_wide,1000.0,ci_lower,data_derived,315,Adm_18_49,8,45.5
3.0,1.0,2,weak_wide,1000.0,ci_lower,data_derived,315,Adm_50_64,8,28.0
3.0,1.0,2,weak_wide,1000.0,ci_lower,data_derived,315,Adm_65_higher,8,31.5
3.0,1.0,2,weak_wide,10000.0,posterior_mean,chp_operational,316,ILI_PMP,8,56.0
3.0,1.0,2,weak_wide,10000.0,posterior_mean,chp_operational,316,ILI_AED,8,45.5
3.0,1.0,2,weak_wide,10000.0,posterior_mean,chp_operational,316,ILI_CMP,8,52.5
3.0,1.0,2,weak_wide,10000.0,posterior_mean,chp_operational,316,ILI_School,8,38.5
3.0,1.0,2,weak_wide,10000.0,posterior_mean,chp_operational,316,ILI_NonSchool,8,42.0
3.0,1.0,2,weak_wide,10000.0,posterior_mean,chp_operational,316,Fever_RCHE,8,52.5
3.0,1.0,2,weak_wide,10000.0,posterior_mean,chp_operational,316,Adm_All,8,56.0
3.0,1.0,2,weak_wide,10000.0,posterior_mean,chp_operational,316,Adm_0_5,8,56.0
3.0,1.0,2,weak_wide,10000.0,posterior_mean,chp_operational,316,Adm_6_11,8,56.0
3.0,1.0,2,weak_wide,10000.0,posterior_mean,chp_operational,316,Adm_12_17,8,56.0
3.0,1.0,2,weak_wide,10000.0,posterior_mean,chp_operational,316,Adm_18_49,8,45.5
3.0,1.0,2,weak_wide,10000.0,posterior_mean,chp_operational,316,Adm_50_64,8,52.5
3.0,1.0,2,weak_wide,10000.0,posterior_mean,chp_operational,316,Adm_65_higher,8,35.0
3.0,1.0,2,weak_wide,10000.0,posterior_mean,data_derived,317,ILI_PMP,8,56.0
3.0,1.0,2,weak_wide,10000.0,posterior_mean,data_derived,317,ILI_AED,8,45.5
3.0,1.0,2,weak_wide,10000.0,posterior_mean,data_derived,317,ILI_CMP,8,52.5
3.0,1.0,2,weak_wide,10000.0,posterior_mean,data_derived,317,ILI_School,8,38.5
3.0,1.0,2,weak_wide,10000.0,posterior_mean,data_derived,317,ILI_NonSchool,8,45.5
3.0,1.0,2,weak_wide,10000.0,posterior_mean,data_derived,317,Fever_RCHE,8,52.5
3.0,1.0,2,weak_wide,10000.0,posterior_mean,data_derived,317,Adm_All,8,56.0
3.0,1.0,2,weak_wide,10000.0,posterior_mean,data_derived,317,Adm_0_5,8,56.0
3.0,1.0,2,weak_wide,10000.0,posterior_mean,data_derived,317,Adm_6_11,8,56.0
3.0,1.0,2,weak_wide,10000.0,posterior_mean,data_derived,317,Adm_12_17,8,56.0
3.0,1.0,2,weak_wide,10000.0,posterior_mean,data_derived,317,Adm_18_49,8,45.5
3.0,1.0,2,weak_wide,10000.0,posterior_mean,data_derived,317,Adm_50_64,8,52.5
3.0,1.0,2,weak_wide,10000.0,posterior_mean,data_derived,317,Adm_65_higher,8,35.0
3.0,1.0,2,weak_wide,10000.0,ci_lower,chp_operational,318,ILI_PMP,8,56.0
3.0,1.0,2,weak_wide,10000.0,ci_lower,chp_operational,318,ILI_AED,8,45.5
3.0,1.0,2,weak_wide,10000.0,ci_lower,chp_operational,318,ILI_CMP,8,52.5
3.0,1.0,2,weak_wide,10000.0,ci_lower,chp_operational,318,ILI_School,8,31.5
3.0,1.0,2,weak_wide,10000.0,ci_lower,chp_operational,318,ILI_NonSchool,8,10.5
3.0,1.0,2,weak_wide,10000.0,ci_lower,chp_operational,318,Fever_RCHE,6,-35.0
3.0,1.0,2,weak_wide,10000.0,ci_lower,chp_operational,318,Adm_All,8,45.5
3.0,1.0,2,weak_wide,10000.0,ci_lower,chp_operational,318,Adm_0_5,8,42.0
3.0,1.0,2,weak_wide,10000.0,ci_lower,chp_operational,318,Adm_6_11,8,28.0
3.0,1.0,2,weak_wide,10000.0,ci_lower,chp_operational,318,Adm_12_17,8,24.5
3.0,1.0,2,weak_wide,10000.0,ci_lower,chp_operational,318,Adm_18_49,8,45.5
3.0,1.0,2,weak_wide,10000.0,ci_lower,chp_operational,318,Adm_50_64,8,28.0
3.0,1.0,2,weak_wide,10000.0,ci_lower,chp_operational,318,Adm_65_higher,8,31.5
3.0,1.0,2,weak_wide,10000.0,ci_lower,data_derived,319,ILI_PMP,8,56.0
3.0,1.0,2,weak_wide,10000.0,ci_lower,data_derived,319,ILI_AED,8,45.5
3.0,1.0,2,weak_wide,10000.0,ci_lower,data_derived,319,ILI_CMP,8,52.5
3.0,1.0,2,weak_wide,10000.0,ci_lower,data_derived,319,ILI_School,8,31.5
3.0,1.0,2,weak_wide,10000.0,ci_lower,data_derived,319,ILI_NonSchool,8,10.5
3.0,1.0,2,weak_wide,10000.0,ci_lower,data_derived,319,Fever_RCHE,6,-31.5
3.0,1.0,2,weak_wide,10000.0,ci_lower,data_derived,319,Adm_All,8,45.5
3.0,1.0,2,weak_wide,10000.0,ci_lower,data_derived,319,Adm_0_5,8,42.0
3.0,1.0,2,weak_wide,10000.0,ci_lower,data_derived,319,Adm_6_11,8,31.5
3.0,1.0,2,weak_wide,10000.0,ci_lower,data_derived,319,Adm_12_17,8,28.0
3.0,1.0,2,weak_wide,10000.0,ci_lower,data_derived,319,Adm_18_49,8,45.5
3.0,1.0,2,weak_wide,10000.0,ci_lower,data_derived,319,Adm_50_64,8,28.0
3.0,1.0,2,weak_wide,10000.0,ci_lower,data_derived,319,Adm_65_higher,8,31.5
3.0,1.0,2,weak_wide,100000.0,posterior_mean,chp_operational,320,ILI_PMP,8,56.0
3.0,1.0,2,weak_wide,100000.0,posterior_mean,chp_operational,320,ILI_AED,8,45.5
3.0,1.0,2,weak_wide,100000.0,posterior_mean,chp_operational,320,ILI_CMP,8,52.5
3.0,1.0,2,weak_wide,100000.0,posterior_mean,chp_operational,320,ILI_School,8,38.5
3.0,1.0,2,weak_wide,100000.0,posterior_mean,chp_operational,320,ILI_NonSchool,8,42.0
3.0,1.0,2,weak_wide,100000.0,posterior_mean,chp_operational,320,Fever_RCHE,8,52.5
3.0,1.0,2,weak_wide,100000.0,posterior_mean,chp_operational,320,Adm_All,8,56.0
3.0,1.0,2,weak_wide,100000.0,posterior_mean,chp_operational,320,Adm_0_5,8,56.0
3.0,1.0,2,weak_wide,100000.0,posterior_mean,chp_operational,320,Adm_6_11,8,52.5
3.0,1.0,2,weak_wide,100000.0,posterior_mean,chp_operational,320,Adm_12_17,8,56.0
3.0,1.0,2,weak_wide,100000.0,posterior_mean,chp_operational,320,Adm_18_49,8,45.5
3.0,1.0,2,weak_wide,100000.0,posterior_mean,chp_operational,320,Adm_50_64,8,42.0
3.0,1.0,2,weak_wide,100000.0,posterior_mean,chp_operational,320,Adm_65_higher,8,31.5
3.0,1.0,2,weak_wide,100000.0,posterior_mean,data_derived,321,ILI_PMP,8,56.0
3.0,1.0,2,weak_wide,100000.0,posterior_mean,data_derived,321,ILI_AED,8,45.5
3.0,1.0,2,weak_wide,100000.0,posterior_mean,data_derived,321,ILI_CMP,8,52.5
3.0,1.0,2,weak_wide,100000.0,posterior_mean,data_derived,321,ILI_School,8,38.5
3.0,1.0,2,weak_wide,100000.0,posterior_mean,data_derived,321,ILI_NonSchool,8,45.5
3.0,1.0,2,weak_wide,100000.0,posterior_mean,data_derived,321,Fever_RCHE,8,52.5
3.0,1.0,2,weak_wide,100000.0,posterior_mean,data_derived,321,Adm_All,8,56.0
3.0,1.0,2,weak_wide,100000.0,posterior_mean,data_derived,321,Adm_0_5,8,56.0
3.0,1.0,2,weak_wide,100000.0,posterior_mean,data_derived,321,Adm_6_11,8,52.5
3.0,1.0,2,weak_wide,100000.0,posterior_mean,data_derived,321,Adm_12_17,8,56.0
3.0,1.0,2,weak_wide,100000.0,posterior_mean,data_derived,321,Adm_18_49,8,45.5
3.0,1.0,2,weak_wide,100000.0,posterior_mean,data_derived,321,Adm_50_64,8,42.0
3.0,1.0,2,weak_wide,100000.0,posterior_mean,data_derived,321,Adm_65_higher,8,31.5
3.0,1.0,2,weak_wide,100000.0,ci_lower,chp_operational,322,ILI_PMP,8,56.0
3.0,1.0,2,weak_wide,100000.0,ci_lower,chp_operational,322,ILI_AED,8,45.5
3.0,1.0,2,weak_wide,100000.0,ci_lower,chp_operational,322,ILI_CMP,8,52.5
3.0,1.0,2,weak_wide,100000.0,ci_lower,chp_operational,322,ILI_School,8,31.5
3.0,1.0,2,weak_wide,100000.0,ci_lower,chp_operational,322,ILI_NonSchool,8,10.5
3.0,1.0,2,weak_wide,100000.0,ci_lower,chp_operational,322,Fever_RCHE,8,24.5
3.0,1.0,2,weak_wide,100000.0,ci_lower,chp_operational,322,Adm_All,8,45.5
3.0,1.0,2,weak_wide,100000.0,ci_lower,chp_operational,322,Adm_0_5,8,42.0
3.0,1.0,2,weak_wide,100000.0,ci_lower,chp_operational,322,Adm_6_11,8,28.0
3.0,1.0,2,weak_wide,100000.0,ci_lower,chp_operational,322,Adm_12_17,8,24.5
3.0,1.0,2,weak_wide,100000.0,ci_lower,chp_operational,322,Adm_18_49,8,45.5
3.0,1.0,2,weak_wide,100000.0,ci_lower,chp_operational,322,Adm_50_64,8,28.0
3.0,1.0,2,weak_wide,100000.0,ci_lower,chp_operational,322,Adm_65_higher,8,31.5
3.0,1.0,2,weak_wide,100000.0,ci_lower,data_derived,323,ILI_PMP,8,56.0
3.0,1.0,2,weak_wide,100000.0,ci_lower,data_derived,323,ILI_AED,8,45.5
3.0,1.0,2,weak_wide,100000.0,ci_lower,data_derived,323,ILI_CMP,8,52.5
3.0,1.0,2,weak_wide,100000.0,ci_lower,data_derived,323,ILI_School,8,31.5
3.0,1.0,2,weak_wide,100000.0,ci_lower,data_derived,323,ILI_NonSchool,8,10.5
3.0,1.0,2,weak_wide,100000.0,ci_lower,data_derived,323,Fever_RCHE,8,28.0
3.0,1.0,2,weak_wide,100000.0,ci_lower,data_derived,323,Adm_All,8,45.5
3.0,1.0,2,weak_wide,100000.0,ci_lower,data_derived,323,Adm_0_5,8,42.0
3.0,1.0,2,weak_wide,100000.0,ci_lower,data_derived,323,Adm_6_11,8,31.5
3.0,1.0,2,weak_wide,100000.0,ci_lower,data_derived,323,Adm_12_17,8,28.0
3.0,1.0,2,weak_wide,100000.0,ci_lower,data_derived,323,Adm_18_49,8,45.5
3.0,1.0,2,weak_wide,100000.0,ci_lower,data_derived,323,Adm_50_64,8,28.0
3.0,1.0,2,weak_wide,100000.0,ci_lower,data_derived,323,Adm_65_higher,8,31.5
3.0,1.0,3,v7,1000.0,posterior_mean,chp_operational,324,ILI_PMP,8,49.0
3.0,1.0,3,v7,1000.0,posterior_mean,chp_operational,324,ILI_AED,8,38.5
3.0,1.0,3,v7,1000.0,posterior_mean,chp_operational,324,ILI_CMP,8,45.5
3.0,1.0,3,v7,1000.0,posterior_mean,chp_operational,324,ILI_School,8,31.5
3.0,1.0,3,v7,1000.0,posterior_mean,chp_operational,324,ILI_NonSchool,8,10.5
3.0,1.0,3,v7,1000.0,posterior_mean,chp_operational,324,Fever_RCHE,0,
3.0,1.0,3,v7,1000.0,posterior_mean,chp_operational,324,Adm_All,8,35.0
3.0,1.0,3,v7,1000.0,posterior_mean,chp_operational,324,Adm_0_5,8,38.5
3.0,1.0,3,v7,1000.0,posterior_mean,chp_operational,324,Adm_6_11,8,24.5
3.0,1.0,3,v7,1000.0,posterior_mean,chp_operational,324,Adm_12_17,8,24.5
3.0,1.0,3,v7,1000.0,posterior_mean,chp_operational,324,Adm_18_49,8,7.0
3.0,1.0,3,v7,1000.0,posterior_mean,chp_operational,324,Adm_50_64,8,21.0
3.0,1.0,3,v7,1000.0,posterior_mean,chp_operational,324,Adm_65_higher,8,24.5
3.0,1.0,3,v7,1000.0,posterior_mean,data_derived,325,ILI_PMP,8,49.0
3.0,1.0,3,v7,1000.0,posterior_mean,data_derived,325,ILI_AED,8,38.5
3.0,1.0,3,v7,1000.0,posterior_mean,data_derived,325,ILI_CMP,8,45.5
3.0,1.0,3,v7,1000.0,posterior_mean,data_derived,325,ILI_School,8,31.5
3.0,1.0,3,v7,1000.0,posterior_mean,data_derived,325,ILI_NonSchool,8,10.5
3.0,1.0,3,v7,1000.0,posterior_mean,data_derived,325,Fever_RCHE,0,
3.0,1.0,3,v7,1000.0,posterior_mean,data_derived,325,Adm_All,8,35.0
3.0,1.0,3,v7,1000.0,posterior_mean,data_derived,325,Adm_0_5,8,38.5
3.0,1.0,3,v7,1000.0,posterior_mean,data_derived,325,Adm_6_11,8,24.5
3.0,1.0,3,v7,1000.0,posterior_mean,data_derived,325,Adm_12_17,8,24.5
3.0,1.0,3,v7,1000.0,posterior_mean,data_derived,325,Adm_18_49,8,7.0
3.0,1.0,3,v7,1000.0,posterior_mean,data_derived,325,Adm_50_64,8,21.0
3.0,1.0,3,v7,1000.0,posterior_mean,data_derived,325,Adm_65_higher,8,24.5
3.0,1.0,3,v7,1000.0,ci_lower,chp_operational,326,ILI_PMP,8,49.0
3.0,1.0,3,v7,1000.0,ci_lower,chp_operational,326,ILI_AED,8,38.5
3.0,1.0,3,v7,1000.0,ci_lower,chp_operational,326,ILI_CMP,8,31.5
3.0,1.0,3,v7,1000.0,ci_lower,chp_operational,326,ILI_School,8,31.5
3.0,1.0,3,v7,1000.0,ci_lower,chp_operational,326,ILI_NonSchool,8,10.5
3.0,1.0,3,v7,1000.0,ci_lower,chp_operational,326,Fever_RCHE,0,
3.0,1.0,3,v7,1000.0,ci_lower,chp_operational,326,Adm_All,8,14.0
3.0,1.0,3,v7,1000.0,ci_lower,chp_operational,326,Adm_0_5,8,31.5
3.0,1.0,3,v7,1000.0,ci_lower,chp_operational,326,Adm_6_11,8,24.5
3.0,1.0,3,v7,1000.0,ci_lower,chp_operational,326,Adm_12_17,8,24.5
3.0,1.0,3,v7,1000.0,ci_lower,chp_operational,326,Adm_18_49,8,3.5
3.0,1.0,3,v7,1000.0,ci_lower,chp_operational,326,Adm_50_64,8,10.5
3.0,1.0,3,v7,1000.0,ci_lower,chp_operational,326,Adm_65_higher,8,24.5
3.0,1.0,3,v7,1000.0,ci_lower,data_derived,327,ILI_PMP,8,49.0
3.0,1.0,3,v7,1000.0,ci_lower,data_derived,327,ILI_AED,8,38.5
3.0,1.0,3,v7,1000.0,ci_lower,data_derived,327,ILI_CMP,8,31.5
3.0,1.0,3,v7,1000.0,ci_lower,data_derived,327,ILI_School,8,31.5
3.0,1.0,3,v7,1000.0,ci_lower,data_derived,327,ILI_NonSchool,8,10.5
3.0,1.0,3,v7,1000.0,ci_lower,data_derived,327,Fever_RCHE,0,
3.0,1.0,3,v7,1000.0,ci_lower,data_derived,327,Adm_All,8,17.5
3.0,1.0,3,v7,1000.0,ci_lower,data_derived,327,Adm_0_5,8,31.5
3.0,1.0,3,v7,1000.0,ci_lower,data_derived,327,Adm_6_11,8,24.5
3.0,1.0,3,v7,1000.0,ci_lower,data_derived,327,Adm_12_17,8,24.5
3.0,1.0,3,v7,1000.0,ci_lower,data_derived,327,Adm_18_49,8,3.5
3.0,1.0,3,v7,1000.0,ci_lower,data_derived,327,Adm_50_64,8,10.5
3.0,1.0,3,v7,1000.0,ci_lower,data_derived,327,Adm_65_higher,8,24.5
3.0,1.0,3,v7,10000.0,posterior_mean,chp_operational,328,ILI_PMP,8,49.0
3.0,1.0,3,v7,10000.0,posterior_mean,chp_operational,328,ILI_AED,8,38.5
3.0,1.0,3,v7,10000.0,posterior_mean,chp_operational,328,ILI_CMP,8,45.5
3.0,1.0,3,v7,10000.0,posterior_mean,chp_operational,328,ILI_School,8,31.5
3.0,1.0,3,v7,10000.0,posterior_mean,chp_operational,328,ILI_NonSchool,8,10.5
3.0,1.0,3,v7,10000.0,posterior_mean,chp_operational,328,Fever_RCHE,8,7.0
3.0,1.0,3,v7,10000.0,posterior_mean,chp_operational,328,Adm_All,8,35.0
3.0,1.0,3,v7,10000.0,posterior_mean,chp_operational,328,Adm_0_5,8,38.5
3.0,1.0,3,v7,10000.0,posterior_mean,chp_operational,328,Adm_6_11,8,24.5
3.0,1.0,3,v7,10000.0,posterior_mean,chp_operational,328,Adm_12_17,8,24.5
3.0,1.0,3,v7,10000.0,posterior_mean,chp_operational,328,Adm_18_49,8,28.0
3.0,1.0,3,v7,10000.0,posterior_mean,chp_operational,328,Adm_50_64,8,21.0
3.0,1.0,3,v7,10000.0,posterior_mean,chp_operational,328,Adm_65_higher,8,24.5
3.0,1.0,3,v7,10000.0,posterior_mean,data_derived,329,ILI_PMP,8,49.0
3.0,1.0,3,v7,10000.0,posterior_mean,data_derived,329,ILI_AED,8,38.5
3.0,1.0,3,v7,10000.0,posterior_mean,data_derived,329,ILI_CMP,8,45.5
3.0,1.0,3,v7,10000.0,posterior_mean,data_derived,329,ILI_School,8,31.5
3.0,1.0,3,v7,10000.0,posterior_mean,data_derived,329,ILI_NonSchool,8,10.5
3.0,1.0,3,v7,10000.0,posterior_mean,data_derived,329,Fever_RCHE,8,10.5
3.0,1.0,3,v7,10000.0,posterior_mean,data_derived,329,Adm_All,8,35.0
3.0,1.0,3,v7,10000.0,posterior_mean,data_derived,329,Adm_0_5,8,38.5
3.0,1.0,3,v7,10000.0,posterior_mean,data_derived,329,Adm_6_11,8,24.5
3.0,1.0,3,v7,10000.0,posterior_mean,data_derived,329,Adm_12_17,8,24.5
3.0,1.0,3,v7,10000.0,posterior_mean,data_derived,329,Adm_18_49,8,28.0
3.0,1.0,3,v7,10000.0,posterior_mean,data_derived,329,Adm_50_64,8,21.0
3.0,1.0,3,v7,10000.0,posterior_mean,data_derived,329,Adm_65_higher,8,24.5
3.0,1.0,3,v7,10000.0,ci_lower,chp_operational,330,ILI_PMP,8,49.0
3.0,1.0,3,v7,10000.0,ci_lower,chp_operational,330,ILI_AED,8,38.5
3.0,1.0,3,v7,10000.0,ci_lower,chp_operational,330,ILI_CMP,8,45.5
3.0,1.0,3,v7,10000.0,ci_lower,chp_operational,330,ILI_School,8,31.5
3.0,1.0,3,v7,10000.0,ci_lower,chp_operational,330,ILI_NonSchool,8,10.5
3.0,1.0,3,v7,10000.0,ci_lower,chp_operational,330,Fever_RCHE,0,
3.0,1.0,3,v7,10000.0,ci_lower,chp_operational,330,Adm_All,8,24.5
3.0,1.0,3,v7,10000.0,ci_lower,chp_operational,330,Adm_0_5,8,38.5
3.0,1.0,3,v7,10000.0,ci_lower,chp_operational,330,Adm_6_11,8,24.5
3.0,1.0,3,v7,10000.0,ci_lower,chp_operational,330,Adm_12_17,8,24.5
3.0,1.0,3,v7,10000.0,ci_lower,chp_operational,330,Adm_18_49,8,24.5
3.0,1.0,3,v7,10000.0,ci_lower,chp_operational,330,Adm_50_64,8,21.0
3.0,1.0,3,v7,10000.0,ci_lower,chp_operational,330,Adm_65_higher,8,24.5
3.0,1.0,3,v7,10000.0,ci_lower,data_derived,331,ILI_PMP,8,49.0
3.0,1.0,3,v7,10000.0,ci_lower,data_derived,331,ILI_AED,8,38.5
3.0,1.0,3,v7,10000.0,ci_lower,data_derived,331,ILI_CMP,8,45.5
3.0,1.0,3,v7,10000.0,ci_lower,data_derived,331,ILI_School,8,31.5
3.0,1.0,3,v7,10000.0,ci_lower,data_derived,331,ILI_NonSchool,8,10.5
3.0,1.0,3,v7,10000.0,ci_lower,data_derived,331,Fever_RCHE,0,
3.0,1.0,3,v7,10000.0,ci_lower,data_derived,331,Adm_All,8,24.5
3.0,1.0,3,v7,10000.0,ci_lower,data_derived,331,Adm_0_5,8,38.5
3.0,1.0,3,v7,10000.0,ci_lower,data_derived,331,Adm_6_11,8,24.5
3.0,1.0,3,v7,10000.0,ci_lower,data_derived,331,Adm_12_17,8,24.5
3.0,1.0,3,v7,10000.0,ci_lower,data_derived,331,Adm_18_49,8,24.5
3.0,1.0,3,v7,10000.0,ci_lower,data_derived,331,Adm_50_64,8,21.0
3.0,1.0,3,v7,10000.0,ci_lower,data_derived,331,Adm_65_higher,8,24.5
3.0,1.0,3,v7,100000.0,posterior_mean,chp_operational,332,ILI_PMP,8,49.0
3.0,1.0,3,v7,100000.0,posterior_mean,chp_operational,332,ILI_AED,8,38.5
3.0,1.0,3,v7,100000.0,posterior_mean,chp_operational,332,ILI_CMP,8,45.5
3.0,1.0,3,v7,100000.0,posterior_mean,chp_operational,332,ILI_School,8,31.5
3.0,1.0,3,v7,100000.0,posterior_mean,chp_operational,332,ILI_NonSchool,8,10.5
3.0,1.0,3,v7,100000.0,posterior_mean,chp_operational,332,Fever_RCHE,8,49.0
3.0,1.0,3,v7,100000.0,posterior_mean,chp_operational,332,Adm_All,8,35.0
3.0,1.0,3,v7,100000.0,posterior_mean,chp_operational,332,Adm_0_5,8,38.5
3.0,1.0,3,v7,100000.0,posterior_mean,chp_operational,332,Adm_6_11,8,28.0
3.0,1.0,3,v7,100000.0,posterior_mean,chp_operational,332,Adm_12_17,8,24.5
3.0,1.0,3,v7,100000.0,posterior_mean,chp_operational,332,Adm_18_49,8,28.0
3.0,1.0,3,v7,100000.0,posterior_mean,chp_operational,332,Adm_50_64,8,21.0
3.0,1.0,3,v7,100000.0,posterior_mean,chp_operational,332,Adm_65_higher,8,24.5
3.0,1.0,3,v7,100000.0,posterior_mean,data_derived,333,ILI_PMP,8,49.0
3.0,1.0,3,v7,100000.0,posterior_mean,data_derived,333,ILI_AED,8,38.5
3.0,1.0,3,v7,100000.0,posterior_mean,data_derived,333,ILI_CMP,8,45.5
3.0,1.0,3,v7,100000.0,posterior_mean,data_derived,333,ILI_School,8,31.5
3.0,1.0,3,v7,100000.0,posterior_mean,data_derived,333,ILI_NonSchool,8,10.5
3.0,1.0,3,v7,100000.0,posterior_mean,data_derived,333,Fever_RCHE,8,49.0
3.0,1.0,3,v7,100000.0,posterior_mean,data_derived,333,Adm_All,8,35.0
3.0,1.0,3,v7,100000.0,posterior_mean,data_derived,333,Adm_0_5,8,38.5
3.0,1.0,3,v7,100000.0,posterior_mean,data_derived,333,Adm_6_11,8,28.0
3.0,1.0,3,v7,100000.0,posterior_mean,data_derived,333,Adm_12_17,8,28.0
3.0,1.0,3,v7,100000.0,posterior_mean,data_derived,333,Adm_18_49,8,28.0
3.0,1.0,3,v7,100000.0,posterior_mean,data_derived,333,Adm_50_64,8,21.0
3.0,1.0,3,v7,100000.0,posterior_mean,data_derived,333,Adm_65_higher,8,24.5
3.0,1.0,3,v7,100000.0,ci_lower,chp_operational,334,ILI_PMP,8,49.0
3.0,1.0,3,v7,100000.0,ci_lower,chp_operational,334,ILI_AED,8,38.5
3.0,1.0,3,v7,100000.0,ci_lower,chp_operational,334,ILI_CMP,8,45.5
3.0,1.0,3,v7,100000.0,ci_lower,chp_operational,334,ILI_School,8,31.5
3.0,1.0,3,v7,100000.0,ci_lower,chp_operational,334,ILI_NonSchool,8,10.5
3.0,1.0,3,v7,100000.0,ci_lower,chp_operational,334,Fever_RCHE,8,7.0
3.0,1.0,3,v7,100000.0,ci_lower,chp_operational,334,Adm_All,8,35.0
3.0,1.0,3,v7,100000.0,ci_lower,chp_operational,334,Adm_0_5,8,38.5
3.0,1.0,3,v7,100000.0,ci_lower,chp_operational,334,Adm_6_11,8,24.5
3.0,1.0,3,v7,100000.0,ci_lower,chp_operational,334,Adm_12_17,8,24.5
3.0,1.0,3,v7,100000.0,ci_lower,chp_operational,334,Adm_18_49,8,28.0
3.0,1.0,3,v7,100000.0,ci_lower,chp_operational,334,Adm_50_64,8,21.0
3.0,1.0,3,v7,100000.0,ci_lower,chp_operational,334,Adm_65_higher,8,24.5
3.0,1.0,3,v7,100000.0,ci_lower,data_derived,335,ILI_PMP,8,49.0
3.0,1.0,3,v7,100000.0,ci_lower,data_derived,335,ILI_AED,8,38.5
3.0,1.0,3,v7,100000.0,ci_lower,data_derived,335,ILI_CMP,8,45.5
3.0,1.0,3,v7,100000.0,ci_lower,data_derived,335,ILI_School,8,31.5
3.0,1.0,3,v7,100000.0,ci_lower,data_derived,335,ILI_NonSchool,8,10.5
3.0,1.0,3,v7,100000.0,ci_lower,data_derived,335,Fever_RCHE,8,10.5
3.0,1.0,3,v7,100000.0,ci_lower,data_derived,335,Adm_All,8,35.0
3.0,1.0,3,v7,100000.0,ci_lower,data_derived,335,Adm_0_5,8,38.5
3.0,1.0,3,v7,100000.0,ci_lower,data_derived,335,Adm_6_11,8,24.5
3.0,1.0,3,v7,100000.0,ci_lower,data_derived,335,Adm_12_17,8,24.5
3.0,1.0,3,v7,100000.0,ci_lower,data_derived,335,Adm_18_49,8,28.0
3.0,1.0,3,v7,100000.0,ci_lower,data_derived,335,Adm_50_64,8,21.0
3.0,1.0,3,v7,100000.0,ci_lower,data_derived,335,Adm_65_higher,8,24.5
3.0,1.0,3,vague,1000.0,posterior_mean,chp_operational,336,ILI_PMP,8,49.0
3.0,1.0,3,vague,1000.0,posterior_mean,chp_operational,336,ILI_AED,8,38.5
3.0,1.0,3,vague,1000.0,posterior_mean,chp_operational,336,ILI_CMP,6,-45.5
3.0,1.0,3,vague,1000.0,posterior_mean,chp_operational,336,ILI_School,8,31.5
3.0,1.0,3,vague,1000.0,posterior_mean,chp_operational,336,ILI_NonSchool,8,10.5
3.0,1.0,3,vague,1000.0,posterior_mean,chp_operational,336,Fever_RCHE,0,
3.0,1.0,3,vague,1000.0,posterior_mean,chp_operational,336,Adm_All,2,-70.0
3.0,1.0,3,vague,1000.0,posterior_mean,chp_operational,336,Adm_0_5,8,-14.0
3.0,1.0,3,vague,1000.0,posterior_mean,chp_operational,336,Adm_6_11,5,-35.0
3.0,1.0,3,vague,1000.0,posterior_mean,chp_operational,336,Adm_12_17,0,
3.0,1.0,3,vague,1000.0,posterior_mean,chp_operational,336,Adm_18_49,0,
3.0,1.0,3,vague,1000.0,posterior_mean,chp_operational,336,Adm_50_64,0,
3.0,1.0,3,vague,1000.0,posterior_mean,chp_operational,336,Adm_65_higher,6,-24.5
3.0,1.0,3,vague,1000.0,posterior_mean,data_derived,337,ILI_PMP,8,49.0
3.0,1.0,3,vague,1000.0,posterior_mean,data_derived,337,ILI_AED,8,38.5
3.0,1.0,3,vague,1000.0,posterior_mean,data_derived,337,ILI_CMP,6,-42.0
3.0,1.0,3,vague,1000.0,posterior_mean,data_derived,337,ILI_School,8,31.5
3.0,1.0,3,vague,1000.0,posterior_mean,data_derived,337,ILI_NonSchool,8,10.5
3.0,1.0,3,vague,1000.0,posterior_mean,data_derived,337,Fever_RCHE,0,
3.0,1.0,3,vague,1000.0,posterior_mean,data_derived,337,Adm_All,2,-66.5
3.0,1.0,3,vague,1000.0,posterior_mean,data_derived,337,Adm_0_5,8,-10.5
3.0,1.0,3,vague,1000.0,posterior_mean,data_derived,337,Adm_6_11,5,-35.0
3.0,1.0,3,vague,1000.0,posterior_mean,data_derived,337,Adm_12_17,0,
3.0,1.0,3,vague,1000.0,posterior_mean,data_derived,337,Adm_18_49,0,
3.0,1.0,3,vague,1000.0,posterior_mean,data_derived,337,Adm_50_64,0,
3.0,1.0,3,vague,1000.0,posterior_mean,data_derived,337,Adm_65_higher,6,-24.5
3.0,1.0,3,vague,1000.0,ci_lower,chp_operational,338,ILI_PMP,8,49.0
3.0,1.0,3,vague,1000.0,ci_lower,chp_operational,338,ILI_AED,8,28.0
3.0,1.0,3,vague,1000.0,ci_lower,chp_operational,338,ILI_CMP,4,-10.5
3.0,1.0,3,vague,1000.0,ci_lower,chp_operational,338,ILI_School,8,28.0
3.0,1.0,3,vague,1000.0,ci_lower,chp_operational,338,ILI_NonSchool,8,-14.0
3.0,1.0,3,vague,1000.0,ci_lower,chp_operational,338,Fever_RCHE,0,
3.0,1.0,3,vague,1000.0,ci_lower,chp_operational,338,Adm_All,1,-98.0
3.0,1.0,3,vague,1000.0,ci_lower,chp_operational,338,Adm_0_5,7,-14.0
3.0,1.0,3,vague,1000.0,ci_lower,chp_operational,338,Adm_6_11,4,-59.5
3.0,1.0,3,vague,1000.0,ci_lower,chp_operational,338,Adm_12_17,0,
3.0,1.0,3,vague,1000.0,ci_lower,chp_operational,338,Adm_18_49,0,
3.0,1.0,3,vague,1000.0,ci_lower,chp_operational,338,Adm_50_64,0,
3.0,1.0,3,vague,1000.0,ci_lower,chp_operational,338,Adm_65_higher,6,-24.5
3.0,1.0,3,vague,1000.0,ci_lower,data_derived,339,ILI_PMP,8,49.0
3.0,1.0,3,vague,1000.0,ci_lower,data_derived,339,ILI_AED,8,28.0
3.0,1.0,3,vague,1000.0,ci_lower,data_derived,339,ILI_CMP,4,-7.0
3.0,1.0,3,vague,1000.0,ci_lower,data_derived,339,ILI_School,8,31.5
3.0,1.0,3,vague,1000.0,ci_lower,data_derived,339,ILI_NonSchool,8,-10.5
3.0,1.0,3,vague,1000.0,ci_lower,data_derived,339,Fever_RCHE,0,
3.0,1.0,3,vague,1000.0,ci_lower,data_derived,339,Adm_All,1,-91.0
3.0,1.0,3,vague,1000.0,ci_lower,data_derived,339,Adm_0_5,7,-7.0
3.0,1.0,3,vague,1000.0,ci_lower,data_derived,339,Adm_6_11,4,-56.0
3.0,1.0,3,vague,1000.0,ci_lower,data_derived,339,Adm_12_17,0,
3.0,1.0,3,vague,1000.0,ci_lower,data_derived,339,Adm_18_49,0,
3.0,1.0,3,vague,1000.0,ci_lower,data_derived,339,Adm_50_64,0,
3.0,1.0,3,vague,1000.0,ci_lower,data_derived,339,Adm_65_higher,6,-24.5
3.0,1.0,3,vague,10000.0,posterior_mean,chp_operational,340,ILI_PMP,8,49.0
3.0,1.0,3,vague,10000.0,posterior_mean,chp_operational,340,ILI_AED,8,38.5
3.0,1.0,3,vague,10000.0,posterior_mean,chp_operational,340,ILI_CMP,8,31.5
3.0,1.0,3,vague,10000.0,posterior_mean,chp_operational,340,ILI_School,8,31.5
3.0,1.0,3,vague,10000.0,posterior_mean,chp_operational,340,ILI_NonSchool,8,10.5
3.0,1.0,3,vague,10000.0,posterior_mean,chp_operational,340,Fever_RCHE,0,
3.0,1.0,3,vague,10000.0,posterior_mean,chp_operational,340,Adm_All,8,-10.5
3.0,1.0,3,vague,10000.0,posterior_mean,chp_operational,340,Adm_0_5,8,21.0
3.0,1.0,3,vague,10000.0,posterior_mean,chp_operational,340,Adm_6_11,8,10.5
3.0,1.0,3,vague,10000.0,posterior_mean,chp_operational,340,Adm_12_17,8,-17.5
3.0,1.0,3,vague,10000.0,posterior_mean,chp_operational,340,Adm_18_49,7,-28.0
3.0,1.0,3,vague,10000.0,posterior_mean,chp_operational,340,Adm_50_64,8,-17.5
3.0,1.0,3,vague,10000.0,posterior_mean,chp_operational,340,Adm_65_higher,8,-3.5
3.0,1.0,3,vague,10000.0,posterior_mean,data_derived,341,ILI_PMP,8,49.0
3.0,1.0,3,vague,10000.0,posterior_mean,data_derived,341,ILI_AED,8,38.5
3.0,1.0,3,vague,10000.0,posterior_mean,data_derived,341,ILI_CMP,8,31.5
3.0,1.0,3,vague,10000.0,posterior_mean,data_derived,341,ILI_School,8,31.5
3.0,1.0,3,vague,10000.0,posterior_mean,data_derived,341,ILI_NonSchool,8,10.5
3.0,1.0,3,vague,10000.0,posterior_mean,data_derived,341,Fever_RCHE,0,
3.0,1.0,3,vague,10000.0,posterior_mean,data_derived,341,Adm_All,8,-7.0
3.0,1.0,3,vague,10000.0,posterior_mean,data_derived,341,Adm_0_5,8,21.0
3.0,1.0,3,vague,10000.0,posterior_mean,data_derived,341,Adm_6_11,8,14.0
3.0,1.0,3,vague,10000.0,posterior_mean,data_derived,341,Adm_12_17,8,-14.0
3.0,1.0,3,vague,10000.0,posterior_mean,data_derived,341,Adm_18_49,7,-28.0
3.0,1.0,3,vague,10000.0,posterior_mean,data_derived,341,Adm_50_64,8,-14.0
3.0,1.0,3,vague,10000.0,posterior_mean,data_derived,341,Adm_65_higher,8,0.0
3.0,1.0,3,vague,10000.0,ci_lower,chp_operational,342,ILI_PMP,8,49.0
3.0,1.0,3,vague,10000.0,ci_lower,chp_operational,342,ILI_AED,8,38.5
3.0,1.0,3,vague,10000.0,ci_lower,chp_operational,342,ILI_CMP,8,31.5
3.0,1.0,3,vague,10000.0,ci_lower,chp_operational,342,ILI_School,8,31.5
3.0,1.0,3,vague,10000.0,ci_lower,chp_operational,342,ILI_NonSchool,8,10.5
3.0,1.0,3,vague,10000.0,ci_lower,chp_operational,342,Fever_RCHE,0,
3.0,1.0,3,vague,10000.0,ci_lower,chp_operational,342,Adm_All,8,-10.5
3.0,1.0,3,vague,10000.0,ci_lower,chp_operational,342,Adm_0_5,8,21.0
3.0,1.0,3,vague,10000.0,ci_lower,chp_operational,342,Adm_6_11,8,10.5
3.0,1.0,3,vague,10000.0,ci_lower,chp_operational,342,Adm_12_17,8,-17.5
3.0,1.0,3,vague,10000.0,ci_lower,chp_operational,342,Adm_18_49,6,-31.5
3.0,1.0,3,vague,10000.0,ci_lower,chp_operational,342,Adm_50_64,8,-17.5
3.0,1.0,3,vague,10000.0,ci_lower,chp_operational,342,Adm_65_higher,8,-3.5
3.0,1.0,3,vague,10000.0,ci_lower,data_derived,343,ILI_PMP,8,49.0
3.0,1.0,3,vague,10000.0,ci_lower,data_derived,343,ILI_AED,8,38.5
3.0,1.0,3,vague,10000.0,ci_lower,data_derived,343,ILI_CMP,8,31.5
3.0,1.0,3,vague,10000.0,ci_lower,data_derived,343,ILI_School,8,31.5
3.0,1.0,3,vague,10000.0,ci_lower,data_derived,343,ILI_NonSchool,8,10.5
3.0,1.0,3,vague,10000.0,ci_lower,data_derived,343,Fever_RCHE,0,
3.0,1.0,3,vague,10000.0,ci_lower,data_derived,343,Adm_All,8,-7.0
3.0,1.0,3,vague,10000.0,ci_lower,data_derived,343,Adm_0_5,8,21.0
3.0,1.0,3,vague,10000.0,ci_lower,data_derived,343,Adm_6_11,8,14.0
3.0,1.0,3,vague,10000.0,ci_lower,data_derived,343,Adm_12_17,8,-14.0
3.0,1.0,3,vague,10000.0,ci_lower,data_derived,343,Adm_18_49,6,-28.0
3.0,1.0,3,vague,10000.0,ci_lower,data_derived,343,Adm_50_64,8,-14.0
3.0,1.0,3,vague,10000.0,ci_lower,data_derived,343,Adm_65_higher,8,0.0
3.0,1.0,3,vague,100000.0,posterior_mean,chp_operational,344,ILI_PMP,8,49.0
3.0,1.0,3,vague,100000.0,posterior_mean,chp_operational,344,ILI_AED,8,38.5
3.0,1.0,3,vague,100000.0,posterior_mean,chp_operational,344,ILI_CMP,8,45.5
3.0,1.0,3,vague,100000.0,posterior_mean,chp_operational,344,ILI_School,8,31.5
3.0,1.0,3,vague,100000.0,posterior_mean,chp_operational,344,ILI_NonSchool,8,10.5
3.0,1.0,3,vague,100000.0,posterior_mean,chp_operational,344,Fever_RCHE,0,
3.0,1.0,3,vague,100000.0,posterior_mean,chp_operational,344,Adm_All,8,17.5
3.0,1.0,3,vague,100000.0,posterior_mean,chp_operational,344,Adm_0_5,8,38.5
3.0,1.0,3,vague,100000.0,posterior_mean,chp_operational,344,Adm_6_11,8,24.5
3.0,1.0,3,vague,100000.0,posterior_mean,chp_operational,344,Adm_12_17,8,24.5
3.0,1.0,3,vague,100000.0,posterior_mean,chp_operational,344,Adm_18_49,8,3.5
3.0,1.0,3,vague,100000.0,posterior_mean,chp_operational,344,Adm_50_64,8,10.5
3.0,1.0,3,vague,100000.0,posterior_mean,chp_operational,344,Adm_65_higher,8,24.5
3.0,1.0,3,vague,100000.0,posterior_mean,data_derived,345,ILI_PMP,8,49.0
3.0,1.0,3,vague,100000.0,posterior_mean,data_derived,345,ILI_AED,8,38.5
3.0,1.0,3,vague,100000.0,posterior_mean,data_derived,345,ILI_CMP,8,45.5
3.0,1.0,3,vague,100000.0,posterior_mean,data_derived,345,ILI_School,8,31.5
3.0,1.0,3,vague,100000.0,posterior_mean,data_derived,345,ILI_NonSchool,8,10.5
3.0,1.0,3,vague,100000.0,posterior_mean,data_derived,345,Fever_RCHE,0,
3.0,1.0,3,vague,100000.0,posterior_mean,data_derived,345,Adm_All,8,17.5
3.0,1.0,3,vague,100000.0,posterior_mean,data_derived,345,Adm_0_5,8,38.5
3.0,1.0,3,vague,100000.0,posterior_mean,data_derived,345,Adm_6_11,8,24.5
3.0,1.0,3,vague,100000.0,posterior_mean,data_derived,345,Adm_12_17,8,24.5
3.0,1.0,3,vague,100000.0,posterior_mean,data_derived,345,Adm_18_49,8,3.5
3.0,1.0,3,vague,100000.0,posterior_mean,data_derived,345,Adm_50_64,8,10.5
3.0,1.0,3,vague,100000.0,posterior_mean,data_derived,345,Adm_65_higher,8,24.5
3.0,1.0,3,vague,100000.0,ci_lower,chp_operational,346,ILI_PMP,8,49.0
3.0,1.0,3,vague,100000.0,ci_lower,chp_operational,346,ILI_AED,8,38.5
3.0,1.0,3,vague,100000.0,ci_lower,chp_operational,346,ILI_CMP,8,45.5
3.0,1.0,3,vague,100000.0,ci_lower,chp_operational,346,ILI_School,8,31.5
3.0,1.0,3,vague,100000.0,ci_lower,chp_operational,346,ILI_NonSchool,8,10.5
3.0,1.0,3,vague,100000.0,ci_lower,chp_operational,346,Fever_RCHE,0,
3.0,1.0,3,vague,100000.0,ci_lower,chp_operational,346,Adm_All,8,17.5
3.0,1.0,3,vague,100000.0,ci_lower,chp_operational,346,Adm_0_5,8,38.5
3.0,1.0,3,vague,100000.0,ci_lower,chp_operational,346,Adm_6_11,8,24.5
3.0,1.0,3,vague,100000.0,ci_lower,chp_operational,346,Adm_12_17,8,24.5
3.0,1.0,3,vague,100000.0,ci_lower,chp_operational,346,Adm_18_49,8,3.5
3.0,1.0,3,vague,100000.0,ci_lower,chp_operational,346,Adm_50_64,8,10.5
3.0,1.0,3,vague,100000.0,ci_lower,chp_operational,346,Adm_65_higher,8,24.5
3.0,1.0,3,vague,100000.0,ci_lower,data_derived,347,ILI_PMP,8,49.0
3.0,1.0,3,vague,100000.0,ci_lower,data_derived,347,ILI_AED,8,38.5
3.0,1.0,3,vague,100000.0,ci_lower,data_derived,347,ILI_CMP,8,45.5
3.0,1.0,3,vague,100000.0,ci_lower,data_derived,347,ILI_School,8,31.5
3.0,1.0,3,vague,100000.0,ci_lower,data_derived,347,ILI_NonSchool,8,10.5
3.0,1.0,3,vague,100000.0,ci_lower,data_derived,347,Fever_RCHE,0,
3.0,1.0,3,vague,100000.0,ci_lower,data_derived,347,Adm_All,8,17.5
3.0,1.0,3,vague,100000.0,ci_lower,data_derived,347,Adm_0_5,8,38.5
3.0,1.0,3,vague,100000.0,ci_lower,data_derived,347,Adm_6_11,8,24.5
3.0,1.0,3,vague,100000.0,ci_lower,data_derived,347,Adm_12_17,8,24.5
3.0,1.0,3,vague,100000.0,ci_lower,data_derived,347,Adm_18_49,8,3.5
3.0,1.0,3,vague,100000.0,ci_lower,data_derived,347,Adm_50_64,8,10.5
3.0,1.0,3,vague,100000.0,ci_lower,data_derived,347,Adm_65_higher,8,24.5
3.0,1.0,3,weak_wide,1000.0,posterior_mean,chp_operational,348,ILI_PMP,8,49.0
3.0,1.0,3,weak_wide,1000.0,posterior_mean,chp_operational,348,ILI_AED,8,38.5
3.0,1.0,3,weak_wide,1000.0,posterior_mean,chp_operational,348,ILI_CMP,8,45.5
3.0,1.0,3,weak_wide,1000.0,posterior_mean,chp_operational,348,ILI_School,8,31.5
3.0,1.0,3,weak_wide,1000.0,posterior_mean,chp_operational,348,ILI_NonSchool,8,28.0
3.0,1.0,3,weak_wide,1000.0,posterior_mean,chp_operational,348,Fever_RCHE,8,49.0
3.0,1.0,3,weak_wide,1000.0,posterior_mean,chp_operational,348,Adm_All,8,35.0
3.0,1.0,3,weak_wide,1000.0,posterior_mean,chp_operational,348,Adm_0_5,8,38.5
3.0,1.0,3,weak_wide,1000.0,posterior_mean,chp_operational,348,Adm_6_11,8,49.0
3.0,1.0,3,weak_wide,1000.0,posterior_mean,chp_operational,348,Adm_12_17,8,49.0
3.0,1.0,3,weak_wide,1000.0,posterior_mean,chp_operational,348,Adm_18_49,8,42.0
3.0,1.0,3,weak_wide,1000.0,posterior_mean,chp_operational,348,Adm_50_64,8,42.0
3.0,1.0,3,weak_wide,1000.0,posterior_mean,chp_operational,348,Adm_65_higher,8,28.0
3.0,1.0,3,weak_wide,1000.0,posterior_mean,data_derived,349,ILI_PMP,8,49.0
3.0,1.0,3,weak_wide,1000.0,posterior_mean,data_derived,349,ILI_AED,8,38.5
3.0,1.0,3,weak_wide,1000.0,posterior_mean,data_derived,349,ILI_CMP,8,45.5
3.0,1.0,3,weak_wide,1000.0,posterior_mean,data_derived,349,ILI_School,8,31.5
3.0,1.0,3,weak_wide,1000.0,posterior_mean,data_derived,349,ILI_NonSchool,8,28.0
3.0,1.0,3,weak_wide,1000.0,posterior_mean,data_derived,349,Fever_RCHE,8,49.0
3.0,1.0,3,weak_wide,1000.0,posterior_mean,data_derived,349,Adm_All,8,35.0
3.0,1.0,3,weak_wide,1000.0,posterior_mean,data_derived,349,Adm_0_5,8,38.5
3.0,1.0,3,weak_wide,1000.0,posterior_mean,data_derived,349,Adm_6_11,8,49.0
3.0,1.0,3,weak_wide,1000.0,posterior_mean,data_derived,349,Adm_12_17,8,49.0
3.0,1.0,3,weak_wide,1000.0,posterior_mean,data_derived,349,Adm_18_49,8,42.0
3.0,1.0,3,weak_wide,1000.0,posterior_mean,data_derived,349,Adm_50_64,8,42.0
3.0,1.0,3,weak_wide,1000.0,posterior_mean,data_derived,349,Adm_65_higher,8,28.0
3.0,1.0,3,weak_wide,1000.0,ci_lower,chp_operational,350,ILI_PMP,8,49.0
3.0,1.0,3,weak_wide,1000.0,ci_lower,chp_operational,350,ILI_AED,8,38.5
3.0,1.0,3,weak_wide,1000.0,ci_lower,chp_operational,350,ILI_CMP,8,31.5
3.0,1.0,3,weak_wide,1000.0,ci_lower,chp_operational,350,ILI_School,8,31.5
3.0,1.0,3,weak_wide,1000.0,ci_lower,chp_operational,350,ILI_NonSchool,8,10.5
3.0,1.0,3,weak_wide,1000.0,ci_lower,chp_operational,350,Fever_RCHE,0,
3.0,1.0,3,weak_wide,1000.0,ci_lower,chp_operational,350,Adm_All,8,17.5
3.0,1.0,3,weak_wide,1000.0,ci_lower,chp_operational,350,Adm_0_5,8,31.5
3.0,1.0,3,weak_wide,1000.0,ci_lower,chp_operational,350,Adm_6_11,8,24.5
3.0,1.0,3,weak_wide,1000.0,ci_lower,chp_operational,350,Adm_12_17,8,24.5
3.0,1.0,3,weak_wide,1000.0,ci_lower,chp_operational,350,Adm_18_49,8,10.5
3.0,1.0,3,weak_wide,1000.0,ci_lower,chp_operational,350,Adm_50_64,8,21.0
3.0,1.0,3,weak_wide,1000.0,ci_lower,chp_operational,350,Adm_65_higher,8,24.5
3.0,1.0,3,weak_wide,1000.0,ci_lower,data_derived,351,ILI_PMP,8,49.0
3.0,1.0,3,weak_wide,1000.0,ci_lower,data_derived,351,ILI_AED,8,38.5
3.0,1.0,3,weak_wide,1000.0,ci_lower,data_derived,351,ILI_CMP,8,31.5
3.0,1.0,3,weak_wide,1000.0,ci_lower,data_derived,351,ILI_School,8,31.5
3.0,1.0,3,weak_wide,1000.0,ci_lower,data_derived,351,ILI_NonSchool,8,10.5
3.0,1.0,3,weak_wide,1000.0,ci_lower,data_derived,351,Fever_RCHE,0,
3.0,1.0,3,weak_wide,1000.0,ci_lower,data_derived,351,Adm_All,8,21.0
3.0,1.0,3,weak_wide,1000.0,ci_lower,data_derived,351,Adm_0_5,8,31.5
3.0,1.0,3,weak_wide,1000.0,ci_lower,data_derived,351,Adm_6_11,8,24.5
3.0,1.0,3,weak_wide,1000.0,ci_lower,data_derived,351,Adm_12_17,8,24.5
3.0,1.0,3,weak_wide,1000.0,ci_lower,data_derived,351,Adm_18_49,8,10.5
3.0,1.0,3,weak_wide,1000.0,ci_lower,data_derived,351,Adm_50_64,8,21.0
3.0,1.0,3,weak_wide,1000.0,ci_lower,data_derived,351,Adm_65_higher,8,24.5
3.0,1.0,3,weak_wide,10000.0,posterior_mean,chp_operational,352,ILI_PMP,8,49.0
3.0,1.0,3,weak_wide,10000.0,posterior_mean,chp_operational,352,ILI_AED,8,38.5
3.0,1.0,3,weak_wide,10000.0,posterior_mean,chp_operational,352,ILI_CMP,8,45.5
3.0,1.0,3,weak_wide,10000.0,posterior_mean,chp_operational,352,ILI_School,8,31.5
3.0,1.0,3,weak_wide,10000.0,posterior_mean,chp_operational,352,ILI_NonSchool,8,28.0
3.0,1.0,3,weak_wide,10000.0,posterior_mean,chp_operational,352,Fever_RCHE,8,49.0
3.0,1.0,3,weak_wide,10000.0,posterior_mean,chp_operational,352,Adm_All,8,35.0
3.0,1.0,3,weak_wide,10000.0,posterior_mean,chp_operational,352,Adm_0_5,8,38.5
3.0,1.0,3,weak_wide,10000.0,posterior_mean,chp_operational,352,Adm_6_11,8,49.0
3.0,1.0,3,weak_wide,10000.0,posterior_mean,chp_operational,352,Adm_12_17,8,49.0
3.0,1.0,3,weak_wide,10000.0,posterior_mean,chp_operational,352,Adm_18_49,8,42.0
3.0,1.0,3,weak_wide,10000.0,posterior_mean,chp_operational,352,Adm_50_64,8,42.0
3.0,1.0,3,weak_wide,10000.0,posterior_mean,chp_operational,352,Adm_65_higher,8,28.0
3.0,1.0,3,weak_wide,10000.0,posterior_mean,data_derived,353,ILI_PMP,8,49.0
3.0,1.0,3,weak_wide,10000.0,posterior_mean,data_derived,353,ILI_AED,8,38.5
3.0,1.0,3,weak_wide,10000.0,posterior_mean,data_derived,353,ILI_CMP,8,45.5
3.0,1.0,3,weak_wide,10000.0,posterior_mean,data_derived,353,ILI_School,8,31.5
3.0,1.0,3,weak_wide,10000.0,posterior_mean,data_derived,353,ILI_NonSchool,8,28.0
3.0,1.0,3,weak_wide,10000.0,posterior_mean,data_derived,353,Fever_RCHE,8,49.0
3.0,1.0,3,weak_wide,10000.0,posterior_mean,data_derived,353,Adm_All,8,35.0
3.0,1.0,3,weak_wide,10000.0,posterior_mean,data_derived,353,Adm_0_5,8,38.5
3.0,1.0,3,weak_wide,10000.0,posterior_mean,data_derived,353,Adm_6_11,8,49.0
3.0,1.0,3,weak_wide,10000.0,posterior_mean,data_derived,353,Adm_12_17,8,49.0
3.0,1.0,3,weak_wide,10000.0,posterior_mean,data_derived,353,Adm_18_49,8,42.0
3.0,1.0,3,weak_wide,10000.0,posterior_mean,data_derived,353,Adm_50_64,8,42.0
3.0,1.0,3,weak_wide,10000.0,posterior_mean,data_derived,353,Adm_65_higher,8,28.0
3.0,1.0,3,weak_wide,10000.0,ci_lower,chp_operational,354,ILI_PMP,8,49.0
3.0,1.0,3,weak_wide,10000.0,ci_lower,chp_operational,354,ILI_AED,8,38.5
3.0,1.0,3,weak_wide,10000.0,ci_lower,chp_operational,354,ILI_CMP,8,45.5
3.0,1.0,3,weak_wide,10000.0,ci_lower,chp_operational,354,ILI_School,8,31.5
3.0,1.0,3,weak_wide,10000.0,ci_lower,chp_operational,354,ILI_NonSchool,8,10.5
3.0,1.0,3,weak_wide,10000.0,ci_lower,chp_operational,354,Fever_RCHE,2,-7.0
3.0,1.0,3,weak_wide,10000.0,ci_lower,chp_operational,354,Adm_All,8,24.5
3.0,1.0,3,weak_wide,10000.0,ci_lower,chp_operational,354,Adm_0_5,8,38.5
3.0,1.0,3,weak_wide,10000.0,ci_lower,chp_operational,354,Adm_6_11,8,24.5
3.0,1.0,3,weak_wide,10000.0,ci_lower,chp_operational,354,Adm_12_17,8,24.5
3.0,1.0,3,weak_wide,10000.0,ci_lower,chp_operational,354,Adm_18_49,8,28.0
3.0,1.0,3,weak_wide,10000.0,ci_lower,chp_operational,354,Adm_50_64,8,21.0
3.0,1.0,3,weak_wide,10000.0,ci_lower,chp_operational,354,Adm_65_higher,8,24.5
3.0,1.0,3,weak_wide,10000.0,ci_lower,data_derived,355,ILI_PMP,8,49.0
3.0,1.0,3,weak_wide,10000.0,ci_lower,data_derived,355,ILI_AED,8,38.5
3.0,1.0,3,weak_wide,10000.0,ci_lower,data_derived,355,ILI_CMP,8,45.5
3.0,1.0,3,weak_wide,10000.0,ci_lower,data_derived,355,ILI_School,8,31.5
3.0,1.0,3,weak_wide,10000.0,ci_lower,data_derived,355,ILI_NonSchool,8,10.5
3.0,1.0,3,weak_wide,10000.0,ci_lower,data_derived,355,Fever_RCHE,2,-3.5
3.0,1.0,3,weak_wide,10000.0,ci_lower,data_derived,355,Adm_All,8,24.5
3.0,1.0,3,weak_wide,10000.0,ci_lower,data_derived,355,Adm_0_5,8,38.5
3.0,1.0,3,weak_wide,10000.0,ci_lower,data_derived,355,Adm_6_11,8,24.5
3.0,1.0,3,weak_wide,10000.0,ci_lower,data_derived,355,Adm_12_17,8,24.5
3.0,1.0,3,weak_wide,10000.0,ci_lower,data_derived,355,Adm_18_49,8,28.0
3.0,1.0,3,weak_wide,10000.0,ci_lower,data_derived,355,Adm_50_64,8,21.0
3.0,1.0,3,weak_wide,10000.0,ci_lower,data_derived,355,Adm_65_higher,8,24.5
3.0,1.0,3,weak_wide,100000.0,posterior_mean,chp_operational,356,ILI_PMP,8,49.0
3.0,1.0,3,weak_wide,100000.0,posterior_mean,chp_operational,356,ILI_AED,8,38.5
3.0,1.0,3,weak_wide,100000.0,posterior_mean,chp_operational,356,ILI_CMP,8,45.5
3.0,1.0,3,weak_wide,100000.0,posterior_mean,chp_operational,356,ILI_School,8,31.5
3.0,1.0,3,weak_wide,100000.0,posterior_mean,chp_operational,356,ILI_NonSchool,8,28.0
3.0,1.0,3,weak_wide,100000.0,posterior_mean,chp_operational,356,Fever_RCHE,8,49.0
3.0,1.0,3,weak_wide,100000.0,posterior_mean,chp_operational,356,Adm_All,8,35.0
3.0,1.0,3,weak_wide,100000.0,posterior_mean,chp_operational,356,Adm_0_5,8,38.5
3.0,1.0,3,weak_wide,100000.0,posterior_mean,chp_operational,356,Adm_6_11,8,45.5
3.0,1.0,3,weak_wide,100000.0,posterior_mean,chp_operational,356,Adm_12_17,8,49.0
3.0,1.0,3,weak_wide,100000.0,posterior_mean,chp_operational,356,Adm_18_49,8,42.0
3.0,1.0,3,weak_wide,100000.0,posterior_mean,chp_operational,356,Adm_50_64,8,38.5
3.0,1.0,3,weak_wide,100000.0,posterior_mean,chp_operational,356,Adm_65_higher,8,24.5
3.0,1.0,3,weak_wide,100000.0,posterior_mean,data_derived,357,ILI_PMP,8,49.0
3.0,1.0,3,weak_wide,100000.0,posterior_mean,data_derived,357,ILI_AED,8,38.5
3.0,1.0,3,weak_wide,100000.0,posterior_mean,data_derived,357,ILI_CMP,8,45.5
3.0,1.0,3,weak_wide,100000.0,posterior_mean,data_derived,357,ILI_School,8,31.5
3.0,1.0,3,weak_wide,100000.0,posterior_mean,data_derived,357,ILI_NonSchool,8,28.0
3.0,1.0,3,weak_wide,100000.0,posterior_mean,data_derived,357,Fever_RCHE,8,49.0
3.0,1.0,3,weak_wide,100000.0,posterior_mean,data_derived,357,Adm_All,8,35.0
3.0,1.0,3,weak_wide,100000.0,posterior_mean,data_derived,357,Adm_0_5,8,38.5
3.0,1.0,3,weak_wide,100000.0,posterior_mean,data_derived,357,Adm_6_11,8,45.5
3.0,1.0,3,weak_wide,100000.0,posterior_mean,data_derived,357,Adm_12_17,8,49.0
3.0,1.0,3,weak_wide,100000.0,posterior_mean,data_derived,357,Adm_18_49,8,42.0
3.0,1.0,3,weak_wide,100000.0,posterior_mean,data_derived,357,Adm_50_64,8,38.5
3.0,1.0,3,weak_wide,100000.0,posterior_mean,data_derived,357,Adm_65_higher,8,24.5
3.0,1.0,3,weak_wide,100000.0,ci_lower,chp_operational,358,ILI_PMP,8,49.0
3.0,1.0,3,weak_wide,100000.0,ci_lower,chp_operational,358,ILI_AED,8,38.5
3.0,1.0,3,weak_wide,100000.0,ci_lower,chp_operational,358,ILI_CMP,8,45.5
3.0,1.0,3,weak_wide,100000.0,ci_lower,chp_operational,358,ILI_School,8,31.5
3.0,1.0,3,weak_wide,100000.0,ci_lower,chp_operational,358,ILI_NonSchool,8,10.5
3.0,1.0,3,weak_wide,100000.0,ci_lower,chp_operational,358,Fever_RCHE,8,7.0
3.0,1.0,3,weak_wide,100000.0,ci_lower,chp_operational,358,Adm_All,8,35.0
3.0,1.0,3,weak_wide,100000.0,ci_lower,chp_operational,358,Adm_0_5,8,38.5
3.0,1.0,3,weak_wide,100000.0,ci_lower,chp_operational,358,Adm_6_11,8,24.5
3.0,1.0,3,weak_wide,100000.0,ci_lower,chp_operational,358,Adm_12_17,8,24.5
3.0,1.0,3,weak_wide,100000.0,ci_lower,chp_operational,358,Adm_18_49,8,28.0
3.0,1.0,3,weak_wide,100000.0,ci_lower,chp_operational,358,Adm_50_64,8,21.0
3.0,1.0,3,weak_wide,100000.0,ci_lower,chp_operational,358,Adm_65_higher,8,24.5
3.0,1.0,3,weak_wide,100000.0,ci_lower,data_derived,359,ILI_PMP,8,49.0
3.0,1.0,3,weak_wide,100000.0,ci_lower,data_derived,359,ILI_AED,8,38.5
3.0,1.0,3,weak_wide,100000.0,ci_lower,data_derived,359,ILI_CMP,8,45.5
3.0,1.0,3,weak_wide,100000.0,ci_lower,data_derived,359,ILI_School,8,31.5
3.0,1.0,3,weak_wide,100000.0,ci_lower,data_derived,359,ILI_NonSchool,8,10.5
3.0,1.0,3,weak_wide,100000.0,ci_lower,data_derived,359,Fever_RCHE,8,10.5
3.0,1.0,3,weak_wide,100000.0,ci_lower,data_derived,359,Adm_All,8,35.0
3.0,1.0,3,weak_wide,100000.0,ci_lower,data_derived,359,Adm_0_5,8,38.5
3.0,1.0,3,weak_wide,100000.0,ci_lower,data_derived,359,Adm_6_11,8,24.5
3.0,1.0,3,weak_wide,100000.0,ci_lower,data_derived,359,Adm_12_17,8,24.5
3.0,1.0,3,weak_wide,100000.0,ci_lower,data_derived,359,Adm_18_49,8,28.0
3.0,1.0,3,weak_wide,100000.0,ci_lower,data_derived,359,Adm_50_64,8,21.0
3.0,1.0,3,weak_wide,100000.0,ci_lower,data_derived,359,Adm_65_higher,8,24.5
3.0,1.0,4,v7,1000.0,posterior_mean,chp_operational,360,ILI_PMP,8,42.0
3.0,1.0,4,v7,1000.0,posterior_mean,chp_operational,360,ILI_AED,8,35.0
3.0,1.0,4,v7,1000.0,posterior_mean,chp_operational,360,ILI_CMP,8,38.5
3.0,1.0,4,v7,1000.0,posterior_mean,chp_operational,360,ILI_School,8,28.0
3.0,1.0,4,v7,1000.0,posterior_mean,chp_operational,360,ILI_NonSchool,8,10.5
3.0,1.0,4,v7,1000.0,posterior_mean,chp_operational,360,Fever_RCHE,0,
3.0,1.0,4,v7,1000.0,posterior_mean,chp_operational,360,Adm_All,8,28.0
3.0,1.0,4,v7,1000.0,posterior_mean,chp_operational,360,Adm_0_5,8,24.5
3.0,1.0,4,v7,1000.0,posterior_mean,chp_operational,360,Adm_6_11,8,24.5
3.0,1.0,4,v7,1000.0,posterior_mean,chp_operational,360,Adm_12_17,8,24.5
3.0,1.0,4,v7,1000.0,posterior_mean,chp_operational,360,Adm_18_49,8,21.0
3.0,1.0,4,v7,1000.0,posterior_mean,chp_operational,360,Adm_50_64,8,17.5
3.0,1.0,4,v7,1000.0,posterior_mean,chp_operational,360,Adm_65_higher,8,24.5
3.0,1.0,4,v7,1000.0,posterior_mean,data_derived,361,ILI_PMP,8,42.0
3.0,1.0,4,v7,1000.0,posterior_mean,data_derived,361,ILI_AED,8,35.0
3.0,1.0,4,v7,1000.0,posterior_mean,data_derived,361,ILI_CMP,8,38.5
3.0,1.0,4,v7,1000.0,posterior_mean,data_derived,361,ILI_School,8,28.0
3.0,1.0,4,v7,1000.0,posterior_mean,data_derived,361,ILI_NonSchool,8,10.5
3.0,1.0,4,v7,1000.0,posterior_mean,data_derived,361,Fever_RCHE,0,
3.0,1.0,4,v7,1000.0,posterior_mean,data_derived,361,Adm_All,8,28.0
3.0,1.0,4,v7,1000.0,posterior_mean,data_derived,361,Adm_0_5,8,24.5
3.0,1.0,4,v7,1000.0,posterior_mean,data_derived,361,Adm_6_11,8,24.5
3.0,1.0,4,v7,1000.0,posterior_mean,data_derived,361,Adm_12_17,8,24.5
3.0,1.0,4,v7,1000.0,posterior_mean,data_derived,361,Adm_18_49,8,21.0
3.0,1.0,4,v7,1000.0,posterior_mean,data_derived,361,Adm_50_64,8,17.5
3.0,1.0,4,v7,1000.0,posterior_mean,data_derived,361,Adm_65_higher,8,24.5
3.0,1.0,4,v7,1000.0,ci_lower,chp_operational,362,ILI_PMP,8,42.0
3.0,1.0,4,v7,1000.0,ci_lower,chp_operational,362,ILI_AED,8,35.0
3.0,1.0,4,v7,1000.0,ci_lower,chp_operational,362,ILI_CMP,8,35.0
3.0,1.0,4,v7,1000.0,ci_lower,chp_operational,362,ILI_School,8,28.0
3.0,1.0,4,v7,1000.0,ci_lower,chp_operational,362,ILI_NonSchool,8,10.5
3.0,1.0,4,v7,1000.0,ci_lower,chp_operational,362,Fever_RCHE,0,
3.0,1.0,4,v7,1000.0,ci_lower,chp_operational,362,Adm_All,8,14.0
3.0,1.0,4,v7,1000.0,ci_lower,chp_operational,362,Adm_0_5,8,24.5
3.0,1.0,4,v7,1000.0,ci_lower,chp_operational,362,Adm_6_11,8,24.5
3.0,1.0,4,v7,1000.0,ci_lower,chp_operational,362,Adm_12_17,8,24.5
3.0,1.0,4,v7,1000.0,ci_lower,chp_operational,362,Adm_18_49,8,-3.5
3.0,1.0,4,v7,1000.0,ci_lower,chp_operational,362,Adm_50_64,8,3.5
3.0,1.0,4,v7,1000.0,ci_lower,chp_operational,362,Adm_65_higher,8,21.0
3.0,1.0,4,v7,1000.0,ci_lower,data_derived,363,ILI_PMP,8,42.0
3.0,1.0,4,v7,1000.0,ci_lower,data_derived,363,ILI_AED,8,35.0
3.0,1.0,4,v7,1000.0,ci_lower,data_derived,363,ILI_CMP,8,35.0
3.0,1.0,4,v7,1000.0,ci_lower,data_derived,363,ILI_School,8,28.0
3.0,1.0,4,v7,1000.0,ci_lower,data_derived,363,ILI_NonSchool,8,10.5
3.0,1.0,4,v7,1000.0,ci_lower,data_derived,363,Fever_RCHE,0,
3.0,1.0,4,v7,1000.0,ci_lower,data_derived,363,Adm_All,8,17.5
3.0,1.0,4,v7,1000.0,ci_lower,data_derived,363,Adm_0_5,8,24.5
3.0,1.0,4,v7,1000.0,ci_lower,data_derived,363,Adm_6_11,8,24.5
3.0,1.0,4,v7,1000.0,ci_lower,data_derived,363,Adm_12_17,8,24.5
3.0,1.0,4,v7,1000.0,ci_lower,data_derived,363,Adm_18_49,8,-3.5
3.0,1.0,4,v7,1000.0,ci_lower,data_derived,363,Adm_50_64,8,7.0
3.0,1.0,4,v7,1000.0,ci_lower,data_derived,363,Adm_65_higher,8,21.0
3.0,1.0,4,v7,10000.0,posterior_mean,chp_operational,364,ILI_PMP,8,42.0
3.0,1.0,4,v7,10000.0,posterior_mean,chp_operational,364,ILI_AED,8,35.0
3.0,1.0,4,v7,10000.0,posterior_mean,chp_operational,364,ILI_CMP,8,38.5
3.0,1.0,4,v7,10000.0,posterior_mean,chp_operational,364,ILI_School,8,28.0
3.0,1.0,4,v7,10000.0,posterior_mean,chp_operational,364,ILI_NonSchool,8,10.5
3.0,1.0,4,v7,10000.0,posterior_mean,chp_operational,364,Fever_RCHE,8,-14.0
3.0,1.0,4,v7,10000.0,posterior_mean,chp_operational,364,Adm_All,8,35.0
3.0,1.0,4,v7,10000.0,posterior_mean,chp_operational,364,Adm_0_5,8,24.5
3.0,1.0,4,v7,10000.0,posterior_mean,chp_operational,364,Adm_6_11,8,24.5
3.0,1.0,4,v7,10000.0,posterior_mean,chp_operational,364,Adm_12_17,8,24.5
3.0,1.0,4,v7,10000.0,posterior_mean,chp_operational,364,Adm_18_49,8,35.0
3.0,1.0,4,v7,10000.0,posterior_mean,chp_operational,364,Adm_50_64,8,17.5
3.0,1.0,4,v7,10000.0,posterior_mean,chp_operational,364,Adm_65_higher,8,24.5
3.0,1.0,4,v7,10000.0,posterior_mean,data_derived,365,ILI_PMP,8,42.0
3.0,1.0,4,v7,10000.0,posterior_mean,data_derived,365,ILI_AED,8,35.0
3.0,1.0,4,v7,10000.0,posterior_mean,data_derived,365,ILI_CMP,8,38.5
3.0,1.0,4,v7,10000.0,posterior_mean,data_derived,365,ILI_School,8,28.0
3.0,1.0,4,v7,10000.0,posterior_mean,data_derived,365,ILI_NonSchool,8,10.5
3.0,1.0,4,v7,10000.0,posterior_mean,data_derived,365,Fever_RCHE,8,-14.0
3.0,1.0,4,v7,10000.0,posterior_mean,data_derived,365,Adm_All,8,35.0
3.0,1.0,4,v7,10000.0,posterior_mean,data_derived,365,Adm_0_5,8,24.5
3.0,1.0,4,v7,10000.0,posterior_mean,data_derived,365,Adm_6_11,8,24.5
3.0,1.0,4,v7,10000.0,posterior_mean,data_derived,365,Adm_12_17,8,24.5
3.0,1.0,4,v7,10000.0,posterior_mean,data_derived,365,Adm_18_49,8,35.0
3.0,1.0,4,v7,10000.0,posterior_mean,data_derived,365,Adm_50_64,8,17.5
3.0,1.0,4,v7,10000.0,posterior_mean,data_derived,365,Adm_65_higher,8,24.5
3.0,1.0,4,v7,10000.0,ci_lower,chp_operational,366,ILI_PMP,8,42.0
3.0,1.0,4,v7,10000.0,ci_lower,chp_operational,366,ILI_AED,8,35.0
3.0,1.0,4,v7,10000.0,ci_lower,chp_operational,366,ILI_CMP,8,35.0
3.0,1.0,4,v7,10000.0,ci_lower,chp_operational,366,ILI_School,8,28.0
3.0,1.0,4,v7,10000.0,ci_lower,chp_operational,366,ILI_NonSchool,8,10.5
3.0,1.0,4,v7,10000.0,ci_lower,chp_operational,366,Fever_RCHE,0,
3.0,1.0,4,v7,10000.0,ci_lower,chp_operational,366,Adm_All,8,31.5
3.0,1.0,4,v7,10000.0,ci_lower,chp_operational,366,Adm_0_5,8,24.5
3.0,1.0,4,v7,10000.0,ci_lower,chp_operational,366,Adm_6_11,8,24.5
3.0,1.0,4,v7,10000.0,ci_lower,chp_operational,366,Adm_12_17,8,24.5
3.0,1.0,4,v7,10000.0,ci_lower,chp_operational,366,Adm_18_49,8,35.0
3.0,1.0,4,v7,10000.0,ci_lower,chp_operational,366,Adm_50_64,8,17.5
3.0,1.0,4,v7,10000.0,ci_lower,chp_operational,366,Adm_65_higher,8,24.5
3.0,1.0,4,v7,10000.0,ci_lower,data_derived,367,ILI_PMP,8,42.0
3.0,1.0,4,v7,10000.0,ci_lower,data_derived,367,ILI_AED,8,35.0
3.0,1.0,4,v7,10000.0,ci_lower,data_derived,367,ILI_CMP,8,35.0
3.0,1.0,4,v7,10000.0,ci_lower,data_derived,367,ILI_School,8,28.0
3.0,1.0,4,v7,10000.0,ci_lower,data_derived,367,ILI_NonSchool,8,10.5
3.0,1.0,4,v7,10000.0,ci_lower,data_derived,367,Fever_RCHE,0,
3.0,1.0,4,v7,10000.0,ci_lower,data_derived,367,Adm_All,8,31.5
3.0,1.0,4,v7,10000.0,ci_lower,data_derived,367,Adm_0_5,8,24.5
3.0,1.0,4,v7,10000.0,ci_lower,data_derived,367,Adm_6_11,8,24.5
3.0,1.0,4,v7,10000.0,ci_lower,data_derived,367,Adm_12_17,8,24.5
3.0,1.0,4,v7,10000.0,ci_lower,data_derived,367,Adm_18_49,8,35.0
3.0,1.0,4,v7,10000.0,ci_lower,data_derived,367,Adm_50_64,8,17.5
3.0,1.0,4,v7,10000.0,ci_lower,data_derived,367,Adm_65_higher,8,24.5
3.0,1.0,4,v7,100000.0,posterior_mean,chp_operational,368,ILI_PMP,8,42.0
3.0,1.0,4,v7,100000.0,posterior_mean,chp_operational,368,ILI_AED,8,35.0
3.0,1.0,4,v7,100000.0,posterior_mean,chp_operational,368,ILI_CMP,8,38.5
3.0,1.0,4,v7,100000.0,posterior_mean,chp_operational,368,ILI_School,8,28.0
3.0,1.0,4,v7,100000.0,posterior_mean,chp_operational,368,ILI_NonSchool,8,10.5
3.0,1.0,4,v7,100000.0,posterior_mean,chp_operational,368,Fever_RCHE,8,38.5
3.0,1.0,4,v7,100000.0,posterior_mean,chp_operational,368,Adm_All,8,35.0
3.0,1.0,4,v7,100000.0,posterior_mean,chp_operational,368,Adm_0_5,8,24.5
3.0,1.0,4,v7,100000.0,posterior_mean,chp_operational,368,Adm_6_11,8,24.5
3.0,1.0,4,v7,100000.0,posterior_mean,chp_operational,368,Adm_12_17,8,24.5
3.0,1.0,4,v7,100000.0,posterior_mean,chp_operational,368,Adm_18_49,8,35.0
3.0,1.0,4,v7,100000.0,posterior_mean,chp_operational,368,Adm_50_64,8,17.5
3.0,1.0,4,v7,100000.0,posterior_mean,chp_operational,368,Adm_65_higher,8,24.5
3.0,1.0,4,v7,100000.0,posterior_mean,data_derived,369,ILI_PMP,8,42.0
3.0,1.0,4,v7,100000.0,posterior_mean,data_derived,369,ILI_AED,8,35.0
3.0,1.0,4,v7,100000.0,posterior_mean,data_derived,369,ILI_CMP,8,38.5
3.0,1.0,4,v7,100000.0,posterior_mean,data_derived,369,ILI_School,8,28.0
3.0,1.0,4,v7,100000.0,posterior_mean,data_derived,369,ILI_NonSchool,8,10.5
3.0,1.0,4,v7,100000.0,posterior_mean,data_derived,369,Fever_RCHE,8,38.5
3.0,1.0,4,v7,100000.0,posterior_mean,data_derived,369,Adm_All,8,35.0
3.0,1.0,4,v7,100000.0,posterior_mean,data_derived,369,Adm_0_5,8,24.5
3.0,1.0,4,v7,100000.0,posterior_mean,data_derived,369,Adm_6_11,8,24.5
3.0,1.0,4,v7,100000.0,posterior_mean,data_derived,369,Adm_12_17,8,24.5
3.0,1.0,4,v7,100000.0,posterior_mean,data_derived,369,Adm_18_49,8,35.0
3.0,1.0,4,v7,100000.0,posterior_mean,data_derived,369,Adm_50_64,8,17.5
3.0,1.0,4,v7,100000.0,posterior_mean,data_derived,369,Adm_65_higher,8,24.5
3.0,1.0,4,v7,100000.0,ci_lower,chp_operational,370,ILI_PMP,8,42.0
3.0,1.0,4,v7,100000.0,ci_lower,chp_operational,370,ILI_AED,8,35.0
3.0,1.0,4,v7,100000.0,ci_lower,chp_operational,370,ILI_CMP,8,38.5
3.0,1.0,4,v7,100000.0,ci_lower,chp_operational,370,ILI_School,8,28.0
3.0,1.0,4,v7,100000.0,ci_lower,chp_operational,370,ILI_NonSchool,8,10.5
3.0,1.0,4,v7,100000.0,ci_lower,chp_operational,370,Fever_RCHE,8,7.0
3.0,1.0,4,v7,100000.0,ci_lower,chp_operational,370,Adm_All,8,31.5
3.0,1.0,4,v7,100000.0,ci_lower,chp_operational,370,Adm_0_5,8,24.5
3.0,1.0,4,v7,100000.0,ci_lower,chp_operational,370,Adm_6_11,8,24.5
3.0,1.0,4,v7,100000.0,ci_lower,chp_operational,370,Adm_12_17,8,24.5
3.0,1.0,4,v7,100000.0,ci_lower,chp_operational,370,Adm_18_49,8,35.0
3.0,1.0,4,v7,100000.0,ci_lower,chp_operational,370,Adm_50_64,8,17.5
3.0,1.0,4,v7,100000.0,ci_lower,chp_operational,370,Adm_65_higher,8,24.5
3.0,1.0,4,v7,100000.0,ci_lower,data_derived,371,ILI_PMP,8,42.0
3.0,1.0,4,v7,100000.0,ci_lower,data_derived,371,ILI_AED,8,35.0
3.0,1.0,4,v7,100000.0,ci_lower,data_derived,371,ILI_CMP,8,38.5
3.0,1.0,4,v7,100000.0,ci_lower,data_derived,371,ILI_School,8,28.0
3.0,1.0,4,v7,100000.0,ci_lower,data_derived,371,ILI_NonSchool,8,10.5
3.0,1.0,4,v7,100000.0,ci_lower,data_derived,371,Fever_RCHE,8,7.0
3.0,1.0,4,v7,100000.0,ci_lower,data_derived,371,Adm_All,8,31.5
3.0,1.0,4,v7,100000.0,ci_lower,data_derived,371,Adm_0_5,8,24.5
3.0,1.0,4,v7,100000.0,ci_lower,data_derived,371,Adm_6_11,8,24.5
3.0,1.0,4,v7,100000.0,ci_lower,data_derived,371,Adm_12_17,8,24.5
3.0,1.0,4,v7,100000.0,ci_lower,data_derived,371,Adm_18_49,8,35.0
3.0,1.0,4,v7,100000.0,ci_lower,data_derived,371,Adm_50_64,8,17.5
3.0,1.0,4,v7,100000.0,ci_lower,data_derived,371,Adm_65_higher,8,24.5
3.0,1.0,4,vague,1000.0,posterior_mean,chp_operational,372,ILI_PMP,8,42.0
3.0,1.0,4,vague,1000.0,posterior_mean,chp_operational,372,ILI_AED,8,35.0
3.0,1.0,4,vague,1000.0,posterior_mean,chp_operational,372,ILI_CMP,6,-45.5
3.0,1.0,4,vague,1000.0,posterior_mean,chp_operational,372,ILI_School,8,28.0
3.0,1.0,4,vague,1000.0,posterior_mean,chp_operational,372,ILI_NonSchool,8,7.0
3.0,1.0,4,vague,1000.0,posterior_mean,chp_operational,372,Fever_RCHE,0,
3.0,1.0,4,vague,1000.0,posterior_mean,chp_operational,372,Adm_All,3,-35.0
3.0,1.0,4,vague,1000.0,posterior_mean,chp_operational,372,Adm_0_5,8,-14.0
3.0,1.0,4,vague,1000.0,posterior_mean,chp_operational,372,Adm_6_11,5,-42.0
3.0,1.0,4,vague,1000.0,posterior_mean,chp_operational,372,Adm_12_17,1,-308.0
3.0,1.0,4,vague,1000.0,posterior_mean,chp_operational,372,Adm_18_49,0,
3.0,1.0,4,vague,1000.0,posterior_mean,chp_operational,372,Adm_50_64,0,
3.0,1.0,4,vague,1000.0,posterior_mean,chp_operational,372,Adm_65_higher,6,-24.5
3.0,1.0,4,vague,1000.0,posterior_mean,data_derived,373,ILI_PMP,8,42.0
3.0,1.0,4,vague,1000.0,posterior_mean,data_derived,373,ILI_AED,8,35.0
3.0,1.0,4,vague,1000.0,posterior_mean,data_derived,373,ILI_CMP,6,-45.5
3.0,1.0,4,vague,1000.0,posterior_mean,data_derived,373,ILI_School,8,28.0
3.0,1.0,4,vague,1000.0,posterior_mean,data_derived,373,ILI_NonSchool,8,7.0
3.0,1.0,4,vague,1000.0,posterior_mean,data_derived,373,Fever_RCHE,0,
3.0,1.0,4,vague,1000.0,posterior_mean,data_derived,373,Adm_All,3,-35.0
3.0,1.0,4,vague,1000.0,posterior_mean,data_derived,373,Adm_0_5,8,-10.5
3.0,1.0,4,vague,1000.0,posterior_mean,data_derived,373,Adm_6_11,5,-35.0
3.0,1.0,4,vague,1000.0,posterior_mean,data_derived,373,Adm_12_17,1,-301.0
3.0,1.0,4,vague,1000.0,posterior_mean,data_derived,373,Adm_18_49,0,
3.0,1.0,4,vague,1000.0,posterior_mean,data_derived,373,Adm_50_64,0,
3.0,1.0,4,vague,1000.0,posterior_mean,data_derived,373,Adm_65_higher,6,-24.5
3.0,1.0,4,vague,1000.0,ci_lower,chp_operational,374,ILI_PMP,8,42.0
3.0,1.0,4,vague,1000.0,ci_lower,chp_operational,374,ILI_AED,8,28.0
3.0,1.0,4,vague,1000.0,ci_lower,chp_operational,374,ILI_CMP,6,-45.5
3.0,1.0,4,vague,1000.0,ci_lower,chp_operational,374,ILI_School,8,21.0
3.0,1.0,4,vague,1000.0,ci_lower,chp_operational,374,ILI_NonSchool,8,-10.5
3.0,1.0,4,vague,1000.0,ci_lower,chp_operational,374,Fever_RCHE,0,
3.0,1.0,4,vague,1000.0,ci_lower,chp_operational,374,Adm_All,2,-66.5
3.0,1.0,4,vague,1000.0,ci_lower,chp_operational,374,Adm_0_5,7,-14.0
3.0,1.0,4,vague,1000.0,ci_lower,chp_operational,374,Adm_6_11,5,-42.0
3.0,1.0,4,vague,1000.0,ci_lower,chp_operational,374,Adm_12_17,0,
3.0,1.0,4,vague,1000.0,ci_lower,chp_operational,374,Adm_18_49,0,
3.0,1.0,4,vague,1000.0,ci_lower,chp_operational,374,Adm_50_64,0,
3.0,1.0,4,vague,1000.0,ci_lower,chp_operational,374,Adm_65_higher,6,-24.5
3.0,1.0,4,vague,1000.0,ci_lower,data_derived,375,ILI_PMP,8,42.0
3.0,1.0,4,vague,1000.0,ci_lower,data_derived,375,ILI_AED,8,28.0
3.0,1.0,4,vague,1000.0,ci_lower,data_derived,375,ILI_CMP,6,-45.5
3.0,1.0,4,vague,1000.0,ci_lower,data_derived,375,ILI_School,8,21.0
3.0,1.0,4,vague,1000.0,ci_lower,data_derived,375,ILI_NonSchool,8,-10.5
3.0,1.0,4,vague,1000.0,ci_lower,data_derived,375,Fever_RCHE,0,
3.0,1.0,4,vague,1000.0,ci_lower,data_derived,375,Adm_All,2,-63.0
3.0,1.0,4,vague,1000.0,ci_lower,data_derived,375,Adm_0_5,7,-7.0
3.0,1.0,4,vague,1000.0,ci_lower,data_derived,375,Adm_6_11,5,-35.0
3.0,1.0,4,vague,1000.0,ci_lower,data_derived,375,Adm_12_17,0,
3.0,1.0,4,vague,1000.0,ci_lower,data_derived,375,Adm_18_49,0,
3.0,1.0,4,vague,1000.0,ci_lower,data_derived,375,Adm_50_64,0,
3.0,1.0,4,vague,1000.0,ci_lower,data_derived,375,Adm_65_higher,6,-24.5
3.0,1.0,4,vague,10000.0,posterior_mean,chp_operational,376,ILI_PMP,8,42.0
3.0,1.0,4,vague,10000.0,posterior_mean,chp_operational,376,ILI_AED,8,35.0
3.0,1.0,4,vague,10000.0,posterior_mean,chp_operational,376,ILI_CMP,8,35.0
3.0,1.0,4,vague,10000.0,posterior_mean,chp_operational,376,ILI_School,8,28.0
3.0,1.0,4,vague,10000.0,posterior_mean,chp_operational,376,ILI_NonSchool,8,10.5
3.0,1.0,4,vague,10000.0,posterior_mean,chp_operational,376,Fever_RCHE,0,
3.0,1.0,4,vague,10000.0,posterior_mean,chp_operational,376,Adm_All,8,-10.5
3.0,1.0,4,vague,10000.0,posterior_mean,chp_operational,376,Adm_0_5,8,14.0
3.0,1.0,4,vague,10000.0,posterior_mean,chp_operational,376,Adm_6_11,8,10.5
3.0,1.0,4,vague,10000.0,posterior_mean,chp_operational,376,Adm_12_17,8,-17.5
3.0,1.0,4,vague,10000.0,posterior_mean,chp_operational,376,Adm_18_49,7,-28.0
3.0,1.0,4,vague,10000.0,posterior_mean,chp_operational,376,Adm_50_64,8,-17.5
3.0,1.0,4,vague,10000.0,posterior_mean,chp_operational,376,Adm_65_higher,8,-3.5
3.0,1.0,4,vague,10000.0,posterior_mean,data_derived,377,ILI_PMP,8,42.0
3.0,1.0,4,vague,10000.0,posterior_mean,data_derived,377,ILI_AED,8,35.0
3.0,1.0,4,vague,10000.0,posterior_mean,data_derived,377,ILI_CMP,8,35.0
3.0,1.0,4,vague,10000.0,posterior_mean,data_derived,377,ILI_School,8,28.0
3.0,1.0,4,vague,10000.0,posterior_mean,data_derived,377,ILI_NonSchool,8,10.5
3.0,1.0,4,vague,10000.0,posterior_mean,data_derived,377,Fever_RCHE,0,
3.0,1.0,4,vague,10000.0,posterior_mean,data_derived,377,Adm_All,8,-7.0
3.0,1.0,4,vague,10000.0,posterior_mean,data_derived,377,Adm_0_5,8,17.5
3.0,1.0,4,vague,10000.0,posterior_mean,data_derived,377,Adm_6_11,8,14.0
3.0,1.0,4,vague,10000.0,posterior_mean,data_derived,377,Adm_12_17,8,-14.0
3.0,1.0,4,vague,10000.0,posterior_mean,data_derived,377,Adm_18_49,7,-21.0
3.0,1.0,4,vague,10000.0,posterior_mean,data_derived,377,Adm_50_64,8,-14.0
3.0,1.0,4,vague,10000.0,posterior_mean,data_derived,377,Adm_65_higher,8,0.0
3.0,1.0,4,vague,10000.0,ci_lower,chp_operational,378,ILI_PMP,8,42.0
3.0,1.0,4,vague,10000.0,ci_lower,chp_operational,378,ILI_AED,8,35.0
3.0,1.0,4,vague,10000.0,ci_lower,chp_operational,378,ILI_CMP,8,35.0
3.0,1.0,4,vague,10000.0,ci_lower,chp_operational,378,ILI_School,8,28.0
3.0,1.0,4,vague,10000.0,ci_lower,chp_operational,378,ILI_NonSchool,8,10.5
3.0,1.0,4,vague,10000.0,ci_lower,chp_operational,378,Fever_RCHE,0,
3.0,1.0,4,vague,10000.0,ci_lower,chp_operational,378,Adm_All,8,-10.5
3.0,1.0,4,vague,10000.0,ci_lower,chp_operational,378,Adm_0_5,8,10.5
3.0,1.0,4,vague,10000.0,ci_lower,chp_operational,378,Adm_6_11,8,10.5
3.0,1.0,4,vague,10000.0,ci_lower,chp_operational,378,Adm_12_17,8,-17.5
3.0,1.0,4,vague,10000.0,ci_lower,chp_operational,378,Adm_18_49,7,-28.0
3.0,1.0,4,vague,10000.0,ci_lower,chp_operational,378,Adm_50_64,8,-17.5
3.0,1.0,4,vague,10000.0,ci_lower,chp_operational,378,Adm_65_higher,8,-3.5
3.0,1.0,4,vague,10000.0,ci_lower,data_derived,379,ILI_PMP,8,42.0
3.0,1.0,4,vague,10000.0,ci_lower,data_derived,379,ILI_AED,8,35.0
3.0,1.0,4,vague,10000.0,ci_lower,data_derived,379,ILI_CMP,8,35.0
3.0,1.0,4,vague,10000.0,ci_lower,data_derived,379,ILI_School,8,28.0
3.0,1.0,4,vague,10000.0,ci_lower,data_derived,379,ILI_NonSchool,8,10.5
3.0,1.0,4,vague,10000.0,ci_lower,data_derived,379,Fever_RCHE,0,
3.0,1.0,4,vague,10000.0,ci_lower,data_derived,379,Adm_All,8,-7.0
3.0,1.0,4,vague,10000.0,ci_lower,data_derived,379,Adm_0_5,8,10.5
3.0,1.0,4,vague,10000.0,ci_lower,data_derived,379,Adm_6_11,8,14.0
3.0,1.0,4,vague,10000.0,ci_lower,data_derived,379,Adm_12_17,8,-14.0
3.0,1.0,4,vague,10000.0,ci_lower,data_derived,379,Adm_18_49,7,-28.0
3.0,1.0,4,vague,10000.0,ci_lower,data_derived,379,Adm_50_64,8,-14.0
3.0,1.0,4,vague,10000.0,ci_lower,data_derived,379,Adm_65_higher,8,0.0
3.0,1.0,4,vague,100000.0,posterior_mean,chp_operational,380,ILI_PMP,8,42.0
3.0,1.0,4,vague,100000.0,posterior_mean,chp_operational,380,ILI_AED,8,35.0
3.0,1.0,4,vague,100000.0,posterior_mean,chp_operational,380,ILI_CMP,8,38.5
3.0,1.0,4,vague,100000.0,posterior_mean,chp_operational,380,ILI_School,8,28.0
3.0,1.0,4,vague,100000.0,posterior_mean,chp_operational,380,ILI_NonSchool,8,10.5
3.0,1.0,4,vague,100000.0,posterior_mean,chp_operational,380,Fever_RCHE,0,
3.0,1.0,4,vague,100000.0,posterior_mean,chp_operational,380,Adm_All,8,28.0
3.0,1.0,4,vague,100000.0,posterior_mean,chp_operational,380,Adm_0_5,8,24.5
3.0,1.0,4,vague,100000.0,posterior_mean,chp_operational,380,Adm_6_11,8,24.5
3.0,1.0,4,vague,100000.0,posterior_mean,chp_operational,380,Adm_12_17,8,24.5
3.0,1.0,4,vague,100000.0,posterior_mean,chp_operational,380,Adm_18_49,8,3.5
3.0,1.0,4,vague,100000.0,posterior_mean,chp_operational,380,Adm_50_64,8,10.5
3.0,1.0,4,vague,100000.0,posterior_mean,chp_operational,380,Adm_65_higher,8,24.5
3.0,1.0,4,vague,100000.0,posterior_mean,data_derived,381,ILI_PMP,8,42.0
3.0,1.0,4,vague,100000.0,posterior_mean,data_derived,381,ILI_AED,8,35.0
3.0,1.0,4,vague,100000.0,posterior_mean,data_derived,381,ILI_CMP,8,38.5
3.0,1.0,4,vague,100000.0,posterior_mean,data_derived,381,ILI_School,8,28.0
3.0,1.0,4,vague,100000.0,posterior_mean,data_derived,381,ILI_NonSchool,8,10.5
3.0,1.0,4,vague,100000.0,posterior_mean,data_derived,381,Fever_RCHE,0,
3.0,1.0,4,vague,100000.0,posterior_mean,data_derived,381,Adm_All,8,28.0
3.0,1.0,4,vague,100000.0,posterior_mean,data_derived,381,Adm_0_5,8,24.5
3.0,1.0,4,vague,100000.0,posterior_mean,data_derived,381,Adm_6_11,8,24.5
3.0,1.0,4,vague,100000.0,posterior_mean,data_derived,381,Adm_12_17,8,24.5
3.0,1.0,4,vague,100000.0,posterior_mean,data_derived,381,Adm_18_49,8,7.0
3.0,1.0,4,vague,100000.0,posterior_mean,data_derived,381,Adm_50_64,8,10.5
3.0,1.0,4,vague,100000.0,posterior_mean,data_derived,381,Adm_65_higher,8,24.5
3.0,1.0,4,vague,100000.0,ci_lower,chp_operational,382,ILI_PMP,8,42.0
3.0,1.0,4,vague,100000.0,ci_lower,chp_operational,382,ILI_AED,8,35.0
3.0,1.0,4,vague,100000.0,ci_lower,chp_operational,382,ILI_CMP,8,35.0
3.0,1.0,4,vague,100000.0,ci_lower,chp_operational,382,ILI_School,8,28.0
3.0,1.0,4,vague,100000.0,ci_lower,chp_operational,382,ILI_NonSchool,8,10.5
3.0,1.0,4,vague,100000.0,ci_lower,chp_operational,382,Fever_RCHE,0,
3.0,1.0,4,vague,100000.0,ci_lower,chp_operational,382,Adm_All,8,21.0
3.0,1.0,4,vague,100000.0,ci_lower,chp_operational,382,Adm_0_5,8,24.5
3.0,1.0,4,vague,100000.0,ci_lower,chp_operational,382,Adm_6_11,8,24.5
3.0,1.0,4,vague,100000.0,ci_lower,chp_operational,382,Adm_12_17,8,24.5
3.0,1.0,4,vague,100000.0,ci_lower,chp_operational,382,Adm_18_49,8,3.5
3.0,1.0,4,vague,100000.0,ci_lower,chp_operational,382,Adm_50_64,8,10.5
3.0,1.0,4,vague,100000.0,ci_lower,chp_operational,382,Adm_65_higher,8,24.5
3.0,1.0,4,vague,100000.0,ci_lower,data_derived,383,ILI_PMP,8,42.0
3.0,1.0,4,vague,100000.0,ci_lower,data_derived,383,ILI_AED,8,35.0
3.0,1.0,4,vague,100000.0,ci_lower,data_derived,383,ILI_CMP,8,35.0
3.0,1.0,4,vague,100000.0,ci_lower,data_derived,383,ILI_School,8,28.0
3.0,1.0,4,vague,100000.0,ci_lower,data_derived,383,ILI_NonSchool,8,10.5
3.0,1.0,4,vague,100000.0,ci_lower,data_derived,383,Fever_RCHE,0,
3.0,1.0,4,vague,100000.0,ci_lower,data_derived,383,Adm_All,8,21.0
3.0,1.0,4,vague,100000.0,ci_lower,data_derived,383,Adm_0_5,8,24.5
3.0,1.0,4,vague,100000.0,ci_lower,data_derived,383,Adm_6_11,8,24.5
3.0,1.0,4,vague,100000.0,ci_lower,data_derived,383,Adm_12_17,8,24.5
3.0,1.0,4,vague,100000.0,ci_lower,data_derived,383,Adm_18_49,8,7.0
3.0,1.0,4,vague,100000.0,ci_lower,data_derived,383,Adm_50_64,8,10.5
3.0,1.0,4,vague,100000.0,ci_lower,data_derived,383,Adm_65_higher,8,24.5
3.0,1.0,4,weak_wide,1000.0,posterior_mean,chp_operational,384,ILI_PMP,8,42.0
3.0,1.0,4,weak_wide,1000.0,posterior_mean,chp_operational,384,ILI_AED,8,35.0
3.0,1.0,4,weak_wide,1000.0,posterior_mean,chp_operational,384,ILI_CMP,8,38.5
3.0,1.0,4,weak_wide,1000.0,posterior_mean,chp_operational,384,ILI_School,8,28.0
3.0,1.0,4,weak_wide,1000.0,posterior_mean,chp_operational,384,ILI_NonSchool,8,24.5
3.0,1.0,4,weak_wide,1000.0,posterior_mean,chp_operational,384,Fever_RCHE,8,42.0
3.0,1.0,4,weak_wide,1000.0,posterior_mean,chp_operational,384,Adm_All,8,35.0
3.0,1.0,4,weak_wide,1000.0,posterior_mean,chp_operational,384,Adm_0_5,8,28.0
3.0,1.0,4,weak_wide,1000.0,posterior_mean,chp_operational,384,Adm_6_11,8,42.0
3.0,1.0,4,weak_wide,1000.0,posterior_mean,chp_operational,384,Adm_12_17,8,42.0
3.0,1.0,4,weak_wide,1000.0,posterior_mean,chp_operational,384,Adm_18_49,8,35.0
3.0,1.0,4,weak_wide,1000.0,posterior_mean,chp_operational,384,Adm_50_64,8,35.0
3.0,1.0,4,weak_wide,1000.0,posterior_mean,chp_operational,384,Adm_65_higher,8,24.5
3.0,1.0,4,weak_wide,1000.0,posterior_mean,data_derived,385,ILI_PMP,8,42.0
3.0,1.0,4,weak_wide,1000.0,posterior_mean,data_derived,385,ILI_AED,8,35.0
3.0,1.0,4,weak_wide,1000.0,posterior_mean,data_derived,385,ILI_CMP,8,38.5
3.0,1.0,4,weak_wide,1000.0,posterior_mean,data_derived,385,ILI_School,8,28.0
3.0,1.0,4,weak_wide,1000.0,posterior_mean,data_derived,385,ILI_NonSchool,8,24.5
3.0,1.0,4,weak_wide,1000.0,posterior_mean,data_derived,385,Fever_RCHE,8,42.0
3.0,1.0,4,weak_wide,1000.0,posterior_mean,data_derived,385,Adm_All,8,35.0
3.0,1.0,4,weak_wide,1000.0,posterior_mean,data_derived,385,Adm_0_5,8,28.0
3.0,1.0,4,weak_wide,1000.0,posterior_mean,data_derived,385,Adm_6_11,8,42.0
3.0,1.0,4,weak_wide,1000.0,posterior_mean,data_derived,385,Adm_12_17,8,42.0
3.0,1.0,4,weak_wide,1000.0,posterior_mean,data_derived,385,Adm_18_49,8,35.0
3.0,1.0,4,weak_wide,1000.0,posterior_mean,data_derived,385,Adm_50_64,8,35.0
3.0,1.0,4,weak_wide,1000.0,posterior_mean,data_derived,385,Adm_65_higher,8,24.5
3.0,1.0,4,weak_wide,1000.0,ci_lower,chp_operational,386,ILI_PMP,8,42.0
3.0,1.0,4,weak_wide,1000.0,ci_lower,chp_operational,386,ILI_AED,8,35.0
3.0,1.0,4,weak_wide,1000.0,ci_lower,chp_operational,386,ILI_CMP,8,35.0
3.0,1.0,4,weak_wide,1000.0,ci_lower,chp_operational,386,ILI_School,8,28.0
3.0,1.0,4,weak_wide,1000.0,ci_lower,chp_operational,386,ILI_NonSchool,8,10.5
3.0,1.0,4,weak_wide,1000.0,ci_lower,chp_operational,386,Fever_RCHE,0,
3.0,1.0,4,weak_wide,1000.0,ci_lower,chp_operational,386,Adm_All,8,17.5
3.0,1.0,4,weak_wide,1000.0,ci_lower,chp_operational,386,Adm_0_5,8,24.5
3.0,1.0,4,weak_wide,1000.0,ci_lower,chp_operational,386,Adm_6_11,8,24.5
3.0,1.0,4,weak_wide,1000.0,ci_lower,chp_operational,386,Adm_12_17,8,24.5
3.0,1.0,4,weak_wide,1000.0,ci_lower,chp_operational,386,Adm_18_49,8,7.0
3.0,1.0,4,weak_wide,1000.0,ci_lower,chp_operational,386,Adm_50_64,8,17.5
3.0,1.0,4,weak_wide,1000.0,ci_lower,chp_operational,386,Adm_65_higher,8,21.0
3.0,1.0,4,weak_wide,1000.0,ci_lower,data_derived,387,ILI_PMP,8,42.0
3.0,1.0,4,weak_wide,1000.0,ci_lower,data_derived,387,ILI_AED,8,35.0
3.0,1.0,4,weak_wide,1000.0,ci_lower,data_derived,387,ILI_CMP,8,35.0
3.0,1.0,4,weak_wide,1000.0,ci_lower,data_derived,387,ILI_School,8,28.0
3.0,1.0,4,weak_wide,1000.0,ci_lower,data_derived,387,ILI_NonSchool,8,10.5
3.0,1.0,4,weak_wide,1000.0,ci_lower,data_derived,387,Fever_RCHE,0,
3.0,1.0,4,weak_wide,1000.0,ci_lower,data_derived,387,Adm_All,8,17.5
3.0,1.0,4,weak_wide,1000.0,ci_lower,data_derived,387,Adm_0_5,8,24.5
3.0,1.0,4,weak_wide,1000.0,ci_lower,data_derived,387,Adm_6_11,8,24.5
3.0,1.0,4,weak_wide,1000.0,ci_lower,data_derived,387,Adm_12_17,8,24.5
3.0,1.0,4,weak_wide,1000.0,ci_lower,data_derived,387,Adm_18_49,8,7.0
3.0,1.0,4,weak_wide,1000.0,ci_lower,data_derived,387,Adm_50_64,8,17.5
3.0,1.0,4,weak_wide,1000.0,ci_lower,data_derived,387,Adm_65_higher,8,21.0
3.0,1.0,4,weak_wide,10000.0,posterior_mean,chp_operational,388,ILI_PMP,8,42.0
3.0,1.0,4,weak_wide,10000.0,posterior_mean,chp_operational,388,ILI_AED,8,35.0
3.0,1.0,4,weak_wide,10000.0,posterior_mean,chp_operational,388,ILI_CMP,8,38.5
3.0,1.0,4,weak_wide,10000.0,posterior_mean,chp_operational,388,ILI_School,8,28.0
3.0,1.0,4,weak_wide,10000.0,posterior_mean,chp_operational,388,ILI_NonSchool,8,24.5
3.0,1.0,4,weak_wide,10000.0,posterior_mean,chp_operational,388,Fever_RCHE,8,42.0
3.0,1.0,4,weak_wide,10000.0,posterior_mean,chp_operational,388,Adm_All,8,35.0
3.0,1.0,4,weak_wide,10000.0,posterior_mean,chp_operational,388,Adm_0_5,8,28.0
3.0,1.0,4,weak_wide,10000.0,posterior_mean,chp_operational,388,Adm_6_11,8,42.0
3.0,1.0,4,weak_wide,10000.0,posterior_mean,chp_operational,388,Adm_12_17,8,42.0
3.0,1.0,4,weak_wide,10000.0,posterior_mean,chp_operational,388,Adm_18_49,8,35.0
3.0,1.0,4,weak_wide,10000.0,posterior_mean,chp_operational,388,Adm_50_64,8,35.0
3.0,1.0,4,weak_wide,10000.0,posterior_mean,chp_operational,388,Adm_65_higher,8,24.5
3.0,1.0,4,weak_wide,10000.0,posterior_mean,data_derived,389,ILI_PMP,8,42.0
3.0,1.0,4,weak_wide,10000.0,posterior_mean,data_derived,389,ILI_AED,8,35.0
3.0,1.0,4,weak_wide,10000.0,posterior_mean,data_derived,389,ILI_CMP,8,38.5
3.0,1.0,4,weak_wide,10000.0,posterior_mean,data_derived,389,ILI_School,8,28.0
3.0,1.0,4,weak_wide,10000.0,posterior_mean,data_derived,389,ILI_NonSchool,8,24.5
3.0,1.0,4,weak_wide,10000.0,posterior_mean,data_derived,389,Fever_RCHE,8,42.0
3.0,1.0,4,weak_wide,10000.0,posterior_mean,data_derived,389,Adm_All,8,35.0
3.0,1.0,4,weak_wide,10000.0,posterior_mean,data_derived,389,Adm_0_5,8,28.0
3.0,1.0,4,weak_wide,10000.0,posterior_mean,data_derived,389,Adm_6_11,8,42.0
3.0,1.0,4,weak_wide,10000.0,posterior_mean,data_derived,389,Adm_12_17,8,42.0
3.0,1.0,4,weak_wide,10000.0,posterior_mean,data_derived,389,Adm_18_49,8,35.0
3.0,1.0,4,weak_wide,10000.0,posterior_mean,data_derived,389,Adm_50_64,8,35.0
3.0,1.0,4,weak_wide,10000.0,posterior_mean,data_derived,389,Adm_65_higher,8,24.5
3.0,1.0,4,weak_wide,10000.0,ci_lower,chp_operational,390,ILI_PMP,8,42.0
3.0,1.0,4,weak_wide,10000.0,ci_lower,chp_operational,390,ILI_AED,8,35.0
3.0,1.0,4,weak_wide,10000.0,ci_lower,chp_operational,390,ILI_CMP,8,35.0
3.0,1.0,4,weak_wide,10000.0,ci_lower,chp_operational,390,ILI_School,8,28.0
3.0,1.0,4,weak_wide,10000.0,ci_lower,chp_operational,390,ILI_NonSchool,8,10.5
3.0,1.0,4,weak_wide,10000.0,ci_lower,chp_operational,390,Fever_RCHE,4,-45.5
3.0,1.0,4,weak_wide,10000.0,ci_lower,chp_operational,390,Adm_All,8,31.5
3.0,1.0,4,weak_wide,10000.0,ci_lower,chp_operational,390,Adm_0_5,8,24.5
3.0,1.0,4,weak_wide,10000.0,ci_lower,chp_operational,390,Adm_6_11,8,24.5
3.0,1.0,4,weak_wide,10000.0,ci_lower,chp_operational,390,Adm_12_17,8,24.5
3.0,1.0,4,weak_wide,10000.0,ci_lower,chp_operational,390,Adm_18_49,8,35.0
3.0,1.0,4,weak_wide,10000.0,ci_lower,chp_operational,390,Adm_50_64,8,17.5
3.0,1.0,4,weak_wide,10000.0,ci_lower,chp_operational,390,Adm_65_higher,8,24.5
3.0,1.0,4,weak_wide,10000.0,ci_lower,data_derived,391,ILI_PMP,8,42.0
3.0,1.0,4,weak_wide,10000.0,ci_lower,data_derived,391,ILI_AED,8,35.0
3.0,1.0,4,weak_wide,10000.0,ci_lower,data_derived,391,ILI_CMP,8,35.0
3.0,1.0,4,weak_wide,10000.0,ci_lower,data_derived,391,ILI_School,8,28.0
3.0,1.0,4,weak_wide,10000.0,ci_lower,data_derived,391,ILI_NonSchool,8,10.5
3.0,1.0,4,weak_wide,10000.0,ci_lower,data_derived,391,Fever_RCHE,4,-38.5
3.0,1.0,4,weak_wide,10000.0,ci_lower,data_derived,391,Adm_All,8,31.5
3.0,1.0,4,weak_wide,10000.0,ci_lower,data_derived,391,Adm_0_5,8,24.5
3.0,1.0,4,weak_wide,10000.0,ci_lower,data_derived,391,Adm_6_11,8,24.5
3.0,1.0,4,weak_wide,10000.0,ci_lower,data_derived,391,Adm_12_17,8,24.5
3.0,1.0,4,weak_wide,10000.0,ci_lower,data_derived,391,Adm_18_49,8,35.0
3.0,1.0,4,weak_wide,10000.0,ci_lower,data_derived,391,Adm_50_64,8,17.5
3.0,1.0,4,weak_wide,10000.0,ci_lower,data_derived,391,Adm_65_higher,8,24.5
3.0,1.0,4,weak_wide,100000.0,posterior_mean,chp_operational,392,ILI_PMP,8,42.0
3.0,1.0,4,weak_wide,100000.0,posterior_mean,chp_operational,392,ILI_AED,8,35.0
3.0,1.0,4,weak_wide,100000.0,posterior_mean,chp_operational,392,ILI_CMP,8,38.5
3.0,1.0,4,weak_wide,100000.0,posterior_mean,chp_operational,392,ILI_School,8,28.0
3.0,1.0,4,weak_wide,100000.0,posterior_mean,chp_operational,392,ILI_NonSchool,8,24.5
3.0,1.0,4,weak_wide,100000.0,posterior_mean,chp_operational,392,Fever_RCHE,8,42.0
3.0,1.0,4,weak_wide,100000.0,posterior_mean,chp_operational,392,Adm_All,8,35.0
3.0,1.0,4,weak_wide,100000.0,posterior_mean,chp_operational,392,Adm_0_5,8,24.5
3.0,1.0,4,weak_wide,100000.0,posterior_mean,chp_operational,392,Adm_6_11,8,38.5
3.0,1.0,4,weak_wide,100000.0,posterior_mean,chp_operational,392,Adm_12_17,8,42.0
3.0,1.0,4,weak_wide,100000.0,posterior_mean,chp_operational,392,Adm_18_49,8,35.0
3.0,1.0,4,weak_wide,100000.0,posterior_mean,chp_operational,392,Adm_50_64,8,35.0
3.0,1.0,4,weak_wide,100000.0,posterior_mean,chp_operational,392,Adm_65_higher,8,24.5
3.0,1.0,4,weak_wide,100000.0,posterior_mean,data_derived,393,ILI_PMP,8,42.0
3.0,1.0,4,weak_wide,100000.0,posterior_mean,data_derived,393,ILI_AED,8,35.0
3.0,1.0,4,weak_wide,100000.0,posterior_mean,data_derived,393,ILI_CMP,8,38.5
3.0,1.0,4,weak_wide,100000.0,posterior_mean,data_derived,393,ILI_School,8,28.0
3.0,1.0,4,weak_wide,100000.0,posterior_mean,data_derived,393,ILI_NonSchool,8,24.5
3.0,1.0,4,weak_wide,100000.0,posterior_mean,data_derived,393,Fever_RCHE,8,42.0
3.0,1.0,4,weak_wide,100000.0,posterior_mean,data_derived,393,Adm_All,8,35.0
3.0,1.0,4,weak_wide,100000.0,posterior_mean,data_derived,393,Adm_0_5,8,24.5
3.0,1.0,4,weak_wide,100000.0,posterior_mean,data_derived,393,Adm_6_11,8,38.5
3.0,1.0,4,weak_wide,100000.0,posterior_mean,data_derived,393,Adm_12_17,8,42.0
3.0,1.0,4,weak_wide,100000.0,posterior_mean,data_derived,393,Adm_18_49,8,35.0
3.0,1.0,4,weak_wide,100000.0,posterior_mean,data_derived,393,Adm_50_64,8,35.0
3.0,1.0,4,weak_wide,100000.0,posterior_mean,data_derived,393,Adm_65_higher,8,24.5
3.0,1.0,4,weak_wide,100000.0,ci_lower,chp_operational,394,ILI_PMP,8,42.0
3.0,1.0,4,weak_wide,100000.0,ci_lower,chp_operational,394,ILI_AED,8,35.0
3.0,1.0,4,weak_wide,100000.0,ci_lower,chp_operational,394,ILI_CMP,8,38.5
3.0,1.0,4,weak_wide,100000.0,ci_lower,chp_operational,394,ILI_School,8,28.0
3.0,1.0,4,weak_wide,100000.0,ci_lower,chp_operational,394,ILI_NonSchool,8,10.5
3.0,1.0,4,weak_wide,100000.0,ci_lower,chp_operational,394,Fever_RCHE,8,7.0
3.0,1.0,4,weak_wide,100000.0,ci_lower,chp_operational,394,Adm_All,8,31.5
3.0,1.0,4,weak_wide,100000.0,ci_lower,chp_operational,394,Adm_0_5,8,24.5
3.0,1.0,4,weak_wide,100000.0,ci_lower,chp_operational,394,Adm_6_11,8,24.5
3.0,1.0,4,weak_wide,100000.0,ci_lower,chp_operational,394,Adm_12_17,8,24.5
3.0,1.0,4,weak_wide,100000.0,ci_lower,chp_operational,394,Adm_18_49,8,35.0
3.0,1.0,4,weak_wide,100000.0,ci_lower,chp_operational,394,Adm_50_64,8,17.5
3.0,1.0,4,weak_wide,100000.0,ci_lower,chp_operational,394,Adm_65_higher,8,24.5
3.0,1.0,4,weak_wide,100000.0,ci_lower,data_derived,395,ILI_PMP,8,42.0
3.0,1.0,4,weak_wide,100000.0,ci_lower,data_derived,395,ILI_AED,8,35.0
3.0,1.0,4,weak_wide,100000.0,ci_lower,data_derived,395,ILI_CMP,8,38.5
3.0,1.0,4,weak_wide,100000.0,ci_lower,data_derived,395,ILI_School,8,28.0
3.0,1.0,4,weak_wide,100000.0,ci_lower,data_derived,395,ILI_NonSchool,8,10.5
3.0,1.0,4,weak_wide,100000.0,ci_lower,data_derived,395,Fever_RCHE,8,7.0
3.0,1.0,4,weak_wide,100000.0,ci_lower,data_derived,395,Adm_All,8,31.5
3.0,1.0,4,weak_wide,100000.0,ci_lower,data_derived,395,Adm_0_5,8,24.5
3.0,1.0,4,weak_wide,100000.0,ci_lower,data_derived,395,Adm_6_11,8,24.5
3.0,1.0,4,weak_wide,100000.0,ci_lower,data_derived,395,Adm_12_17,8,24.5
3.0,1.0,4,weak_wide,100000.0,ci_lower,data_derived,395,Adm_18_49,8,35.0
3.0,1.0,4,weak_wide,100000.0,ci_lower,data_derived,395,Adm_50_64,8,17.5
3.0,1.0,4,weak_wide,100000.0,ci_lower,data_derived,395,Adm_65_higher,8,24.5
3.0,1.0,6,v7,1000.0,posterior_mean,chp_operational,396,ILI_PMP,8,28.0
3.0,1.0,6,v7,1000.0,posterior_mean,chp_operational,396,ILI_AED,8,28.0
3.0,1.0,6,v7,1000.0,posterior_mean,chp_operational,396,ILI_CMP,8,24.5
3.0,1.0,6,v7,1000.0,posterior_mean,chp_operational,396,ILI_School,8,21.0
3.0,1.0,6,v7,1000.0,posterior_mean,chp_operational,396,ILI_NonSchool,8,10.5
3.0,1.0,6,v7,1000.0,posterior_mean,chp_operational,396,Fever_RCHE,0,
3.0,1.0,6,v7,1000.0,posterior_mean,chp_operational,396,Adm_All,8,17.5
3.0,1.0,6,v7,1000.0,posterior_mean,chp_operational,396,Adm_0_5,8,21.0
3.0,1.0,6,v7,1000.0,posterior_mean,chp_operational,396,Adm_6_11,8,17.5
3.0,1.0,6,v7,1000.0,posterior_mean,chp_operational,396,Adm_12_17,8,14.0
3.0,1.0,6,v7,1000.0,posterior_mean,chp_operational,396,Adm_18_49,8,7.0
3.0,1.0,6,v7,1000.0,posterior_mean,chp_operational,396,Adm_50_64,8,21.0
3.0,1.0,6,v7,1000.0,posterior_mean,chp_operational,396,Adm_65_higher,8,17.5
3.0,1.0,6,v7,1000.0,posterior_mean,data_derived,397,ILI_PMP,8,28.0
3.0,1.0,6,v7,1000.0,posterior_mean,data_derived,397,ILI_AED,8,28.0
3.0,1.0,6,v7,1000.0,posterior_mean,data_derived,397,ILI_CMP,8,24.5
3.0,1.0,6,v7,1000.0,posterior_mean,data_derived,397,ILI_School,8,21.0
3.0,1.0,6,v7,1000.0,posterior_mean,data_derived,397,ILI_NonSchool,8,10.5
3.0,1.0,6,v7,1000.0,posterior_mean,data_derived,397,Fever_RCHE,0,
3.0,1.0,6,v7,1000.0,posterior_mean,data_derived,397,Adm_All,8,17.5
3.0,1.0,6,v7,1000.0,posterior_mean,data_derived,397,Adm_0_5,8,21.0
3.0,1.0,6,v7,1000.0,posterior_mean,data_derived,397,Adm_6_11,8,17.5
3.0,1.0,6,v7,1000.0,posterior_mean,data_derived,397,Adm_12_17,8,14.0
3.0,1.0,6,v7,1000.0,posterior_mean,data_derived,397,Adm_18_49,8,7.0
3.0,1.0,6,v7,1000.0,posterior_mean,data_derived,397,Adm_50_64,8,21.0
3.0,1.0,6,v7,1000.0,posterior_mean,data_derived,397,Adm_65_higher,8,17.5
3.0,1.0,6,v7,1000.0,ci_lower,chp_operational,398,ILI_PMP,8,28.0
3.0,1.0,6,v7,1000.0,ci_lower,chp_operational,398,ILI_AED,8,28.0
3.0,1.0,6,v7,1000.0,ci_lower,chp_operational,398,ILI_CMP,8,3.5
3.0,1.0,6,v7,1000.0,ci_lower,chp_operational,398,ILI_School,8,21.0
3.0,1.0,6,v7,1000.0,ci_lower,chp_operational,398,ILI_NonSchool,8,10.5
3.0,1.0,6,v7,1000.0,ci_lower,chp_operational,398,Fever_RCHE,0,
3.0,1.0,6,v7,1000.0,ci_lower,chp_operational,398,Adm_All,8,10.5
3.0,1.0,6,v7,1000.0,ci_lower,chp_operational,398,Adm_0_5,8,10.5
3.0,1.0,6,v7,1000.0,ci_lower,chp_operational,398,Adm_6_11,8,14.0
3.0,1.0,6,v7,1000.0,ci_lower,chp_operational,398,Adm_12_17,8,14.0
3.0,1.0,6,v7,1000.0,ci_lower,chp_operational,398,Adm_18_49,8,-7.0
3.0,1.0,6,v7,1000.0,ci_lower,chp_operational,398,Adm_50_64,8,3.5
3.0,1.0,6,v7,1000.0,ci_lower,chp_operational,398,Adm_65_higher,8,14.0
3.0,1.0,6,v7,1000.0,ci_lower,data_derived,399,ILI_PMP,8,28.0
3.0,1.0,6,v7,1000.0,ci_lower,data_derived,399,ILI_AED,8,28.0
3.0,1.0,6,v7,1000.0,ci_lower,data_derived,399,ILI_CMP,8,3.5
3.0,1.0,6,v7,1000.0,ci_lower,data_derived,399,ILI_School,8,21.0
3.0,1.0,6,v7,1000.0,ci_lower,data_derived,399,ILI_NonSchool,8,10.5
3.0,1.0,6,v7,1000.0,ci_lower,data_derived,399,Fever_RCHE,0,
3.0,1.0,6,v7,1000.0,ci_lower,data_derived,399,Adm_All,8,10.5
3.0,1.0,6,v7,1000.0,ci_lower,data_derived,399,Adm_0_5,8,10.5
3.0,1.0,6,v7,1000.0,ci_lower,data_derived,399,Adm_6_11,8,14.0
3.0,1.0,6,v7,1000.0,ci_lower,data_derived,399,Adm_12_17,8,14.0
3.0,1.0,6,v7,1000.0,ci_lower,data_derived,399,Adm_18_49,8,-3.5
3.0,1.0,6,v7,1000.0,ci_lower,data_derived,399,Adm_50_64,8,7.0
3.0,1.0,6,v7,1000.0,ci_lower,data_derived,399,Adm_65_higher,8,17.5
3.0,1.0,6,v7,10000.0,posterior_mean,chp_operational,400,ILI_PMP,8,28.0
3.0,1.0,6,v7,10000.0,posterior_mean,chp_operational,400,ILI_AED,8,28.0
3.0,1.0,6,v7,10000.0,posterior_mean,chp_operational,400,ILI_CMP,8,24.5
3.0,1.0,6,v7,10000.0,posterior_mean,chp_operational,400,ILI_School,8,21.0
3.0,1.0,6,v7,10000.0,posterior_mean,chp_operational,400,ILI_NonSchool,8,10.5
3.0,1.0,6,v7,10000.0,posterior_mean,chp_operational,400,Fever_RCHE,8,-31.5
3.0,1.0,6,v7,10000.0,posterior_mean,chp_operational,400,Adm_All,8,21.0
3.0,1.0,6,v7,10000.0,posterior_mean,chp_operational,400,Adm_0_5,8,21.0
3.0,1.0,6,v7,10000.0,posterior_mean,chp_operational,400,Adm_6_11,8,17.5
3.0,1.0,6,v7,10000.0,posterior_mean,chp_operational,400,Adm_12_17,8,14.0
3.0,1.0,6,v7,10000.0,posterior_mean,chp_operational,400,Adm_18_49,8,24.5
3.0,1.0,6,v7,10000.0,posterior_mean,chp_operational,400,Adm_50_64,8,21.0
3.0,1.0,6,v7,10000.0,posterior_mean,chp_operational,400,Adm_65_higher,8,17.5
3.0,1.0,6,v7,10000.0,posterior_mean,data_derived,401,ILI_PMP,8,28.0
3.0,1.0,6,v7,10000.0,posterior_mean,data_derived,401,ILI_AED,8,28.0
3.0,1.0,6,v7,10000.0,posterior_mean,data_derived,401,ILI_CMP,8,24.5
3.0,1.0,6,v7,10000.0,posterior_mean,data_derived,401,ILI_School,8,21.0
3.0,1.0,6,v7,10000.0,posterior_mean,data_derived,401,ILI_NonSchool,8,10.5
3.0,1.0,6,v7,10000.0,posterior_mean,data_derived,401,Fever_RCHE,8,-28.0
3.0,1.0,6,v7,10000.0,posterior_mean,data_derived,401,Adm_All,8,21.0
3.0,1.0,6,v7,10000.0,posterior_mean,data_derived,401,Adm_0_5,8,21.0
3.0,1.0,6,v7,10000.0,posterior_mean,data_derived,401,Adm_6_11,8,17.5
3.0,1.0,6,v7,10000.0,posterior_mean,data_derived,401,Adm_12_17,8,14.0
3.0,1.0,6,v7,10000.0,posterior_mean,data_derived,401,Adm_18_49,8,24.5
3.0,1.0,6,v7,10000.0,posterior_mean,data_derived,401,Adm_50_64,8,21.0
3.0,1.0,6,v7,10000.0,posterior_mean,data_derived,401,Adm_65_higher,8,17.5
3.0,1.0,6,v7,10000.0,ci_lower,chp_operational,402,ILI_PMP,8,28.0
3.0,1.0,6,v7,10000.0,ci_lower,chp_operational,402,ILI_AED,8,28.0
3.0,1.0,6,v7,10000.0,ci_lower,chp_operational,402,ILI_CMP,8,3.5
3.0,1.0,6,v7,10000.0,ci_lower,chp_operational,402,ILI_School,8,21.0
3.0,1.0,6,v7,10000.0,ci_lower,chp_operational,402,ILI_NonSchool,8,10.5
3.0,1.0,6,v7,10000.0,ci_lower,chp_operational,402,Fever_RCHE,0,
3.0,1.0,6,v7,10000.0,ci_lower,chp_operational,402,Adm_All,8,21.0
3.0,1.0,6,v7,10000.0,ci_lower,chp_operational,402,Adm_0_5,8,21.0
3.0,1.0,6,v7,10000.0,ci_lower,chp_operational,402,Adm_6_11,8,17.5
3.0,1.0,6,v7,10000.0,ci_lower,chp_operational,402,Adm_12_17,8,14.0
3.0,1.0,6,v7,10000.0,ci_lower,chp_operational,402,Adm_18_49,8,14.0
3.0,1.0,6,v7,10000.0,ci_lower,chp_operational,402,Adm_50_64,8,21.0
3.0,1.0,6,v7,10000.0,ci_lower,chp_operational,402,Adm_65_higher,8,17.5
3.0,1.0,6,v7,10000.0,ci_lower,data_derived,403,ILI_PMP,8,28.0
3.0,1.0,6,v7,10000.0,ci_lower,data_derived,403,ILI_AED,8,28.0
3.0,1.0,6,v7,10000.0,ci_lower,data_derived,403,ILI_CMP,8,3.5
3.0,1.0,6,v7,10000.0,ci_lower,data_derived,403,ILI_School,8,21.0
3.0,1.0,6,v7,10000.0,ci_lower,data_derived,403,ILI_NonSchool,8,10.5
3.0,1.0,6,v7,10000.0,ci_lower,data_derived,403,Fever_RCHE,0,
3.0,1.0,6,v7,10000.0,ci_lower,data_derived,403,Adm_All,8,21.0
3.0,1.0,6,v7,10000.0,ci_lower,data_derived,403,Adm_0_5,8,21.0
3.0,1.0,6,v7,10000.0,ci_lower,data_derived,403,Adm_6_11,8,17.5
3.0,1.0,6,v7,10000.0,ci_lower,data_derived,403,Adm_12_17,8,14.0
3.0,1.0,6,v7,10000.0,ci_lower,data_derived,403,Adm_18_49,8,14.0
3.0,1.0,6,v7,10000.0,ci_lower,data_derived,403,Adm_50_64,8,21.0
3.0,1.0,6,v7,10000.0,ci_lower,data_derived,403,Adm_65_higher,8,17.5
3.0,1.0,6,v7,100000.0,posterior_mean,chp_operational,404,ILI_PMP,8,28.0
3.0,1.0,6,v7,100000.0,posterior_mean,chp_operational,404,ILI_AED,8,28.0
3.0,1.0,6,v7,100000.0,posterior_mean,chp_operational,404,ILI_CMP,8,24.5
3.0,1.0,6,v7,100000.0,posterior_mean,chp_operational,404,ILI_School,8,21.0
3.0,1.0,6,v7,100000.0,posterior_mean,chp_operational,404,ILI_NonSchool,8,10.5
3.0,1.0,6,v7,100000.0,posterior_mean,chp_operational,404,Fever_RCHE,8,21.0
3.0,1.0,6,v7,100000.0,posterior_mean,chp_operational,404,Adm_All,8,21.0
3.0,1.0,6,v7,100000.0,posterior_mean,chp_operational,404,Adm_0_5,8,21.0
3.0,1.0,6,v7,100000.0,posterior_mean,chp_operational,404,Adm_6_11,8,17.5
3.0,1.0,6,v7,100000.0,posterior_mean,chp_operational,404,Adm_12_17,8,14.0
3.0,1.0,6,v7,100000.0,posterior_mean,chp_operational,404,Adm_18_49,8,24.5
3.0,1.0,6,v7,100000.0,posterior_mean,chp_operational,404,Adm_50_64,8,21.0
3.0,1.0,6,v7,100000.0,posterior_mean,chp_operational,404,Adm_65_higher,8,17.5
3.0,1.0,6,v7,100000.0,posterior_mean,data_derived,405,ILI_PMP,8,28.0
3.0,1.0,6,v7,100000.0,posterior_mean,data_derived,405,ILI_AED,8,28.0
3.0,1.0,6,v7,100000.0,posterior_mean,data_derived,405,ILI_CMP,8,24.5
3.0,1.0,6,v7,100000.0,posterior_mean,data_derived,405,ILI_School,8,21.0
3.0,1.0,6,v7,100000.0,posterior_mean,data_derived,405,ILI_NonSchool,8,10.5
3.0,1.0,6,v7,100000.0,posterior_mean,data_derived,405,Fever_RCHE,8,21.0
3.0,1.0,6,v7,100000.0,posterior_mean,data_derived,405,Adm_All,8,21.0
3.0,1.0,6,v7,100000.0,posterior_mean,data_derived,405,Adm_0_5,8,21.0
3.0,1.0,6,v7,100000.0,posterior_mean,data_derived,405,Adm_6_11,8,17.5
3.0,1.0,6,v7,100000.0,posterior_mean,data_derived,405,Adm_12_17,8,14.0
3.0,1.0,6,v7,100000.0,posterior_mean,data_derived,405,Adm_18_49,8,24.5
3.0,1.0,6,v7,100000.0,posterior_mean,data_derived,405,Adm_50_64,8,21.0
3.0,1.0,6,v7,100000.0,posterior_mean,data_derived,405,Adm_65_higher,8,17.5
3.0,1.0,6,v7,100000.0,ci_lower,chp_operational,406,ILI_PMP,8,28.0
3.0,1.0,6,v7,100000.0,ci_lower,chp_operational,406,ILI_AED,8,28.0
3.0,1.0,6,v7,100000.0,ci_lower,chp_operational,406,ILI_CMP,8,24.5
3.0,1.0,6,v7,100000.0,ci_lower,chp_operational,406,ILI_School,8,21.0
3.0,1.0,6,v7,100000.0,ci_lower,chp_operational,406,ILI_NonSchool,8,10.5
3.0,1.0,6,v7,100000.0,ci_lower,chp_operational,406,Fever_RCHE,8,-31.5
3.0,1.0,6,v7,100000.0,ci_lower,chp_operational,406,Adm_All,8,21.0
3.0,1.0,6,v7,100000.0,ci_lower,chp_operational,406,Adm_0_5,8,21.0
3.0,1.0,6,v7,100000.0,ci_lower,chp_operational,406,Adm_6_11,8,17.5
3.0,1.0,6,v7,100000.0,ci_lower,chp_operational,406,Adm_12_17,8,14.0
3.0,1.0,6,v7,100000.0,ci_lower,chp_operational,406,Adm_18_49,8,24.5
3.0,1.0,6,v7,100000.0,ci_lower,chp_operational,406,Adm_50_64,8,21.0
3.0,1.0,6,v7,100000.0,ci_lower,chp_operational,406,Adm_65_higher,8,17.5
3.0,1.0,6,v7,100000.0,ci_lower,data_derived,407,ILI_PMP,8,28.0
3.0,1.0,6,v7,100000.0,ci_lower,data_derived,407,ILI_AED,8,28.0
3.0,1.0,6,v7,100000.0,ci_lower,data_derived,407,ILI_CMP,8,24.5
3.0,1.0,6,v7,100000.0,ci_lower,data_derived,407,ILI_School,8,21.0
3.0,1.0,6,v7,100000.0,ci_lower,data_derived,407,ILI_NonSchool,8,10.5
3.0,1.0,6,v7,100000.0,ci_lower,data_derived,407,Fever_RCHE,8,-28.0
3.0,1.0,6,v7,100000.0,ci_lower,data_derived,407,Adm_All,8,21.0
3.0,1.0,6,v7,100000.0,ci_lower,data_derived,407,Adm_0_5,8,21.0
3.0,1.0,6,v7,100000.0,ci_lower,data_derived,407,Adm_6_11,8,17.5
3.0,1.0,6,v7,100000.0,ci_lower,data_derived,407,Adm_12_17,8,14.0
3.0,1.0,6,v7,100000.0,ci_lower,data_derived,407,Adm_18_49,8,24.5
3.0,1.0,6,v7,100000.0,ci_lower,data_derived,407,Adm_50_64,8,21.0
3.0,1.0,6,v7,100000.0,ci_lower,data_derived,407,Adm_65_higher,8,17.5
3.0,1.0,6,vague,1000.0,posterior_mean,chp_operational,408,ILI_PMP,8,28.0
3.0,1.0,6,vague,1000.0,posterior_mean,chp_operational,408,ILI_AED,8,28.0
3.0,1.0,6,vague,1000.0,posterior_mean,chp_operational,408,ILI_CMP,6,-45.5
3.0,1.0,6,vague,1000.0,posterior_mean,chp_operational,408,ILI_School,8,21.0
3.0,1.0,6,vague,1000.0,posterior_mean,chp_operational,408,ILI_NonSchool,8,7.0
3.0,1.0,6,vague,1000.0,posterior_mean,chp_operational,408,Fever_RCHE,0,
3.0,1.0,6,vague,1000.0,posterior_mean,chp_operational,408,Adm_All,4,-35.0
3.0,1.0,6,vague,1000.0,posterior_mean,chp_operational,408,Adm_0_5,8,-10.5
3.0,1.0,6,vague,1000.0,posterior_mean,chp_operational,408,Adm_6_11,6,-38.5
3.0,1.0,6,vague,1000.0,posterior_mean,chp_operational,408,Adm_12_17,4,-122.5
3.0,1.0,6,vague,1000.0,posterior_mean,chp_operational,408,Adm_18_49,0,
3.0,1.0,6,vague,1000.0,posterior_mean,chp_operational,408,Adm_50_64,0,
3.0,1.0,6,vague,1000.0,posterior_mean,chp_operational,408,Adm_65_higher,6,-24.5
3.0,1.0,6,vague,1000.0,posterior_mean,data_derived,409,ILI_PMP,8,28.0
3.0,1.0,6,vague,1000.0,posterior_mean,data_derived,409,ILI_AED,8,28.0
3.0,1.0,6,vague,1000.0,posterior_mean,data_derived,409,ILI_CMP,6,-45.5
3.0,1.0,6,vague,1000.0,posterior_mean,data_derived,409,ILI_School,8,21.0
3.0,1.0,6,vague,1000.0,posterior_mean,data_derived,409,ILI_NonSchool,8,7.0
3.0,1.0,6,vague,1000.0,posterior_mean,data_derived,409,Fever_RCHE,0,
3.0,1.0,6,vague,1000.0,posterior_mean,data_derived,409,Adm_All,4,-35.0
3.0,1.0,6,vague,1000.0,posterior_mean,data_derived,409,Adm_0_5,8,-10.5
3.0,1.0,6,vague,1000.0,posterior_mean,data_derived,409,Adm_6_11,6,-35.0
3.0,1.0,6,vague,1000.0,posterior_mean,data_derived,409,Adm_12_17,4,-122.5
3.0,1.0,6,vague,1000.0,posterior_mean,data_derived,409,Adm_18_49,0,
3.0,1.0,6,vague,1000.0,posterior_mean,data_derived,409,Adm_50_64,0,
3.0,1.0,6,vague,1000.0,posterior_mean,data_derived,409,Adm_65_higher,6,-24.5
3.0,1.0,6,vague,1000.0,ci_lower,chp_operational,410,ILI_PMP,8,28.0
3.0,1.0,6,vague,1000.0,ci_lower,chp_operational,410,ILI_AED,8,28.0
3.0,1.0,6,vague,1000.0,ci_lower,chp_operational,410,ILI_CMP,5,-49.0
3.0,1.0,6,vague,1000.0,ci_lower,chp_operational,410,ILI_School,8,17.5
3.0,1.0,6,vague,1000.0,ci_lower,chp_operational,410,ILI_NonSchool,8,-14.0
3.0,1.0,6,vague,1000.0,ci_lower,chp_operational,410,Fever_RCHE,0,
3.0,1.0,6,vague,1000.0,ci_lower,chp_operational,410,Adm_All,3,-35.0
3.0,1.0,6,vague,1000.0,ci_lower,chp_operational,410,Adm_0_5,8,-14.0
3.0,1.0,6,vague,1000.0,ci_lower,chp_operational,410,Adm_6_11,5,-42.0
3.0,1.0,6,vague,1000.0,ci_lower,chp_operational,410,Adm_12_17,2,-175.0
3.0,1.0,6,vague,1000.0,ci_lower,chp_operational,410,Adm_18_49,0,
3.0,1.0,6,vague,1000.0,ci_lower,chp_operational,410,Adm_50_64,0,
3.0,1.0,6,vague,1000.0,ci_lower,chp_operational,410,Adm_65_higher,6,-24.5
3.0,1.0,6,vague,1000.0,ci_lower,data_derived,411,ILI_PMP,8,28.0
3.0,1.0,6,vague,1000.0,ci_lower,data_derived,411,ILI_AED,8,28.0
3.0,1.0,6,vague,1000.0,ci_lower,data_derived,411,ILI_CMP,5,-49.0
3.0,1.0,6,vague,1000.0,ci_lower,data_derived,411,ILI_School,8,17.5
3.0,1.0,6,vague,1000.0,ci_lower,data_derived,411,ILI_NonSchool,8,-10.5
3.0,1.0,6,vague,1000.0,ci_lower,data_derived,411,Fever_RCHE,0,
3.0,1.0,6,vague,1000.0,ci_lower,data_derived,411,Adm_All,3,-35.0
3.0,1.0,6,vague,1000.0,ci_lower,data_derived,411,Adm_0_5,8,-10.5
3.0,1.0,6,vague,1000.0,ci_lower,data_derived,411,Adm_6_11,5,-35.0
3.0,1.0,6,vague,1000.0,ci_lower,data_derived,411,Adm_12_17,2,-171.5
3.0,1.0,6,vague,1000.0,ci_lower,data_derived,411,Adm_18_49,0,
3.0,1.0,6,vague,1000.0,ci_lower,data_derived,411,Adm_50_64,0,
3.0,1.0,6,vague,1000.0,ci_lower,data_derived,411,Adm_65_higher,6,-24.5
3.0,1.0,6,vague,10000.0,posterior_mean,chp_operational,412,ILI_PMP,8,28.0
3.0,1.0,6,vague,10000.0,posterior_mean,chp_operational,412,ILI_AED,8,28.0
3.0,1.0,6,vague,10000.0,posterior_mean,chp_operational,412,ILI_CMP,8,3.5
3.0,1.0,6,vague,10000.0,posterior_mean,chp_operational,412,ILI_School,8,21.0
3.0,1.0,6,vague,10000.0,posterior_mean,chp_operational,412,ILI_NonSchool,8,10.5
3.0,1.0,6,vague,10000.0,posterior_mean,chp_operational,412,Fever_RCHE,0,
3.0,1.0,6,vague,10000.0,posterior_mean,chp_operational,412,Adm_All,8,-3.5
3.0,1.0,6,vague,10000.0,posterior_mean,chp_operational,412,Adm_0_5,8,10.5
3.0,1.0,6,vague,10000.0,posterior_mean,chp_operational,412,Adm_6_11,8,7.0
3.0,1.0,6,vague,10000.0,posterior_mean,chp_operational,412,Adm_12_17,8,-17.5
3.0,1.0,6,vague,10000.0,posterior_mean,chp_operational,412,Adm_18_49,7,-21.0
3.0,1.0,6,vague,10000.0,posterior_mean,chp_operational,412,Adm_50_64,8,-17.5
3.0,1.0,6,vague,10000.0,posterior_mean,chp_operational,412,Adm_65_higher,8,0.0
3.0,1.0,6,vague,10000.0,posterior_mean,data_derived,413,ILI_PMP,8,28.0
3.0,1.0,6,vague,10000.0,posterior_mean,data_derived,413,ILI_AED,8,28.0
3.0,1.0,6,vague,10000.0,posterior_mean,data_derived,413,ILI_CMP,8,3.5
3.0,1.0,6,vague,10000.0,posterior_mean,data_derived,413,ILI_School,8,21.0
3.0,1.0,6,vague,10000.0,posterior_mean,data_derived,413,ILI_NonSchool,8,10.5
3.0,1.0,6,vague,10000.0,posterior_mean,data_derived,413,Fever_RCHE,0,
3.0,1.0,6,vague,10000.0,posterior_mean,data_derived,413,Adm_All,8,0.0
3.0,1.0,6,vague,10000.0,posterior_mean,data_derived,413,Adm_0_5,8,10.5
3.0,1.0,6,vague,10000.0,posterior_mean,data_derived,413,Adm_6_11,8,10.5
3.0,1.0,6,vague,10000.0,posterior_mean,data_derived,413,Adm_12_17,8,-14.0
3.0,1.0,6,vague,10000.0,posterior_mean,data_derived,413,Adm_18_49,7,-21.0
3.0,1.0,6,vague,10000.0,posterior_mean,data_derived,413,Adm_50_64,8,-14.0
3.0,1.0,6,vague,10000.0,posterior_mean,data_derived,413,Adm_65_higher,8,3.5
3.0,1.0,6,vague,10000.0,ci_lower,chp_operational,414,ILI_PMP,8,28.0
3.0,1.0,6,vague,10000.0,ci_lower,chp_operational,414,ILI_AED,8,28.0
3.0,1.0,6,vague,10000.0,ci_lower,chp_operational,414,ILI_CMP,8,3.5
3.0,1.0,6,vague,10000.0,ci_lower,chp_operational,414,ILI_School,8,21.0
3.0,1.0,6,vague,10000.0,ci_lower,chp_operational,414,ILI_NonSchool,8,10.5
3.0,1.0,6,vague,10000.0,ci_lower,chp_operational,414,Fever_RCHE,0,
3.0,1.0,6,vague,10000.0,ci_lower,chp_operational,414,Adm_All,8,-3.5
3.0,1.0,6,vague,10000.0,ci_lower,chp_operational,414,Adm_0_5,8,7.0
3.0,1.0,6,vague,10000.0,ci_lower,chp_operational,414,Adm_6_11,8,7.0
3.0,1.0,6,vague,10000.0,ci_lower,chp_operational,414,Adm_12_17,8,-17.5
3.0,1.0,6,vague,10000.0,ci_lower,chp_operational,414,Adm_18_49,7,-21.0
3.0,1.0,6,vague,10000.0,ci_lower,chp_operational,414,Adm_50_64,8,-17.5
3.0,1.0,6,vague,10000.0,ci_lower,chp_operational,414,Adm_65_higher,8,-3.5
3.0,1.0,6,vague,10000.0,ci_lower,data_derived,415,ILI_PMP,8,28.0
3.0,1.0,6,vague,10000.0,ci_lower,data_derived,415,ILI_AED,8,28.0
3.0,1.0,6,vague,10000.0,ci_lower,data_derived,415,ILI_CMP,8,3.5
3.0,1.0,6,vague,10000.0,ci_lower,data_derived,415,ILI_School,8,21.0
3.0,1.0,6,vague,10000.0,ci_lower,data_derived,415,ILI_NonSchool,8,10.5
3.0,1.0,6,vague,10000.0,ci_lower,data_derived,415,Fever_RCHE,0,
3.0,1.0,6,vague,10000.0,ci_lower,data_derived,415,Adm_All,8,0.0
3.0,1.0,6,vague,10000.0,ci_lower,data_derived,415,Adm_0_5,8,7.0
3.0,1.0,6,vague,10000.0,ci_lower,data_derived,415,Adm_6_11,8,7.0
3.0,1.0,6,vague,10000.0,ci_lower,data_derived,415,Adm_12_17,8,-14.0
3.0,1.0,6,vague,10000.0,ci_lower,data_derived,415,Adm_18_49,7,-21.0
3.0,1.0,6,vague,10000.0,ci_lower,data_derived,415,Adm_50_64,8,-14.0
3.0,1.0,6,vague,10000.0,ci_lower,data_derived,415,Adm_65_higher,8,0.0
3.0,1.0,6,vague,100000.0,posterior_mean,chp_operational,416,ILI_PMP,8,28.0
3.0,1.0,6,vague,100000.0,posterior_mean,chp_operational,416,ILI_AED,8,28.0
3.0,1.0,6,vague,100000.0,posterior_mean,chp_operational,416,ILI_CMP,8,24.5
3.0,1.0,6,vague,100000.0,posterior_mean,chp_operational,416,ILI_School,8,21.0
3.0,1.0,6,vague,100000.0,posterior_mean,chp_operational,416,ILI_NonSchool,8,10.5
3.0,1.0,6,vague,100000.0,posterior_mean,chp_operational,416,Fever_RCHE,0,
3.0,1.0,6,vague,100000.0,posterior_mean,chp_operational,416,Adm_All,8,17.5
3.0,1.0,6,vague,100000.0,posterior_mean,chp_operational,416,Adm_0_5,8,21.0
3.0,1.0,6,vague,100000.0,posterior_mean,chp_operational,416,Adm_6_11,8,17.5
3.0,1.0,6,vague,100000.0,posterior_mean,chp_operational,416,Adm_12_17,8,14.0
3.0,1.0,6,vague,100000.0,posterior_mean,chp_operational,416,Adm_18_49,8,3.5
3.0,1.0,6,vague,100000.0,posterior_mean,chp_operational,416,Adm_50_64,8,10.5
3.0,1.0,6,vague,100000.0,posterior_mean,chp_operational,416,Adm_65_higher,8,17.5
3.0,1.0,6,vague,100000.0,posterior_mean,data_derived,417,ILI_PMP,8,28.0
3.0,1.0,6,vague,100000.0,posterior_mean,data_derived,417,ILI_AED,8,28.0
3.0,1.0,6,vague,100000.0,posterior_mean,data_derived,417,ILI_CMP,8,24.5
3.0,1.0,6,vague,100000.0,posterior_mean,data_derived,417,ILI_School,8,21.0
3.0,1.0,6,vague,100000.0,posterior_mean,data_derived,417,ILI_NonSchool,8,10.5
3.0,1.0,6,vague,100000.0,posterior_mean,data_derived,417,Fever_RCHE,0,
3.0,1.0,6,vague,100000.0,posterior_mean,data_derived,417,Adm_All,8,17.5
3.0,1.0,6,vague,100000.0,posterior_mean,data_derived,417,Adm_0_5,8,21.0
3.0,1.0,6,vague,100000.0,posterior_mean,data_derived,417,Adm_6_11,8,17.5
3.0,1.0,6,vague,100000.0,posterior_mean,data_derived,417,Adm_12_17,8,14.0
3.0,1.0,6,vague,100000.0,posterior_mean,data_derived,417,Adm_18_49,8,3.5
3.0,1.0,6,vague,100000.0,posterior_mean,data_derived,417,Adm_50_64,8,10.5
3.0,1.0,6,vague,100000.0,posterior_mean,data_derived,417,Adm_65_higher,8,17.5
3.0,1.0,6,vague,100000.0,ci_lower,chp_operational,418,ILI_PMP,8,28.0
3.0,1.0,6,vague,100000.0,ci_lower,chp_operational,418,ILI_AED,8,28.0
3.0,1.0,6,vague,100000.0,ci_lower,chp_operational,418,ILI_CMP,8,24.5
3.0,1.0,6,vague,100000.0,ci_lower,chp_operational,418,ILI_School,8,21.0
3.0,1.0,6,vague,100000.0,ci_lower,chp_operational,418,ILI_NonSchool,8,10.5
3.0,1.0,6,vague,100000.0,ci_lower,chp_operational,418,Fever_RCHE,0,
3.0,1.0,6,vague,100000.0,ci_lower,chp_operational,418,Adm_All,8,14.0
3.0,1.0,6,vague,100000.0,ci_lower,chp_operational,418,Adm_0_5,8,21.0
3.0,1.0,6,vague,100000.0,ci_lower,chp_operational,418,Adm_6_11,8,17.5
3.0,1.0,6,vague,100000.0,ci_lower,chp_operational,418,Adm_12_17,8,14.0
3.0,1.0,6,vague,100000.0,ci_lower,chp_operational,418,Adm_18_49,8,3.5
3.0,1.0,6,vague,100000.0,ci_lower,chp_operational,418,Adm_50_64,8,3.5
3.0,1.0,6,vague,100000.0,ci_lower,chp_operational,418,Adm_65_higher,8,17.5
3.0,1.0,6,vague,100000.0,ci_lower,data_derived,419,ILI_PMP,8,28.0
3.0,1.0,6,vague,100000.0,ci_lower,data_derived,419,ILI_AED,8,28.0
3.0,1.0,6,vague,100000.0,ci_lower,data_derived,419,ILI_CMP,8,24.5
3.0,1.0,6,vague,100000.0,ci_lower,data_derived,419,ILI_School,8,21.0
3.0,1.0,6,vague,100000.0,ci_lower,data_derived,419,ILI_NonSchool,8,10.5
3.0,1.0,6,vague,100000.0,ci_lower,data_derived,419,Fever_RCHE,0,
3.0,1.0,6,vague,100000.0,ci_lower,data_derived,419,Adm_All,8,14.0
3.0,1.0,6,vague,100000.0,ci_lower,data_derived,419,Adm_0_5,8,21.0
3.0,1.0,6,vague,100000.0,ci_lower,data_derived,419,Adm_6_11,8,17.5
3.0,1.0,6,vague,100000.0,ci_lower,data_derived,419,Adm_12_17,8,14.0
3.0,1.0,6,vague,100000.0,ci_lower,data_derived,419,Adm_18_49,8,3.5
3.0,1.0,6,vague,100000.0,ci_lower,data_derived,419,Adm_50_64,8,7.0
3.0,1.0,6,vague,100000.0,ci_lower,data_derived,419,Adm_65_higher,8,17.5
3.0,1.0,6,weak_wide,1000.0,posterior_mean,chp_operational,420,ILI_PMP,8,28.0
3.0,1.0,6,weak_wide,1000.0,posterior_mean,chp_operational,420,ILI_AED,8,28.0
3.0,1.0,6,weak_wide,1000.0,posterior_mean,chp_operational,420,ILI_CMP,8,24.5
3.0,1.0,6,weak_wide,1000.0,posterior_mean,chp_operational,420,ILI_School,8,21.0
3.0,1.0,6,weak_wide,1000.0,posterior_mean,chp_operational,420,ILI_NonSchool,8,17.5
3.0,1.0,6,weak_wide,1000.0,posterior_mean,chp_operational,420,Fever_RCHE,8,28.0
3.0,1.0,6,weak_wide,1000.0,posterior_mean,chp_operational,420,Adm_All,8,21.0
3.0,1.0,6,weak_wide,1000.0,posterior_mean,chp_operational,420,Adm_0_5,8,21.0
3.0,1.0,6,weak_wide,1000.0,posterior_mean,chp_operational,420,Adm_6_11,8,28.0
3.0,1.0,6,weak_wide,1000.0,posterior_mean,chp_operational,420,Adm_12_17,8,28.0
3.0,1.0,6,weak_wide,1000.0,posterior_mean,chp_operational,420,Adm_18_49,8,28.0
3.0,1.0,6,weak_wide,1000.0,posterior_mean,chp_operational,420,Adm_50_64,8,21.0
3.0,1.0,6,weak_wide,1000.0,posterior_mean,chp_operational,420,Adm_65_higher,8,21.0
3.0,1.0,6,weak_wide,1000.0,posterior_mean,data_derived,421,ILI_PMP,8,28.0
3.0,1.0,6,weak_wide,1000.0,posterior_mean,data_derived,421,ILI_AED,8,28.0
3.0,1.0,6,weak_wide,1000.0,posterior_mean,data_derived,421,ILI_CMP,8,24.5
3.0,1.0,6,weak_wide,1000.0,posterior_mean,data_derived,421,ILI_School,8,21.0
3.0,1.0,6,weak_wide,1000.0,posterior_mean,data_derived,421,ILI_NonSchool,8,17.5
3.0,1.0,6,weak_wide,1000.0,posterior_mean,data_derived,421,Fever_RCHE,8,28.0
3.0,1.0,6,weak_wide,1000.0,posterior_mean,data_derived,421,Adm_All,8,21.0
3.0,1.0,6,weak_wide,1000.0,posterior_mean,data_derived,421,Adm_0_5,8,21.0
3.0,1.0,6,weak_wide,1000.0,posterior_mean,data_derived,421,Adm_6_11,8,28.0
3.0,1.0,6,weak_wide,1000.0,posterior_mean,data_derived,421,Adm_12_17,8,28.0
3.0,1.0,6,weak_wide,1000.0,posterior_mean,data_derived,421,Adm_18_49,8,28.0
3.0,1.0,6,weak_wide,1000.0,posterior_mean,data_derived,421,Adm_50_64,8,21.0
3.0,1.0,6,weak_wide,1000.0,posterior_mean,data_derived,421,Adm_65_higher,8,21.0
3.0,1.0,6,weak_wide,1000.0,ci_lower,chp_operational,422,ILI_PMP,8,28.0
3.0,1.0,6,weak_wide,1000.0,ci_lower,chp_operational,422,ILI_AED,8,28.0
3.0,1.0,6,weak_wide,1000.0,ci_lower,chp_operational,422,ILI_CMP,8,3.5
3.0,1.0,6,weak_wide,1000.0,ci_lower,chp_operational,422,ILI_School,8,21.0
3.0,1.0,6,weak_wide,1000.0,ci_lower,chp_operational,422,ILI_NonSchool,8,10.5
3.0,1.0,6,weak_wide,1000.0,ci_lower,chp_operational,422,Fever_RCHE,0,
3.0,1.0,6,weak_wide,1000.0,ci_lower,chp_operational,422,Adm_All,8,10.5
3.0,1.0,6,weak_wide,1000.0,ci_lower,chp_operational,422,Adm_0_5,8,10.5
3.0,1.0,6,weak_wide,1000.0,ci_lower,chp_operational,422,Adm_6_11,8,14.0
3.0,1.0,6,weak_wide,1000.0,ci_lower,chp_operational,422,Adm_12_17,8,14.0
3.0,1.0,6,weak_wide,1000.0,ci_lower,chp_operational,422,Adm_18_49,8,7.0
3.0,1.0,6,weak_wide,1000.0,ci_lower,chp_operational,422,Adm_50_64,8,3.5
3.0,1.0,6,weak_wide,1000.0,ci_lower,chp_operational,422,Adm_65_higher,8,17.5
3.0,1.0,6,weak_wide,1000.0,ci_lower,data_derived,423,ILI_PMP,8,28.0
3.0,1.0,6,weak_wide,1000.0,ci_lower,data_derived,423,ILI_AED,8,28.0
3.0,1.0,6,weak_wide,1000.0,ci_lower,data_derived,423,ILI_CMP,8,3.5
3.0,1.0,6,weak_wide,1000.0,ci_lower,data_derived,423,ILI_School,8,21.0
3.0,1.0,6,weak_wide,1000.0,ci_lower,data_derived,423,ILI_NonSchool,8,10.5
3.0,1.0,6,weak_wide,1000.0,ci_lower,data_derived,423,Fever_RCHE,0,
3.0,1.0,6,weak_wide,1000.0,ci_lower,data_derived,423,Adm_All,8,10.5
3.0,1.0,6,weak_wide,1000.0,ci_lower,data_derived,423,Adm_0_5,8,10.5
3.0,1.0,6,weak_wide,1000.0,ci_lower,data_derived,423,Adm_6_11,8,14.0
3.0,1.0,6,weak_wide,1000.0,ci_lower,data_derived,423,Adm_12_17,8,14.0
3.0,1.0,6,weak_wide,1000.0,ci_lower,data_derived,423,Adm_18_49,8,7.0
3.0,1.0,6,weak_wide,1000.0,ci_lower,data_derived,423,Adm_50_64,8,7.0
3.0,1.0,6,weak_wide,1000.0,ci_lower,data_derived,423,Adm_65_higher,8,17.5
3.0,1.0,6,weak_wide,10000.0,posterior_mean,chp_operational,424,ILI_PMP,8,28.0
3.0,1.0,6,weak_wide,10000.0,posterior_mean,chp_operational,424,ILI_AED,8,28.0
3.0,1.0,6,weak_wide,10000.0,posterior_mean,chp_operational,424,ILI_CMP,8,24.5
3.0,1.0,6,weak_wide,10000.0,posterior_mean,chp_operational,424,ILI_School,8,21.0
3.0,1.0,6,weak_wide,10000.0,posterior_mean,chp_operational,424,ILI_NonSchool,8,17.5
3.0,1.0,6,weak_wide,10000.0,posterior_mean,chp_operational,424,Fever_RCHE,8,24.5
3.0,1.0,6,weak_wide,10000.0,posterior_mean,chp_operational,424,Adm_All,8,21.0
3.0,1.0,6,weak_wide,10000.0,posterior_mean,chp_operational,424,Adm_0_5,8,21.0
3.0,1.0,6,weak_wide,10000.0,posterior_mean,chp_operational,424,Adm_6_11,8,28.0
3.0,1.0,6,weak_wide,10000.0,posterior_mean,chp_operational,424,Adm_12_17,8,28.0
3.0,1.0,6,weak_wide,10000.0,posterior_mean,chp_operational,424,Adm_18_49,8,28.0
3.0,1.0,6,weak_wide,10000.0,posterior_mean,chp_operational,424,Adm_50_64,8,21.0
3.0,1.0,6,weak_wide,10000.0,posterior_mean,chp_operational,424,Adm_65_higher,8,21.0
3.0,1.0,6,weak_wide,10000.0,posterior_mean,data_derived,425,ILI_PMP,8,28.0
3.0,1.0,6,weak_wide,10000.0,posterior_mean,data_derived,425,ILI_AED,8,28.0
3.0,1.0,6,weak_wide,10000.0,posterior_mean,data_derived,425,ILI_CMP,8,24.5
3.0,1.0,6,weak_wide,10000.0,posterior_mean,data_derived,425,ILI_School,8,21.0
3.0,1.0,6,weak_wide,10000.0,posterior_mean,data_derived,425,ILI_NonSchool,8,17.5
3.0,1.0,6,weak_wide,10000.0,posterior_mean,data_derived,425,Fever_RCHE,8,24.5
3.0,1.0,6,weak_wide,10000.0,posterior_mean,data_derived,425,Adm_All,8,21.0
3.0,1.0,6,weak_wide,10000.0,posterior_mean,data_derived,425,Adm_0_5,8,21.0
3.0,1.0,6,weak_wide,10000.0,posterior_mean,data_derived,425,Adm_6_11,8,28.0
3.0,1.0,6,weak_wide,10000.0,posterior_mean,data_derived,425,Adm_12_17,8,28.0
3.0,1.0,6,weak_wide,10000.0,posterior_mean,data_derived,425,Adm_18_49,8,28.0
3.0,1.0,6,weak_wide,10000.0,posterior_mean,data_derived,425,Adm_50_64,8,21.0
3.0,1.0,6,weak_wide,10000.0,posterior_mean,data_derived,425,Adm_65_higher,8,21.0
3.0,1.0,6,weak_wide,10000.0,ci_lower,chp_operational,426,ILI_PMP,8,28.0
3.0,1.0,6,weak_wide,10000.0,ci_lower,chp_operational,426,ILI_AED,8,28.0
3.0,1.0,6,weak_wide,10000.0,ci_lower,chp_operational,426,ILI_CMP,8,3.5
3.0,1.0,6,weak_wide,10000.0,ci_lower,chp_operational,426,ILI_School,8,21.0
3.0,1.0,6,weak_wide,10000.0,ci_lower,chp_operational,426,ILI_NonSchool,8,10.5
3.0,1.0,6,weak_wide,10000.0,ci_lower,chp_operational,426,Fever_RCHE,1,-35.0
3.0,1.0,6,weak_wide,10000.0,ci_lower,chp_operational,426,Adm_All,8,21.0
3.0,1.0,6,weak_wide,10000.0,ci_lower,chp_operational,426,Adm_0_5,8,21.0
3.0,1.0,6,weak_wide,10000.0,ci_lower,chp_operational,426,Adm_6_11,8,17.5
3.0,1.0,6,weak_wide,10000.0,ci_lower,chp_operational,426,Adm_12_17,8,14.0
3.0,1.0,6,weak_wide,10000.0,ci_lower,chp_operational,426,Adm_18_49,8,14.0
3.0,1.0,6,weak_wide,10000.0,ci_lower,chp_operational,426,Adm_50_64,8,21.0
3.0,1.0,6,weak_wide,10000.0,ci_lower,chp_operational,426,Adm_65_higher,8,17.5
3.0,1.0,6,weak_wide,10000.0,ci_lower,data_derived,427,ILI_PMP,8,28.0
3.0,1.0,6,weak_wide,10000.0,ci_lower,data_derived,427,ILI_AED,8,28.0
3.0,1.0,6,weak_wide,10000.0,ci_lower,data_derived,427,ILI_CMP,8,3.5
3.0,1.0,6,weak_wide,10000.0,ci_lower,data_derived,427,ILI_School,8,21.0
3.0,1.0,6,weak_wide,10000.0,ci_lower,data_derived,427,ILI_NonSchool,8,10.5
3.0,1.0,6,weak_wide,10000.0,ci_lower,data_derived,427,Fever_RCHE,1,-35.0
3.0,1.0,6,weak_wide,10000.0,ci_lower,data_derived,427,Adm_All,8,21.0
3.0,1.0,6,weak_wide,10000.0,ci_lower,data_derived,427,Adm_0_5,8,21.0
3.0,1.0,6,weak_wide,10000.0,ci_lower,data_derived,427,Adm_6_11,8,17.5
3.0,1.0,6,weak_wide,10000.0,ci_lower,data_derived,427,Adm_12_17,8,14.0
3.0,1.0,6,weak_wide,10000.0,ci_lower,data_derived,427,Adm_18_49,8,14.0
3.0,1.0,6,weak_wide,10000.0,ci_lower,data_derived,427,Adm_50_64,8,21.0
3.0,1.0,6,weak_wide,10000.0,ci_lower,data_derived,427,Adm_65_higher,8,17.5
3.0,1.0,6,weak_wide,100000.0,posterior_mean,chp_operational,428,ILI_PMP,8,28.0
3.0,1.0,6,weak_wide,100000.0,posterior_mean,chp_operational,428,ILI_AED,8,28.0
3.0,1.0,6,weak_wide,100000.0,posterior_mean,chp_operational,428,ILI_CMP,8,24.5
3.0,1.0,6,weak_wide,100000.0,posterior_mean,chp_operational,428,ILI_School,8,21.0
3.0,1.0,6,weak_wide,100000.0,posterior_mean,chp_operational,428,ILI_NonSchool,8,17.5
3.0,1.0,6,weak_wide,100000.0,posterior_mean,chp_operational,428,Fever_RCHE,8,24.5
3.0,1.0,6,weak_wide,100000.0,posterior_mean,chp_operational,428,Adm_All,8,21.0
3.0,1.0,6,weak_wide,100000.0,posterior_mean,chp_operational,428,Adm_0_5,8,21.0
3.0,1.0,6,weak_wide,100000.0,posterior_mean,chp_operational,428,Adm_6_11,8,24.5
3.0,1.0,6,weak_wide,100000.0,posterior_mean,chp_operational,428,Adm_12_17,8,28.0
3.0,1.0,6,weak_wide,100000.0,posterior_mean,chp_operational,428,Adm_18_49,8,28.0
3.0,1.0,6,weak_wide,100000.0,posterior_mean,chp_operational,428,Adm_50_64,8,21.0
3.0,1.0,6,weak_wide,100000.0,posterior_mean,chp_operational,428,Adm_65_higher,8,17.5
3.0,1.0,6,weak_wide,100000.0,posterior_mean,data_derived,429,ILI_PMP,8,28.0
3.0,1.0,6,weak_wide,100000.0,posterior_mean,data_derived,429,ILI_AED,8,28.0
3.0,1.0,6,weak_wide,100000.0,posterior_mean,data_derived,429,ILI_CMP,8,24.5
3.0,1.0,6,weak_wide,100000.0,posterior_mean,data_derived,429,ILI_School,8,21.0
3.0,1.0,6,weak_wide,100000.0,posterior_mean,data_derived,429,ILI_NonSchool,8,17.5
3.0,1.0,6,weak_wide,100000.0,posterior_mean,data_derived,429,Fever_RCHE,8,24.5
3.0,1.0,6,weak_wide,100000.0,posterior_mean,data_derived,429,Adm_All,8,21.0
3.0,1.0,6,weak_wide,100000.0,posterior_mean,data_derived,429,Adm_0_5,8,21.0
3.0,1.0,6,weak_wide,100000.0,posterior_mean,data_derived,429,Adm_6_11,8,24.5
3.0,1.0,6,weak_wide,100000.0,posterior_mean,data_derived,429,Adm_12_17,8,28.0
3.0,1.0,6,weak_wide,100000.0,posterior_mean,data_derived,429,Adm_18_49,8,28.0
3.0,1.0,6,weak_wide,100000.0,posterior_mean,data_derived,429,Adm_50_64,8,21.0
3.0,1.0,6,weak_wide,100000.0,posterior_mean,data_derived,429,Adm_65_higher,8,17.5
3.0,1.0,6,weak_wide,100000.0,ci_lower,chp_operational,430,ILI_PMP,8,28.0
3.0,1.0,6,weak_wide,100000.0,ci_lower,chp_operational,430,ILI_AED,8,28.0
3.0,1.0,6,weak_wide,100000.0,ci_lower,chp_operational,430,ILI_CMP,8,24.5
3.0,1.0,6,weak_wide,100000.0,ci_lower,chp_operational,430,ILI_School,8,21.0
3.0,1.0,6,weak_wide,100000.0,ci_lower,chp_operational,430,ILI_NonSchool,8,10.5
3.0,1.0,6,weak_wide,100000.0,ci_lower,chp_operational,430,Fever_RCHE,8,-31.5
3.0,1.0,6,weak_wide,100000.0,ci_lower,chp_operational,430,Adm_All,8,21.0
3.0,1.0,6,weak_wide,100000.0,ci_lower,chp_operational,430,Adm_0_5,8,21.0
3.0,1.0,6,weak_wide,100000.0,ci_lower,chp_operational,430,Adm_6_11,8,17.5
3.0,1.0,6,weak_wide,100000.0,ci_lower,chp_operational,430,Adm_12_17,8,14.0
3.0,1.0,6,weak_wide,100000.0,ci_lower,chp_operational,430,Adm_18_49,8,24.5
3.0,1.0,6,weak_wide,100000.0,ci_lower,chp_operational,430,Adm_50_64,8,21.0
3.0,1.0,6,weak_wide,100000.0,ci_lower,chp_operational,430,Adm_65_higher,8,17.5
3.0,1.0,6,weak_wide,100000.0,ci_lower,data_derived,431,ILI_PMP,8,28.0
3.0,1.0,6,weak_wide,100000.0,ci_lower,data_derived,431,ILI_AED,8,28.0
3.0,1.0,6,weak_wide,100000.0,ci_lower,data_derived,431,ILI_CMP,8,24.5
3.0,1.0,6,weak_wide,100000.0,ci_lower,data_derived,431,ILI_School,8,21.0
3.0,1.0,6,weak_wide,100000.0,ci_lower,data_derived,431,ILI_NonSchool,8,10.5
3.0,1.0,6,weak_wide,100000.0,ci_lower,data_derived,431,Fever_RCHE,8,-28.0
3.0,1.0,6,weak_wide,100000.0,ci_lower,data_derived,431,Adm_All,8,21.0
3.0,1.0,6,weak_wide,100000.0,ci_lower,data_derived,431,Adm_0_5,8,21.0
3.0,1.0,6,weak_wide,100000.0,ci_lower,data_derived,431,Adm_6_11,8,17.5
3.0,1.0,6,weak_wide,100000.0,ci_lower,data_derived,431,Adm_12_17,8,14.0
3.0,1.0,6,weak_wide,100000.0,ci_lower,data_derived,431,Adm_18_49,8,24.5
3.0,1.0,6,weak_wide,100000.0,ci_lower,data_derived,431,Adm_50_64,8,21.0
3.0,1.0,6,weak_wide,100000.0,ci_lower,data_derived,431,Adm_65_higher,8,17.5
3.0,2.0,2,v7,1000.0,posterior_mean,chp_operational,432,ILI_PMP,8,56.0
3.0,2.0,2,v7,1000.0,posterior_mean,chp_operational,432,ILI_AED,8,45.5
3.0,2.0,2,v7,1000.0,posterior_mean,chp_operational,432,ILI_CMP,8,52.5
3.0,2.0,2,v7,1000.0,posterior_mean,chp_operational,432,ILI_School,8,35.0
3.0,2.0,2,v7,1000.0,posterior_mean,chp_operational,432,ILI_NonSchool,8,10.5
3.0,2.0,2,v7,1000.0,posterior_mean,chp_operational,432,Fever_RCHE,0,
3.0,2.0,2,v7,1000.0,posterior_mean,chp_operational,432,Adm_All,8,42.0
3.0,2.0,2,v7,1000.0,posterior_mean,chp_operational,432,Adm_0_5,8,42.0
3.0,2.0,2,v7,1000.0,posterior_mean,chp_operational,432,Adm_6_11,8,28.0
3.0,2.0,2,v7,1000.0,posterior_mean,chp_operational,432,Adm_12_17,8,24.5
3.0,2.0,2,v7,1000.0,posterior_mean,chp_operational,432,Adm_18_49,8,45.5
3.0,2.0,2,v7,1000.0,posterior_mean,chp_operational,432,Adm_50_64,8,28.0
3.0,2.0,2,v7,1000.0,posterior_mean,chp_operational,432,Adm_65_higher,8,31.5
3.0,2.0,2,v7,1000.0,posterior_mean,data_derived,433,ILI_PMP,8,56.0
3.0,2.0,2,v7,1000.0,posterior_mean,data_derived,433,ILI_AED,8,45.5
3.0,2.0,2,v7,1000.0,posterior_mean,data_derived,433,ILI_CMP,8,52.5
3.0,2.0,2,v7,1000.0,posterior_mean,data_derived,433,ILI_School,8,35.0
3.0,2.0,2,v7,1000.0,posterior_mean,data_derived,433,ILI_NonSchool,8,10.5
3.0,2.0,2,v7,1000.0,posterior_mean,data_derived,433,Fever_RCHE,0,
3.0,2.0,2,v7,1000.0,posterior_mean,data_derived,433,Adm_All,8,42.0
3.0,2.0,2,v7,1000.0,posterior_mean,data_derived,433,Adm_0_5,8,42.0
3.0,2.0,2,v7,1000.0,posterior_mean,data_derived,433,Adm_6_11,8,31.5
3.0,2.0,2,v7,1000.0,posterior_mean,data_derived,433,Adm_12_17,8,28.0
3.0,2.0,2,v7,1000.0,posterior_mean,data_derived,433,Adm_18_49,8,45.5
3.0,2.0,2,v7,1000.0,posterior_mean,data_derived,433,Adm_50_64,8,28.0
3.0,2.0,2,v7,1000.0,posterior_mean,data_derived,433,Adm_65_higher,8,31.5
3.0,2.0,2,v7,1000.0,ci_lower,chp_operational,434,ILI_PMP,8,56.0
3.0,2.0,2,v7,1000.0,ci_lower,chp_operational,434,ILI_AED,8,45.5
3.0,2.0,2,v7,1000.0,ci_lower,chp_operational,434,ILI_CMP,8,52.5
3.0,2.0,2,v7,1000.0,ci_lower,chp_operational,434,ILI_School,8,31.5
3.0,2.0,2,v7,1000.0,ci_lower,chp_operational,434,ILI_NonSchool,8,10.5
3.0,2.0,2,v7,1000.0,ci_lower,chp_operational,434,Fever_RCHE,0,
3.0,2.0,2,v7,1000.0,ci_lower,chp_operational,434,Adm_All,8,24.5
3.0,2.0,2,v7,1000.0,ci_lower,chp_operational,434,Adm_0_5,8,42.0
3.0,2.0,2,v7,1000.0,ci_lower,chp_operational,434,Adm_6_11,8,28.0
3.0,2.0,2,v7,1000.0,ci_lower,chp_operational,434,Adm_12_17,8,24.5
3.0,2.0,2,v7,1000.0,ci_lower,chp_operational,434,Adm_18_49,8,3.5
3.0,2.0,2,v7,1000.0,ci_lower,chp_operational,434,Adm_50_64,8,21.0
3.0,2.0,2,v7,1000.0,ci_lower,chp_operational,434,Adm_65_higher,8,24.5
3.0,2.0,2,v7,1000.0,ci_lower,data_derived,435,ILI_PMP,8,56.0
3.0,2.0,2,v7,1000.0,ci_lower,data_derived,435,ILI_AED,8,45.5
3.0,2.0,2,v7,1000.0,ci_lower,data_derived,435,ILI_CMP,8,52.5
3.0,2.0,2,v7,1000.0,ci_lower,data_derived,435,ILI_School,8,31.5
3.0,2.0,2,v7,1000.0,ci_lower,data_derived,435,ILI_NonSchool,8,10.5
3.0,2.0,2,v7,1000.0,ci_lower,data_derived,435,Fever_RCHE,0,
3.0,2.0,2,v7,1000.0,ci_lower,data_derived,435,Adm_All,8,28.0
3.0,2.0,2,v7,1000.0,ci_lower,data_derived,435,Adm_0_5,8,42.0
3.0,2.0,2,v7,1000.0,ci_lower,data_derived,435,Adm_6_11,8,31.5
3.0,2.0,2,v7,1000.0,ci_lower,data_derived,435,Adm_12_17,8,28.0
3.0,2.0,2,v7,1000.0,ci_lower,data_derived,435,Adm_18_49,8,3.5
3.0,2.0,2,v7,1000.0,ci_lower,data_derived,435,Adm_50_64,8,24.5
3.0,2.0,2,v7,1000.0,ci_lower,data_derived,435,Adm_65_higher,8,24.5
3.0,2.0,2,v7,10000.0,posterior_mean,chp_operational,436,ILI_PMP,8,56.0
3.0,2.0,2,v7,10000.0,posterior_mean,chp_operational,436,ILI_AED,8,45.5
3.0,2.0,2,v7,10000.0,posterior_mean,chp_operational,436,ILI_CMP,8,52.5
3.0,2.0,2,v7,10000.0,posterior_mean,chp_operational,436,ILI_School,8,35.0
3.0,2.0,2,v7,10000.0,posterior_mean,chp_operational,436,ILI_NonSchool,8,28.0
3.0,2.0,2,v7,10000.0,posterior_mean,chp_operational,436,Fever_RCHE,8,7.0
3.0,2.0,2,v7,10000.0,posterior_mean,chp_operational,436,Adm_All,8,56.0
3.0,2.0,2,v7,10000.0,posterior_mean,chp_operational,436,Adm_0_5,8,56.0
3.0,2.0,2,v7,10000.0,posterior_mean,chp_operational,436,Adm_6_11,8,31.5
3.0,2.0,2,v7,10000.0,posterior_mean,chp_operational,436,Adm_12_17,8,24.5
3.0,2.0,2,v7,10000.0,posterior_mean,chp_operational,436,Adm_18_49,8,45.5
3.0,2.0,2,v7,10000.0,posterior_mean,chp_operational,436,Adm_50_64,8,42.0
3.0,2.0,2,v7,10000.0,posterior_mean,chp_operational,436,Adm_65_higher,8,31.5
3.0,2.0,2,v7,10000.0,posterior_mean,data_derived,437,ILI_PMP,8,56.0
3.0,2.0,2,v7,10000.0,posterior_mean,data_derived,437,ILI_AED,8,45.5
3.0,2.0,2,v7,10000.0,posterior_mean,data_derived,437,ILI_CMP,8,52.5
3.0,2.0,2,v7,10000.0,posterior_mean,data_derived,437,ILI_School,8,35.0
3.0,2.0,2,v7,10000.0,posterior_mean,data_derived,437,ILI_NonSchool,8,28.0
3.0,2.0,2,v7,10000.0,posterior_mean,data_derived,437,Fever_RCHE,8,10.5
3.0,2.0,2,v7,10000.0,posterior_mean,data_derived,437,Adm_All,8,56.0
3.0,2.0,2,v7,10000.0,posterior_mean,data_derived,437,Adm_0_5,8,56.0
3.0,2.0,2,v7,10000.0,posterior_mean,data_derived,437,Adm_6_11,8,31.5
3.0,2.0,2,v7,10000.0,posterior_mean,data_derived,437,Adm_12_17,8,28.0
3.0,2.0,2,v7,10000.0,posterior_mean,data_derived,437,Adm_18_49,8,45.5
3.0,2.0,2,v7,10000.0,posterior_mean,data_derived,437,Adm_50_64,8,42.0
3.0,2.0,2,v7,10000.0,posterior_mean,data_derived,437,Adm_65_higher,8,31.5
3.0,2.0,2,v7,10000.0,ci_lower,chp_operational,438,ILI_PMP,8,56.0
3.0,2.0,2,v7,10000.0,ci_lower,chp_operational,438,ILI_AED,8,45.5
3.0,2.0,2,v7,10000.0,ci_lower,chp_operational,438,ILI_CMP,8,52.5
3.0,2.0,2,v7,10000.0,ci_lower,chp_operational,438,ILI_School,8,35.0
3.0,2.0,2,v7,10000.0,ci_lower,chp_operational,438,ILI_NonSchool,8,10.5
3.0,2.0,2,v7,10000.0,ci_lower,chp_operational,438,Fever_RCHE,0,
3.0,2.0,2,v7,10000.0,ci_lower,chp_operational,438,Adm_All,8,42.0
3.0,2.0,2,v7,10000.0,ci_lower,chp_operational,438,Adm_0_5,8,42.0
3.0,2.0,2,v7,10000.0,ci_lower,chp_operational,438,Adm_6_11,8,28.0
3.0,2.0,2,v7,10000.0,ci_lower,chp_operational,438,Adm_12_17,8,24.5
3.0,2.0,2,v7,10000.0,ci_lower,chp_operational,438,Adm_18_49,8,45.5
3.0,2.0,2,v7,10000.0,ci_lower,chp_operational,438,Adm_50_64,8,28.0
3.0,2.0,2,v7,10000.0,ci_lower,chp_operational,438,Adm_65_higher,8,31.5
3.0,2.0,2,v7,10000.0,ci_lower,data_derived,439,ILI_PMP,8,56.0
3.0,2.0,2,v7,10000.0,ci_lower,data_derived,439,ILI_AED,8,45.5
3.0,2.0,2,v7,10000.0,ci_lower,data_derived,439,ILI_CMP,8,52.5
3.0,2.0,2,v7,10000.0,ci_lower,data_derived,439,ILI_School,8,35.0
3.0,2.0,2,v7,10000.0,ci_lower,data_derived,439,ILI_NonSchool,8,10.5
3.0,2.0,2,v7,10000.0,ci_lower,data_derived,439,Fever_RCHE,0,
3.0,2.0,2,v7,10000.0,ci_lower,data_derived,439,Adm_All,8,42.0
3.0,2.0,2,v7,10000.0,ci_lower,data_derived,439,Adm_0_5,8,42.0
3.0,2.0,2,v7,10000.0,ci_lower,data_derived,439,Adm_6_11,8,31.5
3.0,2.0,2,v7,10000.0,ci_lower,data_derived,439,Adm_12_17,8,28.0
3.0,2.0,2,v7,10000.0,ci_lower,data_derived,439,Adm_18_49,8,45.5
3.0,2.0,2,v7,10000.0,ci_lower,data_derived,439,Adm_50_64,8,28.0
3.0,2.0,2,v7,10000.0,ci_lower,data_derived,439,Adm_65_higher,8,31.5
3.0,2.0,2,v7,100000.0,posterior_mean,chp_operational,440,ILI_PMP,8,56.0
3.0,2.0,2,v7,100000.0,posterior_mean,chp_operational,440,ILI_AED,8,45.5
3.0,2.0,2,v7,100000.0,posterior_mean,chp_operational,440,ILI_CMP,8,52.5
3.0,2.0,2,v7,100000.0,posterior_mean,chp_operational,440,ILI_School,8,35.0
3.0,2.0,2,v7,100000.0,posterior_mean,chp_operational,440,ILI_NonSchool,8,28.0
3.0,2.0,2,v7,100000.0,posterior_mean,chp_operational,440,Fever_RCHE,8,52.5
3.0,2.0,2,v7,100000.0,posterior_mean,chp_operational,440,Adm_All,8,56.0
3.0,2.0,2,v7,100000.0,posterior_mean,chp_operational,440,Adm_0_5,8,56.0
3.0,2.0,2,v7,100000.0,posterior_mean,chp_operational,440,Adm_6_11,8,31.5
3.0,2.0,2,v7,100000.0,posterior_mean,chp_operational,440,Adm_12_17,8,24.5
3.0,2.0,2,v7,100000.0,posterior_mean,chp_operational,440,Adm_18_49,8,45.5
3.0,2.0,2,v7,100000.0,posterior_mean,chp_operational,440,Adm_50_64,8,42.0
3.0,2.0,2,v7,100000.0,posterior_mean,chp_operational,440,Adm_65_higher,8,31.5
3.0,2.0,2,v7,100000.0,posterior_mean,data_derived,441,ILI_PMP,8,56.0
3.0,2.0,2,v7,100000.0,posterior_mean,data_derived,441,ILI_AED,8,45.5
3.0,2.0,2,v7,100000.0,posterior_mean,data_derived,441,ILI_CMP,8,52.5
3.0,2.0,2,v7,100000.0,posterior_mean,data_derived,441,ILI_School,8,35.0
3.0,2.0,2,v7,100000.0,posterior_mean,data_derived,441,ILI_NonSchool,8,28.0
3.0,2.0,2,v7,100000.0,posterior_mean,data_derived,441,Fever_RCHE,8,52.5
3.0,2.0,2,v7,100000.0,posterior_mean,data_derived,441,Adm_All,8,56.0
3.0,2.0,2,v7,100000.0,posterior_mean,data_derived,441,Adm_0_5,8,56.0
3.0,2.0,2,v7,100000.0,posterior_mean,data_derived,441,Adm_6_11,8,31.5
3.0,2.0,2,v7,100000.0,posterior_mean,data_derived,441,Adm_12_17,8,28.0
3.0,2.0,2,v7,100000.0,posterior_mean,data_derived,441,Adm_18_49,8,45.5
3.0,2.0,2,v7,100000.0,posterior_mean,data_derived,441,Adm_50_64,8,42.0
3.0,2.0,2,v7,100000.0,posterior_mean,data_derived,441,Adm_65_higher,8,31.5
3.0,2.0,2,v7,100000.0,ci_lower,chp_operational,442,ILI_PMP,8,56.0
3.0,2.0,2,v7,100000.0,ci_lower,chp_operational,442,ILI_AED,8,45.5
3.0,2.0,2,v7,100000.0,ci_lower,chp_operational,442,ILI_CMP,8,52.5
3.0,2.0,2,v7,100000.0,ci_lower,chp_operational,442,ILI_School,8,35.0
3.0,2.0,2,v7,100000.0,ci_lower,chp_operational,442,ILI_NonSchool,8,10.5
3.0,2.0,2,v7,100000.0,ci_lower,chp_operational,442,Fever_RCHE,8,7.0
3.0,2.0,2,v7,100000.0,ci_lower,chp_operational,442,Adm_All,8,45.5
3.0,2.0,2,v7,100000.0,ci_lower,chp_operational,442,Adm_0_5,8,56.0
3.0,2.0,2,v7,100000.0,ci_lower,chp_operational,442,Adm_6_11,8,28.0
3.0,2.0,2,v7,100000.0,ci_lower,chp_operational,442,Adm_12_17,8,24.5
3.0,2.0,2,v7,100000.0,ci_lower,chp_operational,442,Adm_18_49,8,45.5
3.0,2.0,2,v7,100000.0,ci_lower,chp_operational,442,Adm_50_64,8,28.0
3.0,2.0,2,v7,100000.0,ci_lower,chp_operational,442,Adm_65_higher,8,31.5
3.0,2.0,2,v7,100000.0,ci_lower,data_derived,443,ILI_PMP,8,56.0
3.0,2.0,2,v7,100000.0,ci_lower,data_derived,443,ILI_AED,8,45.5
3.0,2.0,2,v7,100000.0,ci_lower,data_derived,443,ILI_CMP,8,52.5
3.0,2.0,2,v7,100000.0,ci_lower,data_derived,443,ILI_School,8,35.0
3.0,2.0,2,v7,100000.0,ci_lower,data_derived,443,ILI_NonSchool,8,10.5
3.0,2.0,2,v7,100000.0,ci_lower,data_derived,443,Fever_RCHE,8,10.5
3.0,2.0,2,v7,100000.0,ci_lower,data_derived,443,Adm_All,8,45.5
3.0,2.0,2,v7,100000.0,ci_lower,data_derived,443,Adm_0_5,8,56.0
3.0,2.0,2,v7,100000.0,ci_lower,data_derived,443,Adm_6_11,8,31.5
3.0,2.0,2,v7,100000.0,ci_lower,data_derived,443,Adm_12_17,8,28.0
3.0,2.0,2,v7,100000.0,ci_lower,data_derived,443,Adm_18_49,8,45.5
3.0,2.0,2,v7,100000.0,ci_lower,data_derived,443,Adm_50_64,8,28.0
3.0,2.0,2,v7,100000.0,ci_lower,data_derived,443,Adm_65_higher,8,31.5
3.0,2.0,2,vague,1000.0,posterior_mean,chp_operational,444,ILI_PMP,8,56.0
3.0,2.0,2,vague,1000.0,posterior_mean,chp_operational,444,ILI_AED,8,45.5
3.0,2.0,2,vague,1000.0,posterior_mean,chp_operational,444,ILI_CMP,6,-35.0
3.0,2.0,2,vague,1000.0,posterior_mean,chp_operational,444,ILI_School,8,31.5
3.0,2.0,2,vague,1000.0,posterior_mean,chp_operational,444,ILI_NonSchool,8,7.0
3.0,2.0,2,vague,1000.0,posterior_mean,chp_operational,444,Fever_RCHE,0,
3.0,2.0,2,vague,1000.0,posterior_mean,chp_operational,444,Adm_All,0,
3.0,2.0,2,vague,1000.0,posterior_mean,chp_operational,444,Adm_0_5,7,-14.0
3.0,2.0,2,vague,1000.0,posterior_mean,chp_operational,444,Adm_6_11,5,-49.0
3.0,2.0,2,vague,1000.0,posterior_mean,chp_operational,444,Adm_12_17,0,
3.0,2.0,2,vague,1000.0,posterior_mean,chp_operational,444,Adm_18_49,0,
3.0,2.0,2,vague,1000.0,posterior_mean,chp_operational,444,Adm_50_64,0,
3.0,2.0,2,vague,1000.0,posterior_mean,chp_operational,444,Adm_65_higher,6,-28.0
3.0,2.0,2,vague,1000.0,posterior_mean,data_derived,445,ILI_PMP,8,56.0
3.0,2.0,2,vague,1000.0,posterior_mean,data_derived,445,ILI_AED,8,45.5
3.0,2.0,2,vague,1000.0,posterior_mean,data_derived,445,ILI_CMP,6,-31.5
3.0,2.0,2,vague,1000.0,posterior_mean,data_derived,445,ILI_School,8,31.5
3.0,2.0,2,vague,1000.0,posterior_mean,data_derived,445,ILI_NonSchool,8,7.0
3.0,2.0,2,vague,1000.0,posterior_mean,data_derived,445,Fever_RCHE,0,
3.0,2.0,2,vague,1000.0,posterior_mean,data_derived,445,Adm_All,0,
3.0,2.0,2,vague,1000.0,posterior_mean,data_derived,445,Adm_0_5,7,-14.0
3.0,2.0,2,vague,1000.0,posterior_mean,data_derived,445,Adm_6_11,5,-42.0
3.0,2.0,2,vague,1000.0,posterior_mean,data_derived,445,Adm_12_17,0,
3.0,2.0,2,vague,1000.0,posterior_mean,data_derived,445,Adm_18_49,0,
3.0,2.0,2,vague,1000.0,posterior_mean,data_derived,445,Adm_50_64,0,
3.0,2.0,2,vague,1000.0,posterior_mean,data_derived,445,Adm_65_higher,6,-28.0
3.0,2.0,2,vague,1000.0,ci_lower,chp_operational,446,ILI_PMP,8,56.0
3.0,2.0,2,vague,1000.0,ci_lower,chp_operational,446,ILI_AED,8,42.0
3.0,2.0,2,vague,1000.0,ci_lower,chp_operational,446,ILI_CMP,5,-28.0
3.0,2.0,2,vague,1000.0,ci_lower,chp_operational,446,ILI_School,8,14.0
3.0,2.0,2,vague,1000.0,ci_lower,chp_operational,446,ILI_NonSchool,8,-10.5
3.0,2.0,2,vague,1000.0,ci_lower,chp_operational,446,Fever_RCHE,0,
3.0,2.0,2,vague,1000.0,ci_lower,chp_operational,446,Adm_All,0,
3.0,2.0,2,vague,1000.0,ci_lower,chp_operational,446,Adm_0_5,7,-14.0
3.0,2.0,2,vague,1000.0,ci_lower,chp_operational,446,Adm_6_11,3,-84.0
3.0,2.0,2,vague,1000.0,ci_lower,chp_operational,446,Adm_12_17,0,
3.0,2.0,2,vague,1000.0,ci_lower,chp_operational,446,Adm_18_49,0,
3.0,2.0,2,vague,1000.0,ci_lower,chp_operational,446,Adm_50_64,0,
3.0,2.0,2,vague,1000.0,ci_lower,chp_operational,446,Adm_65_higher,5,-35.0
3.0,2.0,2,vague,1000.0,ci_lower,data_derived,447,ILI_PMP,8,56.0
3.0,2.0,2,vague,1000.0,ci_lower,data_derived,447,ILI_AED,8,42.0
3.0,2.0,2,vague,1000.0,ci_lower,data_derived,447,ILI_CMP,5,-28.0
3.0,2.0,2,vague,1000.0,ci_lower,data_derived,447,ILI_School,8,14.0
3.0,2.0,2,vague,1000.0,ci_lower,data_derived,447,ILI_NonSchool,8,-10.5
3.0,2.0,2,vague,1000.0,ci_lower,data_derived,447,Fever_RCHE,0,
3.0,2.0,2,vague,1000.0,ci_lower,data_derived,447,Adm_All,0,
3.0,2.0,2,vague,1000.0,ci_lower,data_derived,447,Adm_0_5,7,-14.0
3.0,2.0,2,vague,1000.0,ci_lower,data_derived,447,Adm_6_11,3,-77.0
3.0,2.0,2,vague,1000.0,ci_lower,data_derived,447,Adm_12_17,0,
3.0,2.0,2,vague,1000.0,ci_lower,data_derived,447,Adm_18_49,0,
3.0,2.0,2,vague,1000.0,ci_lower,data_derived,447,Adm_50_64,0,
3.0,2.0,2,vague,1000.0,ci_lower,data_derived,447,Adm_65_higher,5,-35.0
3.0,2.0,2,vague,10000.0,posterior_mean,chp_operational,448,ILI_PMP,8,56.0
3.0,2.0,2,vague,10000.0,posterior_mean,chp_operational,448,ILI_AED,8,45.5
3.0,2.0,2,vague,10000.0,posterior_mean,chp_operational,448,ILI_CMP,8,52.5
3.0,2.0,2,vague,10000.0,posterior_mean,chp_operational,448,ILI_School,8,31.5
3.0,2.0,2,vague,10000.0,posterior_mean,chp_operational,448,ILI_NonSchool,8,10.5
3.0,2.0,2,vague,10000.0,posterior_mean,chp_operational,448,Fever_RCHE,0,
3.0,2.0,2,vague,10000.0,posterior_mean,chp_operational,448,Adm_All,8,-17.5
3.0,2.0,2,vague,10000.0,posterior_mean,chp_operational,448,Adm_0_5,8,24.5
3.0,2.0,2,vague,10000.0,posterior_mean,chp_operational,448,Adm_6_11,8,14.0
3.0,2.0,2,vague,10000.0,posterior_mean,chp_operational,448,Adm_12_17,8,-17.5
3.0,2.0,2,vague,10000.0,posterior_mean,chp_operational,448,Adm_18_49,5,-28.0
3.0,2.0,2,vague,10000.0,posterior_mean,chp_operational,448,Adm_50_64,8,-21.0
3.0,2.0,2,vague,10000.0,posterior_mean,chp_operational,448,Adm_65_higher,8,-3.5
3.0,2.0,2,vague,10000.0,posterior_mean,data_derived,449,ILI_PMP,8,56.0
3.0,2.0,2,vague,10000.0,posterior_mean,data_derived,449,ILI_AED,8,45.5
3.0,2.0,2,vague,10000.0,posterior_mean,data_derived,449,ILI_CMP,8,52.5
3.0,2.0,2,vague,10000.0,posterior_mean,data_derived,449,ILI_School,8,31.5
3.0,2.0,2,vague,10000.0,posterior_mean,data_derived,449,ILI_NonSchool,8,10.5
3.0,2.0,2,vague,10000.0,posterior_mean,data_derived,449,Fever_RCHE,0,
3.0,2.0,2,vague,10000.0,posterior_mean,data_derived,449,Adm_All,8,-14.0
3.0,2.0,2,vague,10000.0,posterior_mean,data_derived,449,Adm_0_5,8,28.0
3.0,2.0,2,vague,10000.0,posterior_mean,data_derived,449,Adm_6_11,8,17.5
3.0,2.0,2,vague,10000.0,posterior_mean,data_derived,449,Adm_12_17,8,-14.0
3.0,2.0,2,vague,10000.0,posterior_mean,data_derived,449,Adm_18_49,5,-28.0
3.0,2.0,2,vague,10000.0,posterior_mean,data_derived,449,Adm_50_64,8,-17.5
3.0,2.0,2,vague,10000.0,posterior_mean,data_derived,449,Adm_65_higher,8,0.0
3.0,2.0,2,vague,10000.0,ci_lower,chp_operational,450,ILI_PMP,8,56.0
3.0,2.0,2,vague,10000.0,ci_lower,chp_operational,450,ILI_AED,8,45.5
3.0,2.0,2,vague,10000.0,ci_lower,chp_operational,450,ILI_CMP,8,52.5
3.0,2.0,2,vague,10000.0,ci_lower,chp_operational,450,ILI_School,8,31.5
3.0,2.0,2,vague,10000.0,ci_lower,chp_operational,450,ILI_NonSchool,8,10.5
3.0,2.0,2,vague,10000.0,ci_lower,chp_operational,450,Fever_RCHE,0,
3.0,2.0,2,vague,10000.0,ci_lower,chp_operational,450,Adm_All,8,-17.5
3.0,2.0,2,vague,10000.0,ci_lower,chp_operational,450,Adm_0_5,8,24.5
3.0,2.0,2,vague,10000.0,ci_lower,chp_operational,450,Adm_6_11,8,14.0
3.0,2.0,2,vague,10000.0,ci_lower,chp_operational,450,Adm_12_17,8,-17.5
3.0,2.0,2,vague,10000.0,ci_lower,chp_operational,450,Adm_18_49,5,-28.0
3.0,2.0,2,vague,10000.0,ci_lower,chp_operational,450,Adm_50_64,8,-21.0
3.0,2.0,2,vague,10000.0,ci_lower,chp_operational,450,Adm_65_higher,8,-3.5
3.0,2.0,2,vague,10000.0,ci_lower,data_derived,451,ILI_PMP,8,56.0
3.0,2.0,2,vague,10000.0,ci_lower,data_derived,451,ILI_AED,8,45.5
3.0,2.0,2,vague,10000.0,ci_lower,data_derived,451,ILI_CMP,8,52.5
3.0,2.0,2,vague,10000.0,ci_lower,data_derived,451,ILI_School,8,31.5
3.0,2.0,2,vague,10000.0,ci_lower,data_derived,451,ILI_NonSchool,8,10.5
3.0,2.0,2,vague,10000.0,ci_lower,data_derived,451,Fever_RCHE,0,
3.0,2.0,2,vague,10000.0,ci_lower,data_derived,451,Adm_All,8,-14.0
3.0,2.0,2,vague,10000.0,ci_lower,data_derived,451,Adm_0_5,8,28.0
3.0,2.0,2,vague,10000.0,ci_lower,data_derived,451,Adm_6_11,8,17.5
3.0,2.0,2,vague,10000.0,ci_lower,data_derived,451,Adm_12_17,8,-14.0
3.0,2.0,2,vague,10000.0,ci_lower,data_derived,451,Adm_18_49,5,-28.0
3.0,2.0,2,vague,10000.0,ci_lower,data_derived,451,Adm_50_64,8,-17.5
3.0,2.0,2,vague,10000.0,ci_lower,data_derived,451,Adm_65_higher,8,0.0
3.0,2.0,2,vague,100000.0,posterior_mean,chp_operational,452,ILI_PMP,8,56.0
3.0,2.0,2,vague,100000.0,posterior_mean,chp_operational,452,ILI_AED,8,45.5
3.0,2.0,2,vague,100000.0,posterior_mean,chp_operational,452,ILI_CMP,8,52.5
3.0,2.0,2,vague,100000.0,posterior_mean,chp_operational,452,ILI_School,8,35.0
3.0,2.0,2,vague,100000.0,posterior_mean,chp_operational,452,ILI_NonSchool,8,10.5
3.0,2.0,2,vague,100000.0,posterior_mean,chp_operational,452,Fever_RCHE,0,
3.0,2.0,2,vague,100000.0,posterior_mean,chp_operational,452,Adm_All,8,28.0
3.0,2.0,2,vague,100000.0,posterior_mean,chp_operational,452,Adm_0_5,8,42.0
3.0,2.0,2,vague,100000.0,posterior_mean,chp_operational,452,Adm_6_11,8,28.0
3.0,2.0,2,vague,100000.0,posterior_mean,chp_operational,452,Adm_12_17,8,24.5
3.0,2.0,2,vague,100000.0,posterior_mean,chp_operational,452,Adm_18_49,8,10.5
3.0,2.0,2,vague,100000.0,posterior_mean,chp_operational,452,Adm_50_64,8,24.5
3.0,2.0,2,vague,100000.0,posterior_mean,chp_operational,452,Adm_65_higher,8,31.5
3.0,2.0,2,vague,100000.0,posterior_mean,data_derived,453,ILI_PMP,8,56.0
3.0,2.0,2,vague,100000.0,posterior_mean,data_derived,453,ILI_AED,8,45.5
3.0,2.0,2,vague,100000.0,posterior_mean,data_derived,453,ILI_CMP,8,52.5
3.0,2.0,2,vague,100000.0,posterior_mean,data_derived,453,ILI_School,8,35.0
3.0,2.0,2,vague,100000.0,posterior_mean,data_derived,453,ILI_NonSchool,8,10.5
3.0,2.0,2,vague,100000.0,posterior_mean,data_derived,453,Fever_RCHE,0,
3.0,2.0,2,vague,100000.0,posterior_mean,data_derived,453,Adm_All,8,31.5
3.0,2.0,2,vague,100000.0,posterior_mean,data_derived,453,Adm_0_5,8,42.0
3.0,2.0,2,vague,100000.0,posterior_mean,data_derived,453,Adm_6_11,8,31.5
3.0,2.0,2,vague,100000.0,posterior_mean,data_derived,453,Adm_12_17,8,28.0
3.0,2.0,2,vague,100000.0,posterior_mean,data_derived,453,Adm_18_49,8,14.0
3.0,2.0,2,vague,100000.0,posterior_mean,data_derived,453,Adm_50_64,8,24.5
3.0,2.0,2,vague,100000.0,posterior_mean,data_derived,453,Adm_65_higher,8,31.5
3.0,2.0,2,vague,100000.0,ci_lower,chp_operational,454,ILI_PMP,8,56.0
3.0,2.0,2,vague,100000.0,ci_lower,chp_operational,454,ILI_AED,8,45.5
3.0,2.0,2,vague,100000.0,ci_lower,chp_operational,454,ILI_CMP,8,52.5
3.0,2.0,2,vague,100000.0,ci_lower,chp_operational,454,ILI_School,8,35.0
3.0,2.0,2,vague,100000.0,ci_lower,chp_operational,454,ILI_NonSchool,8,10.5
3.0,2.0,2,vague,100000.0,ci_lower,chp_operational,454,Fever_RCHE,0,
3.0,2.0,2,vague,100000.0,ci_lower,chp_operational,454,Adm_All,8,28.0
3.0,2.0,2,vague,100000.0,ci_lower,chp_operational,454,Adm_0_5,8,42.0
3.0,2.0,2,vague,100000.0,ci_lower,chp_operational,454,Adm_6_11,8,28.0
3.0,2.0,2,vague,100000.0,ci_lower,chp_operational,454,Adm_12_17,8,24.5
3.0,2.0,2,vague,100000.0,ci_lower,chp_operational,454,Adm_18_49,8,3.5
3.0,2.0,2,vague,100000.0,ci_lower,chp_operational,454,Adm_50_64,8,24.5
3.0,2.0,2,vague,100000.0,ci_lower,chp_operational,454,Adm_65_higher,8,31.5
3.0,2.0,2,vague,100000.0,ci_lower,data_derived,455,ILI_PMP,8,56.0
3.0,2.0,2,vague,100000.0,ci_lower,data_derived,455,ILI_AED,8,45.5
3.0,2.0,2,vague,100000.0,ci_lower,data_derived,455,ILI_CMP,8,52.5
3.0,2.0,2,vague,100000.0,ci_lower,data_derived,455,ILI_School,8,35.0
3.0,2.0,2,vague,100000.0,ci_lower,data_derived,455,ILI_NonSchool,8,10.5
3.0,2.0,2,vague,100000.0,ci_lower,data_derived,455,Fever_RCHE,0,
3.0,2.0,2,vague,100000.0,ci_lower,data_derived,455,Adm_All,8,31.5
3.0,2.0,2,vague,100000.0,ci_lower,data_derived,455,Adm_0_5,8,42.0
3.0,2.0,2,vague,100000.0,ci_lower,data_derived,455,Adm_6_11,8,31.5
3.0,2.0,2,vague,100000.0,ci_lower,data_derived,455,Adm_12_17,8,28.0
3.0,2.0,2,vague,100000.0,ci_lower,data_derived,455,Adm_18_49,8,3.5
3.0,2.0,2,vague,100000.0,ci_lower,data_derived,455,Adm_50_64,8,24.5
3.0,2.0,2,vague,100000.0,ci_lower,data_derived,455,Adm_65_higher,8,31.5
3.0,2.0,2,weak_wide,1000.0,posterior_mean,chp_operational,456,ILI_PMP,8,56.0
3.0,2.0,2,weak_wide,1000.0,posterior_mean,chp_operational,456,ILI_AED,8,45.5
3.0,2.0,2,weak_wide,1000.0,posterior_mean,chp_operational,456,ILI_CMP,8,52.5
3.0,2.0,2,weak_wide,1000.0,posterior_mean,chp_operational,456,ILI_School,8,38.5
3.0,2.0,2,weak_wide,1000.0,posterior_mean,chp_operational,456,ILI_NonSchool,8,42.0
3.0,2.0,2,weak_wide,1000.0,posterior_mean,chp_operational,456,Fever_RCHE,8,56.0
3.0,2.0,2,weak_wide,1000.0,posterior_mean,chp_operational,456,Adm_All,8,56.0
3.0,2.0,2,weak_wide,1000.0,posterior_mean,chp_operational,456,Adm_0_5,8,56.0
3.0,2.0,2,weak_wide,1000.0,posterior_mean,chp_operational,456,Adm_6_11,8,52.5
3.0,2.0,2,weak_wide,1000.0,posterior_mean,chp_operational,456,Adm_12_17,8,56.0
3.0,2.0,2,weak_wide,1000.0,posterior_mean,chp_operational,456,Adm_18_49,8,45.5
3.0,2.0,2,weak_wide,1000.0,posterior_mean,chp_operational,456,Adm_50_64,8,52.5
3.0,2.0,2,weak_wide,1000.0,posterior_mean,chp_operational,456,Adm_65_higher,8,35.0
3.0,2.0,2,weak_wide,1000.0,posterior_mean,data_derived,457,ILI_PMP,8,56.0
3.0,2.0,2,weak_wide,1000.0,posterior_mean,data_derived,457,ILI_AED,8,45.5
3.0,2.0,2,weak_wide,1000.0,posterior_mean,data_derived,457,ILI_CMP,8,52.5
3.0,2.0,2,weak_wide,1000.0,posterior_mean,data_derived,457,ILI_School,8,38.5
3.0,2.0,2,weak_wide,1000.0,posterior_mean,data_derived,457,ILI_NonSchool,8,45.5
3.0,2.0,2,weak_wide,1000.0,posterior_mean,data_derived,457,Fever_RCHE,8,56.0
3.0,2.0,2,weak_wide,1000.0,posterior_mean,data_derived,457,Adm_All,8,56.0
3.0,2.0,2,weak_wide,1000.0,posterior_mean,data_derived,457,Adm_0_5,8,56.0
3.0,2.0,2,weak_wide,1000.0,posterior_mean,data_derived,457,Adm_6_11,8,52.5
3.0,2.0,2,weak_wide,1000.0,posterior_mean,data_derived,457,Adm_12_17,8,56.0
3.0,2.0,2,weak_wide,1000.0,posterior_mean,data_derived,457,Adm_18_49,8,45.5
3.0,2.0,2,weak_wide,1000.0,posterior_mean,data_derived,457,Adm_50_64,8,52.5
3.0,2.0,2,weak_wide,1000.0,posterior_mean,data_derived,457,Adm_65_higher,8,35.0
3.0,2.0,2,weak_wide,1000.0,ci_lower,chp_operational,458,ILI_PMP,8,56.0
3.0,2.0,2,weak_wide,1000.0,ci_lower,chp_operational,458,ILI_AED,8,45.5
3.0,2.0,2,weak_wide,1000.0,ci_lower,chp_operational,458,ILI_CMP,8,52.5
3.0,2.0,2,weak_wide,1000.0,ci_lower,chp_operational,458,ILI_School,8,31.5
3.0,2.0,2,weak_wide,1000.0,ci_lower,chp_operational,458,ILI_NonSchool,8,10.5
3.0,2.0,2,weak_wide,1000.0,ci_lower,chp_operational,458,Fever_RCHE,0,
3.0,2.0,2,weak_wide,1000.0,ci_lower,chp_operational,458,Adm_All,8,31.5
3.0,2.0,2,weak_wide,1000.0,ci_lower,chp_operational,458,Adm_0_5,8,42.0
3.0,2.0,2,weak_wide,1000.0,ci_lower,chp_operational,458,Adm_6_11,8,28.0
3.0,2.0,2,weak_wide,1000.0,ci_lower,chp_operational,458,Adm_12_17,8,24.5
3.0,2.0,2,weak_wide,1000.0,ci_lower,chp_operational,458,Adm_18_49,8,45.5
3.0,2.0,2,weak_wide,1000.0,ci_lower,chp_operational,458,Adm_50_64,8,28.0
3.0,2.0,2,weak_wide,1000.0,ci_lower,chp_operational,458,Adm_65_higher,8,31.5
3.0,2.0,2,weak_wide,1000.0,ci_lower,data_derived,459,ILI_PMP,8,56.0
3.0,2.0,2,weak_wide,1000.0,ci_lower,data_derived,459,ILI_AED,8,45.5
3.0,2.0,2,weak_wide,1000.0,ci_lower,data_derived,459,ILI_CMP,8,52.5
3.0,2.0,2,weak_wide,1000.0,ci_lower,data_derived,459,ILI_School,8,31.5
3.0,2.0,2,weak_wide,1000.0,ci_lower,data_derived,459,ILI_NonSchool,8,10.5
3.0,2.0,2,weak_wide,1000.0,ci_lower,data_derived,459,Fever_RCHE,0,
3.0,2.0,2,weak_wide,1000.0,ci_lower,data_derived,459,Adm_All,8,35.0
3.0,2.0,2,weak_wide,1000.0,ci_lower,data_derived,459,Adm_0_5,8,42.0
3.0,2.0,2,weak_wide,1000.0,ci_lower,data_derived,459,Adm_6_11,8,31.5
3.0,2.0,2,weak_wide,1000.0,ci_lower,data_derived,459,Adm_12_17,8,28.0
3.0,2.0,2,weak_wide,1000.0,ci_lower,data_derived,459,Adm_18_49,8,45.5
3.0,2.0,2,weak_wide,1000.0,ci_lower,data_derived,459,Adm_50_64,8,28.0
3.0,2.0,2,weak_wide,1000.0,ci_lower,data_derived,459,Adm_65_higher,8,31.5
3.0,2.0,2,weak_wide,10000.0,posterior_mean,chp_operational,460,ILI_PMP,8,56.0
3.0,2.0,2,weak_wide,10000.0,posterior_mean,chp_operational,460,ILI_AED,8,45.5
3.0,2.0,2,weak_wide,10000.0,posterior_mean,chp_operational,460,ILI_CMP,8,52.5
3.0,2.0,2,weak_wide,10000.0,posterior_mean,chp_operational,460,ILI_School,8,35.0
3.0,2.0,2,weak_wide,10000.0,posterior_mean,chp_operational,460,ILI_NonSchool,8,42.0
3.0,2.0,2,weak_wide,10000.0,posterior_mean,chp_operational,460,Fever_RCHE,8,56.0
3.0,2.0,2,weak_wide,10000.0,posterior_mean,chp_operational,460,Adm_All,8,56.0
3.0,2.0,2,weak_wide,10000.0,posterior_mean,chp_operational,460,Adm_0_5,8,56.0
3.0,2.0,2,weak_wide,10000.0,posterior_mean,chp_operational,460,Adm_6_11,8,52.5
3.0,2.0,2,weak_wide,10000.0,posterior_mean,chp_operational,460,Adm_12_17,8,56.0
3.0,2.0,2,weak_wide,10000.0,posterior_mean,chp_operational,460,Adm_18_49,8,45.5
3.0,2.0,2,weak_wide,10000.0,posterior_mean,chp_operational,460,Adm_50_64,8,42.0
3.0,2.0,2,weak_wide,10000.0,posterior_mean,chp_operational,460,Adm_65_higher,8,31.5
3.0,2.0,2,weak_wide,10000.0,posterior_mean,data_derived,461,ILI_PMP,8,56.0
3.0,2.0,2,weak_wide,10000.0,posterior_mean,data_derived,461,ILI_AED,8,45.5
3.0,2.0,2,weak_wide,10000.0,posterior_mean,data_derived,461,ILI_CMP,8,52.5
3.0,2.0,2,weak_wide,10000.0,posterior_mean,data_derived,461,ILI_School,8,35.0
3.0,2.0,2,weak_wide,10000.0,posterior_mean,data_derived,461,ILI_NonSchool,8,45.5
3.0,2.0,2,weak_wide,10000.0,posterior_mean,data_derived,461,Fever_RCHE,8,56.0
3.0,2.0,2,weak_wide,10000.0,posterior_mean,data_derived,461,Adm_All,8,56.0
3.0,2.0,2,weak_wide,10000.0,posterior_mean,data_derived,461,Adm_0_5,8,56.0
3.0,2.0,2,weak_wide,10000.0,posterior_mean,data_derived,461,Adm_6_11,8,52.5
3.0,2.0,2,weak_wide,10000.0,posterior_mean,data_derived,461,Adm_12_17,8,56.0
3.0,2.0,2,weak_wide,10000.0,posterior_mean,data_derived,461,Adm_18_49,8,45.5
3.0,2.0,2,weak_wide,10000.0,posterior_mean,data_derived,461,Adm_50_64,8,42.0
3.0,2.0,2,weak_wide,10000.0,posterior_mean,data_derived,461,Adm_65_higher,8,31.5
3.0,2.0,2,weak_wide,10000.0,ci_lower,chp_operational,462,ILI_PMP,8,56.0
3.0,2.0,2,weak_wide,10000.0,ci_lower,chp_operational,462,ILI_AED,8,45.5
3.0,2.0,2,weak_wide,10000.0,ci_lower,chp_operational,462,ILI_CMP,8,52.5
3.0,2.0,2,weak_wide,10000.0,ci_lower,chp_operational,462,ILI_School,8,35.0
3.0,2.0,2,weak_wide,10000.0,ci_lower,chp_operational,462,ILI_NonSchool,8,10.5
3.0,2.0,2,weak_wide,10000.0,ci_lower,chp_operational,462,Fever_RCHE,6,-35.0
3.0,2.0,2,weak_wide,10000.0,ci_lower,chp_operational,462,Adm_All,8,45.5
3.0,2.0,2,weak_wide,10000.0,ci_lower,chp_operational,462,Adm_0_5,8,42.0
3.0,2.0,2,weak_wide,10000.0,ci_lower,chp_operational,462,Adm_6_11,8,28.0
3.0,2.0,2,weak_wide,10000.0,ci_lower,chp_operational,462,Adm_12_17,8,24.5
3.0,2.0,2,weak_wide,10000.0,ci_lower,chp_operational,462,Adm_18_49,8,45.5
3.0,2.0,2,weak_wide,10000.0,ci_lower,chp_operational,462,Adm_50_64,8,28.0
3.0,2.0,2,weak_wide,10000.0,ci_lower,chp_operational,462,Adm_65_higher,8,31.5
3.0,2.0,2,weak_wide,10000.0,ci_lower,data_derived,463,ILI_PMP,8,56.0
3.0,2.0,2,weak_wide,10000.0,ci_lower,data_derived,463,ILI_AED,8,45.5
3.0,2.0,2,weak_wide,10000.0,ci_lower,data_derived,463,ILI_CMP,8,52.5
3.0,2.0,2,weak_wide,10000.0,ci_lower,data_derived,463,ILI_School,8,35.0
3.0,2.0,2,weak_wide,10000.0,ci_lower,data_derived,463,ILI_NonSchool,8,10.5
3.0,2.0,2,weak_wide,10000.0,ci_lower,data_derived,463,Fever_RCHE,6,-31.5
3.0,2.0,2,weak_wide,10000.0,ci_lower,data_derived,463,Adm_All,8,45.5
3.0,2.0,2,weak_wide,10000.0,ci_lower,data_derived,463,Adm_0_5,8,42.0
3.0,2.0,2,weak_wide,10000.0,ci_lower,data_derived,463,Adm_6_11,8,31.5
3.0,2.0,2,weak_wide,10000.0,ci_lower,data_derived,463,Adm_12_17,8,28.0
3.0,2.0,2,weak_wide,10000.0,ci_lower,data_derived,463,Adm_18_49,8,45.5
3.0,2.0,2,weak_wide,10000.0,ci_lower,data_derived,463,Adm_50_64,8,28.0
3.0,2.0,2,weak_wide,10000.0,ci_lower,data_derived,463,Adm_65_higher,8,31.5
3.0,2.0,2,weak_wide,100000.0,posterior_mean,chp_operational,464,ILI_PMP,8,56.0
3.0,2.0,2,weak_wide,100000.0,posterior_mean,chp_operational,464,ILI_AED,8,45.5
3.0,2.0,2,weak_wide,100000.0,posterior_mean,chp_operational,464,ILI_CMP,8,52.5
3.0,2.0,2,weak_wide,100000.0,posterior_mean,chp_operational,464,ILI_School,8,35.0
3.0,2.0,2,weak_wide,100000.0,posterior_mean,chp_operational,464,ILI_NonSchool,8,42.0
3.0,2.0,2,weak_wide,100000.0,posterior_mean,chp_operational,464,Fever_RCHE,8,52.5
3.0,2.0,2,weak_wide,100000.0,posterior_mean,chp_operational,464,Adm_All,8,56.0
3.0,2.0,2,weak_wide,100000.0,posterior_mean,chp_operational,464,Adm_0_5,8,56.0
3.0,2.0,2,weak_wide,100000.0,posterior_mean,chp_operational,464,Adm_6_11,8,49.0
3.0,2.0,2,weak_wide,100000.0,posterior_mean,chp_operational,464,Adm_12_17,8,56.0
3.0,2.0,2,weak_wide,100000.0,posterior_mean,chp_operational,464,Adm_18_49,8,45.5
3.0,2.0,2,weak_wide,100000.0,posterior_mean,chp_operational,464,Adm_50_64,8,42.0
3.0,2.0,2,weak_wide,100000.0,posterior_mean,chp_operational,464,Adm_65_higher,8,31.5
3.0,2.0,2,weak_wide,100000.0,posterior_mean,data_derived,465,ILI_PMP,8,56.0
3.0,2.0,2,weak_wide,100000.0,posterior_mean,data_derived,465,ILI_AED,8,45.5
3.0,2.0,2,weak_wide,100000.0,posterior_mean,data_derived,465,ILI_CMP,8,52.5
3.0,2.0,2,weak_wide,100000.0,posterior_mean,data_derived,465,ILI_School,8,35.0
3.0,2.0,2,weak_wide,100000.0,posterior_mean,data_derived,465,ILI_NonSchool,8,45.5
3.0,2.0,2,weak_wide,100000.0,posterior_mean,data_derived,465,Fever_RCHE,8,52.5
3.0,2.0,2,weak_wide,100000.0,posterior_mean,data_derived,465,Adm_All,8,56.0
3.0,2.0,2,weak_wide,100000.0,posterior_mean,data_derived,465,Adm_0_5,8,56.0
3.0,2.0,2,weak_wide,100000.0,posterior_mean,data_derived,465,Adm_6_11,8,49.0
3.0,2.0,2,weak_wide,100000.0,posterior_mean,data_derived,465,Adm_12_17,8,56.0
3.0,2.0,2,weak_wide,100000.0,posterior_mean,data_derived,465,Adm_18_49,8,45.5
3.0,2.0,2,weak_wide,100000.0,posterior_mean,data_derived,465,Adm_50_64,8,42.0
3.0,2.0,2,weak_wide,100000.0,posterior_mean,data_derived,465,Adm_65_higher,8,31.5
3.0,2.0,2,weak_wide,100000.0,ci_lower,chp_operational,466,ILI_PMP,8,56.0
3.0,2.0,2,weak_wide,100000.0,ci_lower,chp_operational,466,ILI_AED,8,45.5
3.0,2.0,2,weak_wide,100000.0,ci_lower,chp_operational,466,ILI_CMP,8,52.5
3.0,2.0,2,weak_wide,100000.0,ci_lower,chp_operational,466,ILI_School,8,35.0
3.0,2.0,2,weak_wide,100000.0,ci_lower,chp_operational,466,ILI_NonSchool,8,10.5
3.0,2.0,2,weak_wide,100000.0,ci_lower,chp_operational,466,Fever_RCHE,8,24.5
3.0,2.0,2,weak_wide,100000.0,ci_lower,chp_operational,466,Adm_All,8,45.5
3.0,2.0,2,weak_wide,100000.0,ci_lower,chp_operational,466,Adm_0_5,8,56.0
3.0,2.0,2,weak_wide,100000.0,ci_lower,chp_operational,466,Adm_6_11,8,28.0
3.0,2.0,2,weak_wide,100000.0,ci_lower,chp_operational,466,Adm_12_17,8,24.5
3.0,2.0,2,weak_wide,100000.0,ci_lower,chp_operational,466,Adm_18_49,8,45.5
3.0,2.0,2,weak_wide,100000.0,ci_lower,chp_operational,466,Adm_50_64,8,28.0
3.0,2.0,2,weak_wide,100000.0,ci_lower,chp_operational,466,Adm_65_higher,8,31.5
3.0,2.0,2,weak_wide,100000.0,ci_lower,data_derived,467,ILI_PMP,8,56.0
3.0,2.0,2,weak_wide,100000.0,ci_lower,data_derived,467,ILI_AED,8,45.5
3.0,2.0,2,weak_wide,100000.0,ci_lower,data_derived,467,ILI_CMP,8,52.5
3.0,2.0,2,weak_wide,100000.0,ci_lower,data_derived,467,ILI_School,8,35.0
3.0,2.0,2,weak_wide,100000.0,ci_lower,data_derived,467,ILI_NonSchool,8,10.5
3.0,2.0,2,weak_wide,100000.0,ci_lower,data_derived,467,Fever_RCHE,8,28.0
3.0,2.0,2,weak_wide,100000.0,ci_lower,data_derived,467,Adm_All,8,45.5
3.0,2.0,2,weak_wide,100000.0,ci_lower,data_derived,467,Adm_0_5,8,56.0
3.0,2.0,2,weak_wide,100000.0,ci_lower,data_derived,467,Adm_6_11,8,31.5
3.0,2.0,2,weak_wide,100000.0,ci_lower,data_derived,467,Adm_12_17,8,28.0
3.0,2.0,2,weak_wide,100000.0,ci_lower,data_derived,467,Adm_18_49,8,45.5
3.0,2.0,2,weak_wide,100000.0,ci_lower,data_derived,467,Adm_50_64,8,28.0
3.0,2.0,2,weak_wide,100000.0,ci_lower,data_derived,467,Adm_65_higher,8,31.5
3.0,2.0,3,v7,1000.0,posterior_mean,chp_operational,468,ILI_PMP,8,49.0
3.0,2.0,3,v7,1000.0,posterior_mean,chp_operational,468,ILI_AED,8,49.0
3.0,2.0,3,v7,1000.0,posterior_mean,chp_operational,468,ILI_CMP,8,45.5
3.0,2.0,3,v7,1000.0,posterior_mean,chp_operational,468,ILI_School,8,31.5
3.0,2.0,3,v7,1000.0,posterior_mean,chp_operational,468,ILI_NonSchool,8,10.5
3.0,2.0,3,v7,1000.0,posterior_mean,chp_operational,468,Fever_RCHE,0,
3.0,2.0,3,v7,1000.0,posterior_mean,chp_operational,468,Adm_All,8,35.0
3.0,2.0,3,v7,1000.0,posterior_mean,chp_operational,468,Adm_0_5,8,38.5
3.0,2.0,3,v7,1000.0,posterior_mean,chp_operational,468,Adm_6_11,8,28.0
3.0,2.0,3,v7,1000.0,posterior_mean,chp_operational,468,Adm_12_17,8,24.5
3.0,2.0,3,v7,1000.0,posterior_mean,chp_operational,468,Adm_18_49,8,7.0
3.0,2.0,3,v7,1000.0,posterior_mean,chp_operational,468,Adm_50_64,8,21.0
3.0,2.0,3,v7,1000.0,posterior_mean,chp_operational,468,Adm_65_higher,8,24.5
3.0,2.0,3,v7,1000.0,posterior_mean,data_derived,469,ILI_PMP,8,49.0
3.0,2.0,3,v7,1000.0,posterior_mean,data_derived,469,ILI_AED,8,49.0
3.0,2.0,3,v7,1000.0,posterior_mean,data_derived,469,ILI_CMP,8,45.5
3.0,2.0,3,v7,1000.0,posterior_mean,data_derived,469,ILI_School,8,31.5
3.0,2.0,3,v7,1000.0,posterior_mean,data_derived,469,ILI_NonSchool,8,10.5
3.0,2.0,3,v7,1000.0,posterior_mean,data_derived,469,Fever_RCHE,0,
3.0,2.0,3,v7,1000.0,posterior_mean,data_derived,469,Adm_All,8,35.0
3.0,2.0,3,v7,1000.0,posterior_mean,data_derived,469,Adm_0_5,8,38.5
3.0,2.0,3,v7,1000.0,posterior_mean,data_derived,469,Adm_6_11,8,28.0
3.0,2.0,3,v7,1000.0,posterior_mean,data_derived,469,Adm_12_17,8,24.5
3.0,2.0,3,v7,1000.0,posterior_mean,data_derived,469,Adm_18_49,8,7.0
3.0,2.0,3,v7,1000.0,posterior_mean,data_derived,469,Adm_50_64,8,21.0
3.0,2.0,3,v7,1000.0,posterior_mean,data_derived,469,Adm_65_higher,8,24.5
3.0,2.0,3,v7,1000.0,ci_lower,chp_operational,470,ILI_PMP,8,49.0
3.0,2.0,3,v7,1000.0,ci_lower,chp_operational,470,ILI_AED,8,42.0
3.0,2.0,3,v7,1000.0,ci_lower,chp_operational,470,ILI_CMP,8,45.5
3.0,2.0,3,v7,1000.0,ci_lower,chp_operational,470,ILI_School,8,31.5
3.0,2.0,3,v7,1000.0,ci_lower,chp_operational,470,ILI_NonSchool,8,10.5
3.0,2.0,3,v7,1000.0,ci_lower,chp_operational,470,Fever_RCHE,0,
3.0,2.0,3,v7,1000.0,ci_lower,chp_operational,470,Adm_All,8,14.0
3.0,2.0,3,v7,1000.0,ci_lower,chp_operational,470,Adm_0_5,8,38.5
3.0,2.0,3,v7,1000.0,ci_lower,chp_operational,470,Adm_6_11,8,24.5
3.0,2.0,3,v7,1000.0,ci_lower,chp_operational,470,Adm_12_17,8,24.5
3.0,2.0,3,v7,1000.0,ci_lower,chp_operational,470,Adm_18_49,8,3.5
3.0,2.0,3,v7,1000.0,ci_lower,chp_operational,470,Adm_50_64,8,10.5
3.0,2.0,3,v7,1000.0,ci_lower,chp_operational,470,Adm_65_higher,8,24.5
3.0,2.0,3,v7,1000.0,ci_lower,data_derived,471,ILI_PMP,8,49.0
3.0,2.0,3,v7,1000.0,ci_lower,data_derived,471,ILI_AED,8,42.0
3.0,2.0,3,v7,1000.0,ci_lower,data_derived,471,ILI_CMP,8,45.5
3.0,2.0,3,v7,1000.0,ci_lower,data_derived,471,ILI_School,8,31.5
3.0,2.0,3,v7,1000.0,ci_lower,data_derived,471,ILI_NonSchool,8,10.5
3.0,2.0,3,v7,1000.0,ci_lower,data_derived,471,Fever_RCHE,0,
3.0,2.0,3,v7,1000.0,ci_lower,data_derived,471,Adm_All,8,17.5
3.0,2.0,3,v7,1000.0,ci_lower,data_derived,471,Adm_0_5,8,38.5
3.0,2.0,3,v7,1000.0,ci_lower,data_derived,471,Adm_6_11,8,24.5
3.0,2.0,3,v7,1000.0,ci_lower,data_derived,471,Adm_12_17,8,24.5
3.0,2.0,3,v7,1000.0,ci_lower,data_derived,471,Adm_18_49,8,3.5
3.0,2.0,3,v7,1000.0,ci_lower,data_derived,471,Adm_50_64,8,10.5
3.0,2.0,3,v7,1000.0,ci_lower,data_derived,471,Adm_65_higher,8,24.5
3.0,2.0,3,v7,10000.0,posterior_mean,chp_operational,472,ILI_PMP,8,49.0
3.0,2.0,3,v7,10000.0,posterior_mean,chp_operational,472,ILI_AED,8,49.0
3.0,2.0,3,v7,10000.0,posterior_mean,chp_operational,472,ILI_CMP,8,45.5
3.0,2.0,3,v7,10000.0,posterior_mean,chp_operational,472,ILI_School,8,31.5
3.0,2.0,3,v7,10000.0,posterior_mean,chp_operational,472,ILI_NonSchool,8,10.5
3.0,2.0,3,v7,10000.0,posterior_mean,chp_operational,472,Fever_RCHE,8,7.0
3.0,2.0,3,v7,10000.0,posterior_mean,chp_operational,472,Adm_All,8,38.5
3.0,2.0,3,v7,10000.0,posterior_mean,chp_operational,472,Adm_0_5,8,38.5
3.0,2.0,3,v7,10000.0,posterior_mean,chp_operational,472,Adm_6_11,8,28.0
3.0,2.0,3,v7,10000.0,posterior_mean,chp_operational,472,Adm_12_17,8,24.5
3.0,2.0,3,v7,10000.0,posterior_mean,chp_operational,472,Adm_18_49,8,42.0
3.0,2.0,3,v7,10000.0,posterior_mean,chp_operational,472,Adm_50_64,8,24.5
3.0,2.0,3,v7,10000.0,posterior_mean,chp_operational,472,Adm_65_higher,8,24.5
3.0,2.0,3,v7,10000.0,posterior_mean,data_derived,473,ILI_PMP,8,49.0
3.0,2.0,3,v7,10000.0,posterior_mean,data_derived,473,ILI_AED,8,49.0
3.0,2.0,3,v7,10000.0,posterior_mean,data_derived,473,ILI_CMP,8,45.5
3.0,2.0,3,v7,10000.0,posterior_mean,data_derived,473,ILI_School,8,31.5
3.0,2.0,3,v7,10000.0,posterior_mean,data_derived,473,ILI_NonSchool,8,10.5
3.0,2.0,3,v7,10000.0,posterior_mean,data_derived,473,Fever_RCHE,8,10.5
3.0,2.0,3,v7,10000.0,posterior_mean,data_derived,473,Adm_All,8,38.5
3.0,2.0,3,v7,10000.0,posterior_mean,data_derived,473,Adm_0_5,8,38.5
3.0,2.0,3,v7,10000.0,posterior_mean,data_derived,473,Adm_6_11,8,28.0
3.0,2.0,3,v7,10000.0,posterior_mean,data_derived,473,Adm_12_17,8,28.0
3.0,2.0,3,v7,10000.0,posterior_mean,data_derived,473,Adm_18_49,8,42.0
3.0,2.0,3,v7,10000.0,posterior_mean,data_derived,473,Adm_50_64,8,24.5
3.0,2.0,3,v7,10000.0,posterior_mean,data_derived,473,Adm_65_higher,8,24.5
3.0,2.0,3,v7,10000.0,ci_lower,chp_operational,474,ILI_PMP,8,49.0
3.0,2.0,3,v7,10000.0,ci_lower,chp_operational,474,ILI_AED,8,49.0
3.0,2.0,3,v7,10000.0,ci_lower,chp_operational,474,ILI_CMP,8,45.5
3.0,2.0,3,v7,10000.0,ci_lower,chp_operational,474,ILI_School,8,31.5
3.0,2.0,3,v7,10000.0,ci_lower,chp_operational,474,ILI_NonSchool,8,10.5
3.0,2.0,3,v7,10000.0,ci_lower,chp_operational,474,Fever_RCHE,0,
3.0,2.0,3,v7,10000.0,ci_lower,chp_operational,474,Adm_All,8,35.0
3.0,2.0,3,v7,10000.0,ci_lower,chp_operational,474,Adm_0_5,8,38.5
3.0,2.0,3,v7,10000.0,ci_lower,chp_operational,474,Adm_6_11,8,24.5
3.0,2.0,3,v7,10000.0,ci_lower,chp_operational,474,Adm_12_17,8,24.5
3.0,2.0,3,v7,10000.0,ci_lower,chp_operational,474,Adm_18_49,8,24.5
3.0,2.0,3,v7,10000.0,ci_lower,chp_operational,474,Adm_50_64,8,21.0
3.0,2.0,3,v7,10000.0,ci_lower,chp_operational,474,Adm_65_higher,8,24.5
3.0,2.0,3,v7,10000.0,ci_lower,data_derived,475,ILI_PMP,8,49.0
3.0,2.0,3,v7,10000.0,ci_lower,data_derived,475,ILI_AED,8,49.0
3.0,2.0,3,v7,10000.0,ci_lower,data_derived,475,ILI_CMP,8,45.5
3.0,2.0,3,v7,10000.0,ci_lower,data_derived,475,ILI_School,8,31.5
3.0,2.0,3,v7,10000.0,ci_lower,data_derived,475,ILI_NonSchool,8,10.5
3.0,2.0,3,v7,10000.0,ci_lower,data_derived,475,Fever_RCHE,0,
3.0,2.0,3,v7,10000.0,ci_lower,data_derived,475,Adm_All,8,35.0
3.0,2.0,3,v7,10000.0,ci_lower,data_derived,475,Adm_0_5,8,38.5
3.0,2.0,3,v7,10000.0,ci_lower,data_derived,475,Adm_6_11,8,24.5
3.0,2.0,3,v7,10000.0,ci_lower,data_derived,475,Adm_12_17,8,24.5
3.0,2.0,3,v7,10000.0,ci_lower,data_derived,475,Adm_18_49,8,24.5
3.0,2.0,3,v7,10000.0,ci_lower,data_derived,475,Adm_50_64,8,21.0
3.0,2.0,3,v7,10000.0,ci_lower,data_derived,475,Adm_65_higher,8,24.5
3.0,2.0,3,v7,100000.0,posterior_mean,chp_operational,476,ILI_PMP,8,49.0
3.0,2.0,3,v7,100000.0,posterior_mean,chp_operational,476,ILI_AED,8,49.0
3.0,2.0,3,v7,100000.0,posterior_mean,chp_operational,476,ILI_CMP,8,45.5
3.0,2.0,3,v7,100000.0,posterior_mean,chp_operational,476,ILI_School,8,31.5
3.0,2.0,3,v7,100000.0,posterior_mean,chp_operational,476,ILI_NonSchool,8,10.5
3.0,2.0,3,v7,100000.0,posterior_mean,chp_operational,476,Fever_RCHE,8,49.0
3.0,2.0,3,v7,100000.0,posterior_mean,chp_operational,476,Adm_All,8,38.5
3.0,2.0,3,v7,100000.0,posterior_mean,chp_operational,476,Adm_0_5,8,38.5
3.0,2.0,3,v7,100000.0,posterior_mean,chp_operational,476,Adm_6_11,8,28.0
3.0,2.0,3,v7,100000.0,posterior_mean,chp_operational,476,Adm_12_17,8,24.5
3.0,2.0,3,v7,100000.0,posterior_mean,chp_operational,476,Adm_18_49,8,42.0
3.0,2.0,3,v7,100000.0,posterior_mean,chp_operational,476,Adm_50_64,8,24.5
3.0,2.0,3,v7,100000.0,posterior_mean,chp_operational,476,Adm_65_higher,8,24.5
3.0,2.0,3,v7,100000.0,posterior_mean,data_derived,477,ILI_PMP,8,49.0
3.0,2.0,3,v7,100000.0,posterior_mean,data_derived,477,ILI_AED,8,49.0
3.0,2.0,3,v7,100000.0,posterior_mean,data_derived,477,ILI_CMP,8,45.5
3.0,2.0,3,v7,100000.0,posterior_mean,data_derived,477,ILI_School,8,31.5
3.0,2.0,3,v7,100000.0,posterior_mean,data_derived,477,ILI_NonSchool,8,10.5
3.0,2.0,3,v7,100000.0,posterior_mean,data_derived,477,Fever_RCHE,8,49.0
3.0,2.0,3,v7,100000.0,posterior_mean,data_derived,477,Adm_All,8,38.5
3.0,2.0,3,v7,100000.0,posterior_mean,data_derived,477,Adm_0_5,8,38.5
3.0,2.0,3,v7,100000.0,posterior_mean,data_derived,477,Adm_6_11,8,28.0
3.0,2.0,3,v7,100000.0,posterior_mean,data_derived,477,Adm_12_17,8,28.0
3.0,2.0,3,v7,100000.0,posterior_mean,data_derived,477,Adm_18_49,8,42.0
3.0,2.0,3,v7,100000.0,posterior_mean,data_derived,477,Adm_50_64,8,24.5
3.0,2.0,3,v7,100000.0,posterior_mean,data_derived,477,Adm_65_higher,8,24.5
3.0,2.0,3,v7,100000.0,ci_lower,chp_operational,478,ILI_PMP,8,49.0
3.0,2.0,3,v7,100000.0,ci_lower,chp_operational,478,ILI_AED,8,49.0
3.0,2.0,3,v7,100000.0,ci_lower,chp_operational,478,ILI_CMP,8,45.5
3.0,2.0,3,v7,100000.0,ci_lower,chp_operational,478,ILI_School,8,31.5
3.0,2.0,3,v7,100000.0,ci_lower,chp_operational,478,ILI_NonSchool,8,10.5
3.0,2.0,3,v7,100000.0,ci_lower,chp_operational,478,Fever_RCHE,8,7.0
3.0,2.0,3,v7,100000.0,ci_lower,chp_operational,478,Adm_All,8,35.0
3.0,2.0,3,v7,100000.0,ci_lower,chp_operational,478,Adm_0_5,8,38.5
3.0,2.0,3,v7,100000.0,ci_lower,chp_operational,478,Adm_6_11,8,28.0
3.0,2.0,3,v7,100000.0,ci_lower,chp_operational,478,Adm_12_17,8,24.5
3.0,2.0,3,v7,100000.0,ci_lower,chp_operational,478,Adm_18_49,8,28.0
3.0,2.0,3,v7,100000.0,ci_lower,chp_operational,478,Adm_50_64,8,24.5
3.0,2.0,3,v7,100000.0,ci_lower,chp_operational,478,Adm_65_higher,8,24.5
3.0,2.0,3,v7,100000.0,ci_lower,data_derived,479,ILI_PMP,8,49.0
3.0,2.0,3,v7,100000.0,ci_lower,data_derived,479,ILI_AED,8,49.0
3.0,2.0,3,v7,100000.0,ci_lower,data_derived,479,ILI_CMP,8,45.5
3.0,2.0,3,v7,100000.0,ci_lower,data_derived,479,ILI_School,8,31.5
3.0,2.0,3,v7,100000.0,ci_lower,data_derived,479,ILI_NonSchool,8,10.5
3.0,2.0,3,v7,100000.0,ci_lower,data_derived,479,Fever_RCHE,8,10.5
3.0,2.0,3,v7,100000.0,ci_lower,data_derived,479,Adm_All,8,35.0
3.0,2.0,3,v7,100000.0,ci_lower,data_derived,479,Adm_0_5,8,38.5
3.0,2.0,3,v7,100000.0,ci_lower,data_derived,479,Adm_6_11,8,28.0
3.0,2.0,3,v7,100000.0,ci_lower,data_derived,479,Adm_12_17,8,28.0
3.0,2.0,3,v7,100000.0,ci_lower,data_derived,479,Adm_18_49,8,28.0
3.0,2.0,3,v7,100000.0,ci_lower,data_derived,479,Adm_50_64,8,24.5
3.0,2.0,3,v7,100000.0,ci_lower,data_derived,479,Adm_65_higher,8,24.5
3.0,2.0,3,vague,1000.0,posterior_mean,chp_operational,480,ILI_PMP,8,49.0
3.0,2.0,3,vague,1000.0,posterior_mean,chp_operational,480,ILI_AED,8,42.0
3.0,2.0,3,vague,1000.0,posterior_mean,chp_operational,480,ILI_CMP,7,-49.0
3.0,2.0,3,vague,1000.0,posterior_mean,chp_operational,480,ILI_School,8,31.5
3.0,2.0,3,vague,1000.0,posterior_mean,chp_operational,480,ILI_NonSchool,8,7.0
3.0,2.0,3,vague,1000.0,posterior_mean,chp_operational,480,Fever_RCHE,0,
3.0,2.0,3,vague,1000.0,posterior_mean,chp_operational,480,Adm_All,2,-66.5
3.0,2.0,3,vague,1000.0,posterior_mean,chp_operational,480,Adm_0_5,8,-14.0
3.0,2.0,3,vague,1000.0,posterior_mean,chp_operational,480,Adm_6_11,5,-35.0
3.0,2.0,3,vague,1000.0,posterior_mean,chp_operational,480,Adm_12_17,0,
3.0,2.0,3,vague,1000.0,posterior_mean,chp_operational,480,Adm_18_49,0,
3.0,2.0,3,vague,1000.0,posterior_mean,chp_operational,480,Adm_50_64,0,
3.0,2.0,3,vague,1000.0,posterior_mean,chp_operational,480,Adm_65_higher,6,-24.5
3.0,2.0,3,vague,1000.0,posterior_mean,data_derived,481,ILI_PMP,8,49.0
3.0,2.0,3,vague,1000.0,posterior_mean,data_derived,481,ILI_AED,8,42.0
3.0,2.0,3,vague,1000.0,posterior_mean,data_derived,481,ILI_CMP,7,-49.0
3.0,2.0,3,vague,1000.0,posterior_mean,data_derived,481,ILI_School,8,31.5
3.0,2.0,3,vague,1000.0,posterior_mean,data_derived,481,ILI_NonSchool,8,7.0
3.0,2.0,3,vague,1000.0,posterior_mean,data_derived,481,Fever_RCHE,0,
3.0,2.0,3,vague,1000.0,posterior_mean,data_derived,481,Adm_All,2,-63.0
3.0,2.0,3,vague,1000.0,posterior_mean,data_derived,481,Adm_0_5,8,-10.5
3.0,2.0,3,vague,1000.0,posterior_mean,data_derived,481,Adm_6_11,5,-35.0
3.0,2.0,3,vague,1000.0,posterior_mean,data_derived,481,Adm_12_17,0,
3.0,2.0,3,vague,1000.0,posterior_mean,data_derived,481,Adm_18_49,0,
3.0,2.0,3,vague,1000.0,posterior_mean,data_derived,481,Adm_50_64,0,
3.0,2.0,3,vague,1000.0,posterior_mean,data_derived,481,Adm_65_higher,6,-24.5
3.0,2.0,3,vague,1000.0,ci_lower,chp_operational,482,ILI_PMP,8,49.0
3.0,2.0,3,vague,1000.0,ci_lower,chp_operational,482,ILI_AED,8,38.5
3.0,2.0,3,vague,1000.0,ci_lower,chp_operational,482,ILI_CMP,4,-10.5
3.0,2.0,3,vague,1000.0,ci_lower,chp_operational,482,ILI_School,8,28.0
3.0,2.0,3,vague,1000.0,ci_lower,chp_operational,482,ILI_NonSchool,8,-14.0
3.0,2.0,3,vague,1000.0,ci_lower,chp_operational,482,Fever_RCHE,0,
3.0,2.0,3,vague,1000.0,ci_lower,chp_operational,482,Adm_All,1,-98.0
3.0,2.0,3,vague,1000.0,ci_lower,chp_operational,482,Adm_0_5,7,-14.0
3.0,2.0,3,vague,1000.0,ci_lower,chp_operational,482,Adm_6_11,4,-59.5
3.0,2.0,3,vague,1000.0,ci_lower,chp_operational,482,Adm_12_17,0,
3.0,2.0,3,vague,1000.0,ci_lower,chp_operational,482,Adm_18_49,0,
3.0,2.0,3,vague,1000.0,ci_lower,chp_operational,482,Adm_50_64,0,
3.0,2.0,3,vague,1000.0,ci_lower,chp_operational,482,Adm_65_higher,6,-24.5
3.0,2.0,3,vague,1000.0,ci_lower,data_derived,483,ILI_PMP,8,49.0
3.0,2.0,3,vague,1000.0,ci_lower,data_derived,483,ILI_AED,8,38.5
3.0,2.0,3,vague,1000.0,ci_lower,data_derived,483,ILI_CMP,4,-7.0
3.0,2.0,3,vague,1000.0,ci_lower,data_derived,483,ILI_School,8,31.5
3.0,2.0,3,vague,1000.0,ci_lower,data_derived,483,ILI_NonSchool,8,-10.5
3.0,2.0,3,vague,1000.0,ci_lower,data_derived,483,Fever_RCHE,0,
3.0,2.0,3,vague,1000.0,ci_lower,data_derived,483,Adm_All,1,-91.0
3.0,2.0,3,vague,1000.0,ci_lower,data_derived,483,Adm_0_5,7,-7.0
3.0,2.0,3,vague,1000.0,ci_lower,data_derived,483,Adm_6_11,4,-56.0
3.0,2.0,3,vague,1000.0,ci_lower,data_derived,483,Adm_12_17,0,
3.0,2.0,3,vague,1000.0,ci_lower,data_derived,483,Adm_18_49,0,
3.0,2.0,3,vague,1000.0,ci_lower,data_derived,483,Adm_50_64,0,
3.0,2.0,3,vague,1000.0,ci_lower,data_derived,483,Adm_65_higher,6,-24.5
3.0,2.0,3,vague,10000.0,posterior_mean,chp_operational,484,ILI_PMP,8,49.0
3.0,2.0,3,vague,10000.0,posterior_mean,chp_operational,484,ILI_AED,8,49.0
3.0,2.0,3,vague,10000.0,posterior_mean,chp_operational,484,ILI_CMP,8,45.5
3.0,2.0,3,vague,10000.0,posterior_mean,chp_operational,484,ILI_School,8,31.5
3.0,2.0,3,vague,10000.0,posterior_mean,chp_operational,484,ILI_NonSchool,8,10.5
3.0,2.0,3,vague,10000.0,posterior_mean,chp_operational,484,Fever_RCHE,0,
3.0,2.0,3,vague,10000.0,posterior_mean,chp_operational,484,Adm_All,8,-10.5
3.0,2.0,3,vague,10000.0,posterior_mean,chp_operational,484,Adm_0_5,8,24.5
3.0,2.0,3,vague,10000.0,posterior_mean,chp_operational,484,Adm_6_11,8,10.5
3.0,2.0,3,vague,10000.0,posterior_mean,chp_operational,484,Adm_12_17,8,-17.5
3.0,2.0,3,vague,10000.0,posterior_mean,chp_operational,484,Adm_18_49,7,-28.0
3.0,2.0,3,vague,10000.0,posterior_mean,chp_operational,484,Adm_50_64,8,-17.5
3.0,2.0,3,vague,10000.0,posterior_mean,chp_operational,484,Adm_65_higher,8,-3.5
3.0,2.0,3,vague,10000.0,posterior_mean,data_derived,485,ILI_PMP,8,49.0
3.0,2.0,3,vague,10000.0,posterior_mean,data_derived,485,ILI_AED,8,49.0
3.0,2.0,3,vague,10000.0,posterior_mean,data_derived,485,ILI_CMP,8,45.5
3.0,2.0,3,vague,10000.0,posterior_mean,data_derived,485,ILI_School,8,31.5
3.0,2.0,3,vague,10000.0,posterior_mean,data_derived,485,ILI_NonSchool,8,10.5
3.0,2.0,3,vague,10000.0,posterior_mean,data_derived,485,Fever_RCHE,0,
3.0,2.0,3,vague,10000.0,posterior_mean,data_derived,485,Adm_All,8,-7.0
3.0,2.0,3,vague,10000.0,posterior_mean,data_derived,485,Adm_0_5,8,28.0
3.0,2.0,3,vague,10000.0,posterior_mean,data_derived,485,Adm_6_11,8,14.0
3.0,2.0,3,vague,10000.0,posterior_mean,data_derived,485,Adm_12_17,8,-14.0
3.0,2.0,3,vague,10000.0,posterior_mean,data_derived,485,Adm_18_49,7,-28.0
3.0,2.0,3,vague,10000.0,posterior_mean,data_derived,485,Adm_50_64,8,-14.0
3.0,2.0,3,vague,10000.0,posterior_mean,data_derived,485,Adm_65_higher,8,0.0
3.0,2.0,3,vague,10000.0,ci_lower,chp_operational,486,ILI_PMP,8,49.0
3.0,2.0,3,vague,10000.0,ci_lower,chp_operational,486,ILI_AED,8,49.0
3.0,2.0,3,vague,10000.0,ci_lower,chp_operational,486,ILI_CMP,8,31.5
3.0,2.0,3,vague,10000.0,ci_lower,chp_operational,486,ILI_School,8,31.5
3.0,2.0,3,vague,10000.0,ci_lower,chp_operational,486,ILI_NonSchool,8,10.5
3.0,2.0,3,vague,10000.0,ci_lower,chp_operational,486,Fever_RCHE,0,
3.0,2.0,3,vague,10000.0,ci_lower,chp_operational,486,Adm_All,8,-10.5
3.0,2.0,3,vague,10000.0,ci_lower,chp_operational,486,Adm_0_5,8,24.5
3.0,2.0,3,vague,10000.0,ci_lower,chp_operational,486,Adm_6_11,8,10.5
3.0,2.0,3,vague,10000.0,ci_lower,chp_operational,486,Adm_12_17,8,-17.5
3.0,2.0,3,vague,10000.0,ci_lower,chp_operational,486,Adm_18_49,6,-31.5
3.0,2.0,3,vague,10000.0,ci_lower,chp_operational,486,Adm_50_64,8,-17.5
3.0,2.0,3,vague,10000.0,ci_lower,chp_operational,486,Adm_65_higher,8,-3.5
3.0,2.0,3,vague,10000.0,ci_lower,data_derived,487,ILI_PMP,8,49.0
3.0,2.0,3,vague,10000.0,ci_lower,data_derived,487,ILI_AED,8,49.0
3.0,2.0,3,vague,10000.0,ci_lower,data_derived,487,ILI_CMP,8,31.5
3.0,2.0,3,vague,10000.0,ci_lower,data_derived,487,ILI_School,8,31.5
3.0,2.0,3,vague,10000.0,ci_lower,data_derived,487,ILI_NonSchool,8,10.5
3.0,2.0,3,vague,10000.0,ci_lower,data_derived,487,Fever_RCHE,0,
3.0,2.0,3,vague,10000.0,ci_lower,data_derived,487,Adm_All,8,-7.0
3.0,2.0,3,vague,10000.0,ci_lower,data_derived,487,Adm_0_5,8,28.0
3.0,2.0,3,vague,10000.0,ci_lower,data_derived,487,Adm_6_11,8,14.0
3.0,2.0,3,vague,10000.0,ci_lower,data_derived,487,Adm_12_17,8,-14.0
3.0,2.0,3,vague,10000.0,ci_lower,data_derived,487,Adm_18_49,6,-28.0
3.0,2.0,3,vague,10000.0,ci_lower,data_derived,487,Adm_50_64,8,-14.0
3.0,2.0,3,vague,10000.0,ci_lower,data_derived,487,Adm_65_higher,8,0.0
3.0,2.0,3,vague,100000.0,posterior_mean,chp_operational,488,ILI_PMP,8,49.0
3.0,2.0,3,vague,100000.0,posterior_mean,chp_operational,488,ILI_AED,8,49.0
3.0,2.0,3,vague,100000.0,posterior_mean,chp_operational,488,ILI_CMP,8,45.5
3.0,2.0,3,vague,100000.0,posterior_mean,chp_operational,488,ILI_School,8,31.5
3.0,2.0,3,vague,100000.0,posterior_mean,chp_operational,488,ILI_NonSchool,8,10.5
3.0,2.0,3,vague,100000.0,posterior_mean,chp_operational,488,Fever_RCHE,0,
3.0,2.0,3,vague,100000.0,posterior_mean,chp_operational,488,Adm_All,8,17.5
3.0,2.0,3,vague,100000.0,posterior_mean,chp_operational,488,Adm_0_5,8,38.5
3.0,2.0,3,vague,100000.0,posterior_mean,chp_operational,488,Adm_6_11,8,28.0
3.0,2.0,3,vague,100000.0,posterior_mean,chp_operational,488,Adm_12_17,8,24.5
3.0,2.0,3,vague,100000.0,posterior_mean,chp_operational,488,Adm_18_49,8,3.5
3.0,2.0,3,vague,100000.0,posterior_mean,chp_operational,488,Adm_50_64,8,10.5
3.0,2.0,3,vague,100000.0,posterior_mean,chp_operational,488,Adm_65_higher,8,24.5
3.0,2.0,3,vague,100000.0,posterior_mean,data_derived,489,ILI_PMP,8,49.0
3.0,2.0,3,vague,100000.0,posterior_mean,data_derived,489,ILI_AED,8,49.0
3.0,2.0,3,vague,100000.0,posterior_mean,data_derived,489,ILI_CMP,8,45.5
3.0,2.0,3,vague,100000.0,posterior_mean,data_derived,489,ILI_School,8,31.5
3.0,2.0,3,vague,100000.0,posterior_mean,data_derived,489,ILI_NonSchool,8,10.5
3.0,2.0,3,vague,100000.0,posterior_mean,data_derived,489,Fever_RCHE,0,
3.0,2.0,3,vague,100000.0,posterior_mean,data_derived,489,Adm_All,8,17.5
3.0,2.0,3,vague,100000.0,posterior_mean,data_derived,489,Adm_0_5,8,38.5
3.0,2.0,3,vague,100000.0,posterior_mean,data_derived,489,Adm_6_11,8,28.0
3.0,2.0,3,vague,100000.0,posterior_mean,data_derived,489,Adm_12_17,8,24.5
3.0,2.0,3,vague,100000.0,posterior_mean,data_derived,489,Adm_18_49,8,3.5
3.0,2.0,3,vague,100000.0,posterior_mean,data_derived,489,Adm_50_64,8,10.5
3.0,2.0,3,vague,100000.0,posterior_mean,data_derived,489,Adm_65_higher,8,24.5
3.0,2.0,3,vague,100000.0,ci_lower,chp_operational,490,ILI_PMP,8,49.0
3.0,2.0,3,vague,100000.0,ci_lower,chp_operational,490,ILI_AED,8,49.0
3.0,2.0,3,vague,100000.0,ci_lower,chp_operational,490,ILI_CMP,8,45.5
3.0,2.0,3,vague,100000.0,ci_lower,chp_operational,490,ILI_School,8,31.5
3.0,2.0,3,vague,100000.0,ci_lower,chp_operational,490,ILI_NonSchool,8,10.5
3.0,2.0,3,vague,100000.0,ci_lower,chp_operational,490,Fever_RCHE,0,
3.0,2.0,3,vague,100000.0,ci_lower,chp_operational,490,Adm_All,8,17.5
3.0,2.0,3,vague,100000.0,ci_lower,chp_operational,490,Adm_0_5,8,38.5
3.0,2.0,3,vague,100000.0,ci_lower,chp_operational,490,Adm_6_11,8,24.5
3.0,2.0,3,vague,100000.0,ci_lower,chp_operational,490,Adm_12_17,8,24.5
3.0,2.0,3,vague,100000.0,ci_lower,chp_operational,490,Adm_18_49,8,3.5
3.0,2.0,3,vague,100000.0,ci_lower,chp_operational,490,Adm_50_64,8,10.5
3.0,2.0,3,vague,100000.0,ci_lower,chp_operational,490,Adm_65_higher,8,24.5
3.0,2.0,3,vague,100000.0,ci_lower,data_derived,491,ILI_PMP,8,49.0
3.0,2.0,3,vague,100000.0,ci_lower,data_derived,491,ILI_AED,8,49.0
3.0,2.0,3,vague,100000.0,ci_lower,data_derived,491,ILI_CMP,8,45.5
3.0,2.0,3,vague,100000.0,ci_lower,data_derived,491,ILI_School,8,31.5
3.0,2.0,3,vague,100000.0,ci_lower,data_derived,491,ILI_NonSchool,8,10.5
3.0,2.0,3,vague,100000.0,ci_lower,data_derived,491,Fever_RCHE,0,
3.0,2.0,3,vague,100000.0,ci_lower,data_derived,491,Adm_All,8,17.5
3.0,2.0,3,vague,100000.0,ci_lower,data_derived,491,Adm_0_5,8,38.5
3.0,2.0,3,vague,100000.0,ci_lower,data_derived,491,Adm_6_11,8,24.5
3.0,2.0,3,vague,100000.0,ci_lower,data_derived,491,Adm_12_17,8,24.5
3.0,2.0,3,vague,100000.0,ci_lower,data_derived,491,Adm_18_49,8,3.5
3.0,2.0,3,vague,100000.0,ci_lower,data_derived,491,Adm_50_64,8,10.5
3.0,2.0,3,vague,100000.0,ci_lower,data_derived,491,Adm_65_higher,8,24.5
3.0,2.0,3,weak_wide,1000.0,posterior_mean,chp_operational,492,ILI_PMP,8,49.0
3.0,2.0,3,weak_wide,1000.0,posterior_mean,chp_operational,492,ILI_AED,8,49.0
3.0,2.0,3,weak_wide,1000.0,posterior_mean,chp_operational,492,ILI_CMP,8,45.5
3.0,2.0,3,weak_wide,1000.0,posterior_mean,chp_operational,492,ILI_School,8,31.5
3.0,2.0,3,weak_wide,1000.0,posterior_mean,chp_operational,492,ILI_NonSchool,8,28.0
3.0,2.0,3,weak_wide,1000.0,posterior_mean,chp_operational,492,Fever_RCHE,8,49.0
3.0,2.0,3,weak_wide,1000.0,posterior_mean,chp_operational,492,Adm_All,8,38.5
3.0,2.0,3,weak_wide,1000.0,posterior_mean,chp_operational,492,Adm_0_5,8,38.5
3.0,2.0,3,weak_wide,1000.0,posterior_mean,chp_operational,492,Adm_6_11,8,45.5
3.0,2.0,3,weak_wide,1000.0,posterior_mean,chp_operational,492,Adm_12_17,8,49.0
3.0,2.0,3,weak_wide,1000.0,posterior_mean,chp_operational,492,Adm_18_49,8,42.0
3.0,2.0,3,weak_wide,1000.0,posterior_mean,chp_operational,492,Adm_50_64,8,38.5
3.0,2.0,3,weak_wide,1000.0,posterior_mean,chp_operational,492,Adm_65_higher,8,28.0
3.0,2.0,3,weak_wide,1000.0,posterior_mean,data_derived,493,ILI_PMP,8,49.0
3.0,2.0,3,weak_wide,1000.0,posterior_mean,data_derived,493,ILI_AED,8,49.0
3.0,2.0,3,weak_wide,1000.0,posterior_mean,data_derived,493,ILI_CMP,8,45.5
3.0,2.0,3,weak_wide,1000.0,posterior_mean,data_derived,493,ILI_School,8,31.5
3.0,2.0,3,weak_wide,1000.0,posterior_mean,data_derived,493,ILI_NonSchool,8,28.0
3.0,2.0,3,weak_wide,1000.0,posterior_mean,data_derived,493,Fever_RCHE,8,49.0
3.0,2.0,3,weak_wide,1000.0,posterior_mean,data_derived,493,Adm_All,8,38.5
3.0,2.0,3,weak_wide,1000.0,posterior_mean,data_derived,493,Adm_0_5,8,38.5
3.0,2.0,3,weak_wide,1000.0,posterior_mean,data_derived,493,Adm_6_11,8,45.5
3.0,2.0,3,weak_wide,1000.0,posterior_mean,data_derived,493,Adm_12_17,8,49.0
3.0,2.0,3,weak_wide,1000.0,posterior_mean,data_derived,493,Adm_18_49,8,42.0
3.0,2.0,3,weak_wide,1000.0,posterior_mean,data_derived,493,Adm_50_64,8,38.5
3.0,2.0,3,weak_wide,1000.0,posterior_mean,data_derived,493,Adm_65_higher,8,28.0
3.0,2.0,3,weak_wide,1000.0,ci_lower,chp_operational,494,ILI_PMP,8,49.0
3.0,2.0,3,weak_wide,1000.0,ci_lower,chp_operational,494,ILI_AED,8,42.0
3.0,2.0,3,weak_wide,1000.0,ci_lower,chp_operational,494,ILI_CMP,8,45.5
3.0,2.0,3,weak_wide,1000.0,ci_lower,chp_operational,494,ILI_School,8,31.5
3.0,2.0,3,weak_wide,1000.0,ci_lower,chp_operational,494,ILI_NonSchool,8,10.5
3.0,2.0,3,weak_wide,1000.0,ci_lower,chp_operational,494,Fever_RCHE,0,
3.0,2.0,3,weak_wide,1000.0,ci_lower,chp_operational,494,Adm_All,8,17.5
3.0,2.0,3,weak_wide,1000.0,ci_lower,chp_operational,494,Adm_0_5,8,38.5
3.0,2.0,3,weak_wide,1000.0,ci_lower,chp_operational,494,Adm_6_11,8,24.5
3.0,2.0,3,weak_wide,1000.0,ci_lower,chp_operational,494,Adm_12_17,8,24.5
3.0,2.0,3,weak_wide,1000.0,ci_lower,chp_operational,494,Adm_18_49,8,10.5
3.0,2.0,3,weak_wide,1000.0,ci_lower,chp_operational,494,Adm_50_64,8,21.0
3.0,2.0,3,weak_wide,1000.0,ci_lower,chp_operational,494,Adm_65_higher,8,24.5
3.0,2.0,3,weak_wide,1000.0,ci_lower,data_derived,495,ILI_PMP,8,49.0
3.0,2.0,3,weak_wide,1000.0,ci_lower,data_derived,495,ILI_AED,8,42.0
3.0,2.0,3,weak_wide,1000.0,ci_lower,data_derived,495,ILI_CMP,8,45.5
3.0,2.0,3,weak_wide,1000.0,ci_lower,data_derived,495,ILI_School,8,31.5
3.0,2.0,3,weak_wide,1000.0,ci_lower,data_derived,495,ILI_NonSchool,8,10.5
3.0,2.0,3,weak_wide,1000.0,ci_lower,data_derived,495,Fever_RCHE,0,
3.0,2.0,3,weak_wide,1000.0,ci_lower,data_derived,495,Adm_All,8,21.0
3.0,2.0,3,weak_wide,1000.0,ci_lower,data_derived,495,Adm_0_5,8,38.5
3.0,2.0,3,weak_wide,1000.0,ci_lower,data_derived,495,Adm_6_11,8,24.5
3.0,2.0,3,weak_wide,1000.0,ci_lower,data_derived,495,Adm_12_17,8,24.5
3.0,2.0,3,weak_wide,1000.0,ci_lower,data_derived,495,Adm_18_49,8,10.5
3.0,2.0,3,weak_wide,1000.0,ci_lower,data_derived,495,Adm_50_64,8,21.0
3.0,2.0,3,weak_wide,1000.0,ci_lower,data_derived,495,Adm_65_higher,8,24.5
3.0,2.0,3,weak_wide,10000.0,posterior_mean,chp_operational,496,ILI_PMP,8,49.0
3.0,2.0,3,weak_wide,10000.0,posterior_mean,chp_operational,496,ILI_AED,8,49.0
3.0,2.0,3,weak_wide,10000.0,posterior_mean,chp_operational,496,ILI_CMP,8,45.5
3.0,2.0,3,weak_wide,10000.0,posterior_mean,chp_operational,496,ILI_School,8,31.5
3.0,2.0,3,weak_wide,10000.0,posterior_mean,chp_operational,496,ILI_NonSchool,8,28.0
3.0,2.0,3,weak_wide,10000.0,posterior_mean,chp_operational,496,Fever_RCHE,8,49.0
3.0,2.0,3,weak_wide,10000.0,posterior_mean,chp_operational,496,Adm_All,8,38.5
3.0,2.0,3,weak_wide,10000.0,posterior_mean,chp_operational,496,Adm_0_5,8,38.5
3.0,2.0,3,weak_wide,10000.0,posterior_mean,chp_operational,496,Adm_6_11,8,45.5
3.0,2.0,3,weak_wide,10000.0,posterior_mean,chp_operational,496,Adm_12_17,8,49.0
3.0,2.0,3,weak_wide,10000.0,posterior_mean,chp_operational,496,Adm_18_49,8,42.0
3.0,2.0,3,weak_wide,10000.0,posterior_mean,chp_operational,496,Adm_50_64,8,35.0
3.0,2.0,3,weak_wide,10000.0,posterior_mean,chp_operational,496,Adm_65_higher,8,24.5
3.0,2.0,3,weak_wide,10000.0,posterior_mean,data_derived,497,ILI_PMP,8,49.0
3.0,2.0,3,weak_wide,10000.0,posterior_mean,data_derived,497,ILI_AED,8,49.0
3.0,2.0,3,weak_wide,10000.0,posterior_mean,data_derived,497,ILI_CMP,8,45.5
3.0,2.0,3,weak_wide,10000.0,posterior_mean,data_derived,497,ILI_School,8,31.5
3.0,2.0,3,weak_wide,10000.0,posterior_mean,data_derived,497,ILI_NonSchool,8,28.0
3.0,2.0,3,weak_wide,10000.0,posterior_mean,data_derived,497,Fever_RCHE,8,49.0
3.0,2.0,3,weak_wide,10000.0,posterior_mean,data_derived,497,Adm_All,8,38.5
3.0,2.0,3,weak_wide,10000.0,posterior_mean,data_derived,497,Adm_0_5,8,38.5
3.0,2.0,3,weak_wide,10000.0,posterior_mean,data_derived,497,Adm_6_11,8,45.5
3.0,2.0,3,weak_wide,10000.0,posterior_mean,data_derived,497,Adm_12_17,8,49.0
3.0,2.0,3,weak_wide,10000.0,posterior_mean,data_derived,497,Adm_18_49,8,42.0
3.0,2.0,3,weak_wide,10000.0,posterior_mean,data_derived,497,Adm_50_64,8,35.0
3.0,2.0,3,weak_wide,10000.0,posterior_mean,data_derived,497,Adm_65_higher,8,24.5
3.0,2.0,3,weak_wide,10000.0,ci_lower,chp_operational,498,ILI_PMP,8,49.0
3.0,2.0,3,weak_wide,10000.0,ci_lower,chp_operational,498,ILI_AED,8,49.0
3.0,2.0,3,weak_wide,10000.0,ci_lower,chp_operational,498,ILI_CMP,8,45.5
3.0,2.0,3,weak_wide,10000.0,ci_lower,chp_operational,498,ILI_School,8,31.5
3.0,2.0,3,weak_wide,10000.0,ci_lower,chp_operational,498,ILI_NonSchool,8,10.5
3.0,2.0,3,weak_wide,10000.0,ci_lower,chp_operational,498,Fever_RCHE,2,-7.0
3.0,2.0,3,weak_wide,10000.0,ci_lower,chp_operational,498,Adm_All,8,35.0
3.0,2.0,3,weak_wide,10000.0,ci_lower,chp_operational,498,Adm_0_5,8,38.5
3.0,2.0,3,weak_wide,10000.0,ci_lower,chp_operational,498,Adm_6_11,8,24.5
3.0,2.0,3,weak_wide,10000.0,ci_lower,chp_operational,498,Adm_12_17,8,24.5
3.0,2.0,3,weak_wide,10000.0,ci_lower,chp_operational,498,Adm_18_49,8,28.0
3.0,2.0,3,weak_wide,10000.0,ci_lower,chp_operational,498,Adm_50_64,8,21.0
3.0,2.0,3,weak_wide,10000.0,ci_lower,chp_operational,498,Adm_65_higher,8,24.5
3.0,2.0,3,weak_wide,10000.0,ci_lower,data_derived,499,ILI_PMP,8,49.0
3.0,2.0,3,weak_wide,10000.0,ci_lower,data_derived,499,ILI_AED,8,49.0
3.0,2.0,3,weak_wide,10000.0,ci_lower,data_derived,499,ILI_CMP,8,45.5
3.0,2.0,3,weak_wide,10000.0,ci_lower,data_derived,499,ILI_School,8,31.5
3.0,2.0,3,weak_wide,10000.0,ci_lower,data_derived,499,ILI_NonSchool,8,10.5
3.0,2.0,3,weak_wide,10000.0,ci_lower,data_derived,499,Fever_RCHE,2,-3.5
3.0,2.0,3,weak_wide,10000.0,ci_lower,data_derived,499,Adm_All,8,35.0
3.0,2.0,3,weak_wide,10000.0,ci_lower,data_derived,499,Adm_0_5,8,38.5
3.0,2.0,3,weak_wide,10000.0,ci_lower,data_derived,499,Adm_6_11,8,24.5
3.0,2.0,3,weak_wide,10000.0,ci_lower,data_derived,499,Adm_12_17,8,24.5
3.0,2.0,3,weak_wide,10000.0,ci_lower,data_derived,499,Adm_18_49,8,28.0
3.0,2.0,3,weak_wide,10000.0,ci_lower,data_derived,499,Adm_50_64,8,21.0
3.0,2.0,3,weak_wide,10000.0,ci_lower,data_derived,499,Adm_65_higher,8,24.5
3.0,2.0,3,weak_wide,100000.0,posterior_mean,chp_operational,500,ILI_PMP,8,49.0
3.0,2.0,3,weak_wide,100000.0,posterior_mean,chp_operational,500,ILI_AED,8,49.0
3.0,2.0,3,weak_wide,100000.0,posterior_mean,chp_operational,500,ILI_CMP,8,45.5
3.0,2.0,3,weak_wide,100000.0,posterior_mean,chp_operational,500,ILI_School,8,31.5
3.0,2.0,3,weak_wide,100000.0,posterior_mean,chp_operational,500,ILI_NonSchool,8,28.0
3.0,2.0,3,weak_wide,100000.0,posterior_mean,chp_operational,500,Fever_RCHE,8,49.0
3.0,2.0,3,weak_wide,100000.0,posterior_mean,chp_operational,500,Adm_All,8,38.5
3.0,2.0,3,weak_wide,100000.0,posterior_mean,chp_operational,500,Adm_0_5,8,38.5
3.0,2.0,3,weak_wide,100000.0,posterior_mean,chp_operational,500,Adm_6_11,8,42.0
3.0,2.0,3,weak_wide,100000.0,posterior_mean,chp_operational,500,Adm_12_17,8,49.0
3.0,2.0,3,weak_wide,100000.0,posterior_mean,chp_operational,500,Adm_18_49,8,42.0
3.0,2.0,3,weak_wide,100000.0,posterior_mean,chp_operational,500,Adm_50_64,8,31.5
3.0,2.0,3,weak_wide,100000.0,posterior_mean,chp_operational,500,Adm_65_higher,8,24.5
3.0,2.0,3,weak_wide,100000.0,posterior_mean,data_derived,501,ILI_PMP,8,49.0
3.0,2.0,3,weak_wide,100000.0,posterior_mean,data_derived,501,ILI_AED,8,49.0
3.0,2.0,3,weak_wide,100000.0,posterior_mean,data_derived,501,ILI_CMP,8,45.5
3.0,2.0,3,weak_wide,100000.0,posterior_mean,data_derived,501,ILI_School,8,31.5
3.0,2.0,3,weak_wide,100000.0,posterior_mean,data_derived,501,ILI_NonSchool,8,28.0
3.0,2.0,3,weak_wide,100000.0,posterior_mean,data_derived,501,Fever_RCHE,8,49.0
3.0,2.0,3,weak_wide,100000.0,posterior_mean,data_derived,501,Adm_All,8,38.5
3.0,2.0,3,weak_wide,100000.0,posterior_mean,data_derived,501,Adm_0_5,8,38.5
3.0,2.0,3,weak_wide,100000.0,posterior_mean,data_derived,501,Adm_6_11,8,42.0
3.0,2.0,3,weak_wide,100000.0,posterior_mean,data_derived,501,Adm_12_17,8,49.0
3.0,2.0,3,weak_wide,100000.0,posterior_mean,data_derived,501,Adm_18_49,8,42.0
3.0,2.0,3,weak_wide,100000.0,posterior_mean,data_derived,501,Adm_50_64,8,31.5
3.0,2.0,3,weak_wide,100000.0,posterior_mean,data_derived,501,Adm_65_higher,8,24.5
3.0,2.0,3,weak_wide,100000.0,ci_lower,chp_operational,502,ILI_PMP,8,49.0
3.0,2.0,3,weak_wide,100000.0,ci_lower,chp_operational,502,ILI_AED,8,49.0
3.0,2.0,3,weak_wide,100000.0,ci_lower,chp_operational,502,ILI_CMP,8,45.5
3.0,2.0,3,weak_wide,100000.0,ci_lower,chp_operational,502,ILI_School,8,31.5
3.0,2.0,3,weak_wide,100000.0,ci_lower,chp_operational,502,ILI_NonSchool,8,10.5
3.0,2.0,3,weak_wide,100000.0,ci_lower,chp_operational,502,Fever_RCHE,8,7.0
3.0,2.0,3,weak_wide,100000.0,ci_lower,chp_operational,502,Adm_All,8,35.0
3.0,2.0,3,weak_wide,100000.0,ci_lower,chp_operational,502,Adm_0_5,8,38.5
3.0,2.0,3,weak_wide,100000.0,ci_lower,chp_operational,502,Adm_6_11,8,28.0
3.0,2.0,3,weak_wide,100000.0,ci_lower,chp_operational,502,Adm_12_17,8,24.5
3.0,2.0,3,weak_wide,100000.0,ci_lower,chp_operational,502,Adm_18_49,8,28.0
3.0,2.0,3,weak_wide,100000.0,ci_lower,chp_operational,502,Adm_50_64,8,24.5
3.0,2.0,3,weak_wide,100000.0,ci_lower,chp_operational,502,Adm_65_higher,8,24.5
3.0,2.0,3,weak_wide,100000.0,ci_lower,data_derived,503,ILI_PMP,8,49.0
3.0,2.0,3,weak_wide,100000.0,ci_lower,data_derived,503,ILI_AED,8,49.0
3.0,2.0,3,weak_wide,100000.0,ci_lower,data_derived,503,ILI_CMP,8,45.5
3.0,2.0,3,weak_wide,100000.0,ci_lower,data_derived,503,ILI_School,8,31.5
3.0,2.0,3,weak_wide,100000.0,ci_lower,data_derived,503,ILI_NonSchool,8,10.5
3.0,2.0,3,weak_wide,100000.0,ci_lower,data_derived,503,Fever_RCHE,8,10.5
3.0,2.0,3,weak_wide,100000.0,ci_lower,data_derived,503,Adm_All,8,35.0
3.0,2.0,3,weak_wide,100000.0,ci_lower,data_derived,503,Adm_0_5,8,38.5
3.0,2.0,3,weak_wide,100000.0,ci_lower,data_derived,503,Adm_6_11,8,28.0
3.0,2.0,3,weak_wide,100000.0,ci_lower,data_derived,503,Adm_12_17,8,28.0
3.0,2.0,3,weak_wide,100000.0,ci_lower,data_derived,503,Adm_18_49,8,28.0
3.0,2.0,3,weak_wide,100000.0,ci_lower,data_derived,503,Adm_50_64,8,24.5
3.0,2.0,3,weak_wide,100000.0,ci_lower,data_derived,503,Adm_65_higher,8,24.5
3.0,2.0,4,v7,1000.0,posterior_mean,chp_operational,504,ILI_PMP,8,42.0
3.0,2.0,4,v7,1000.0,posterior_mean,chp_operational,504,ILI_AED,8,38.5
3.0,2.0,4,v7,1000.0,posterior_mean,chp_operational,504,ILI_CMP,8,38.5
3.0,2.0,4,v7,1000.0,posterior_mean,chp_operational,504,ILI_School,8,28.0
3.0,2.0,4,v7,1000.0,posterior_mean,chp_operational,504,ILI_NonSchool,8,10.5
3.0,2.0,4,v7,1000.0,posterior_mean,chp_operational,504,Fever_RCHE,0,
3.0,2.0,4,v7,1000.0,posterior_mean,chp_operational,504,Adm_All,8,28.0
3.0,2.0,4,v7,1000.0,posterior_mean,chp_operational,504,Adm_0_5,8,24.5
3.0,2.0,4,v7,1000.0,posterior_mean,chp_operational,504,Adm_6_11,8,24.5
3.0,2.0,4,v7,1000.0,posterior_mean,chp_operational,504,Adm_12_17,8,24.5
3.0,2.0,4,v7,1000.0,posterior_mean,chp_operational,504,Adm_18_49,8,21.0
3.0,2.0,4,v7,1000.0,posterior_mean,chp_operational,504,Adm_50_64,8,17.5
3.0,2.0,4,v7,1000.0,posterior_mean,chp_operational,504,Adm_65_higher,8,24.5
3.0,2.0,4,v7,1000.0,posterior_mean,data_derived,505,ILI_PMP,8,42.0
3.0,2.0,4,v7,1000.0,posterior_mean,data_derived,505,ILI_AED,8,38.5
3.0,2.0,4,v7,1000.0,posterior_mean,data_derived,505,ILI_CMP,8,38.5
3.0,2.0,4,v7,1000.0,posterior_mean,data_derived,505,ILI_School,8,28.0
3.0,2.0,4,v7,1000.0,posterior_mean,data_derived,505,ILI_NonSchool,8,10.5
3.0,2.0,4,v7,1000.0,posterior_mean,data_derived,505,Fever_RCHE,0,
3.0,2.0,4,v7,1000.0,posterior_mean,data_derived,505,Adm_All,8,28.0
3.0,2.0,4,v7,1000.0,posterior_mean,data_derived,505,Adm_0_5,8,24.5
3.0,2.0,4,v7,1000.0,posterior_mean,data_derived,505,Adm_6_11,8,24.5
3.0,2.0,4,v7,1000.0,posterior_mean,data_derived,505,Adm_12_17,8,24.5
3.0,2.0,4,v7,1000.0,posterior_mean,data_derived,505,Adm_18_49,8,21.0
3.0,2.0,4,v7,1000.0,posterior_mean,data_derived,505,Adm_50_64,8,17.5
3.0,2.0,4,v7,1000.0,posterior_mean,data_derived,505,Adm_65_higher,8,24.5
3.0,2.0,4,v7,1000.0,ci_lower,chp_operational,506,ILI_PMP,8,42.0
3.0,2.0,4,v7,1000.0,ci_lower,chp_operational,506,ILI_AED,8,35.0
3.0,2.0,4,v7,1000.0,ci_lower,chp_operational,506,ILI_CMP,8,35.0
3.0,2.0,4,v7,1000.0,ci_lower,chp_operational,506,ILI_School,8,28.0
3.0,2.0,4,v7,1000.0,ci_lower,chp_operational,506,ILI_NonSchool,8,10.5
3.0,2.0,4,v7,1000.0,ci_lower,chp_operational,506,Fever_RCHE,0,
3.0,2.0,4,v7,1000.0,ci_lower,chp_operational,506,Adm_All,8,14.0
3.0,2.0,4,v7,1000.0,ci_lower,chp_operational,506,Adm_0_5,8,24.5
3.0,2.0,4,v7,1000.0,ci_lower,chp_operational,506,Adm_6_11,8,24.5
3.0,2.0,4,v7,1000.0,ci_lower,chp_operational,506,Adm_12_17,8,24.5
3.0,2.0,4,v7,1000.0,ci_lower,chp_operational,506,Adm_18_49,8,-3.5
3.0,2.0,4,v7,1000.0,ci_lower,chp_operational,506,Adm_50_64,8,3.5
3.0,2.0,4,v7,1000.0,ci_lower,chp_operational,506,Adm_65_higher,8,21.0
3.0,2.0,4,v7,1000.0,ci_lower,data_derived,507,ILI_PMP,8,42.0
3.0,2.0,4,v7,1000.0,ci_lower,data_derived,507,ILI_AED,8,35.0
3.0,2.0,4,v7,1000.0,ci_lower,data_derived,507,ILI_CMP,8,35.0
3.0,2.0,4,v7,1000.0,ci_lower,data_derived,507,ILI_School,8,28.0
3.0,2.0,4,v7,1000.0,ci_lower,data_derived,507,ILI_NonSchool,8,10.5
3.0,2.0,4,v7,1000.0,ci_lower,data_derived,507,Fever_RCHE,0,
3.0,2.0,4,v7,1000.0,ci_lower,data_derived,507,Adm_All,8,17.5
3.0,2.0,4,v7,1000.0,ci_lower,data_derived,507,Adm_0_5,8,24.5
3.0,2.0,4,v7,1000.0,ci_lower,data_derived,507,Adm_6_11,8,24.5
3.0,2.0,4,v7,1000.0,ci_lower,data_derived,507,Adm_12_17,8,24.5
3.0,2.0,4,v7,1000.0,ci_lower,data_derived,507,Adm_18_49,8,-3.5
3.0,2.0,4,v7,1000.0,ci_lower,data_derived,507,Adm_50_64,8,7.0
3.0,2.0,4,v7,1000.0,ci_lower,data_derived,507,Adm_65_higher,8,21.0
3.0,2.0,4,v7,10000.0,posterior_mean,chp_operational,508,ILI_PMP,8,42.0
3.0,2.0,4,v7,10000.0,posterior_mean,chp_operational,508,ILI_AED,8,38.5
3.0,2.0,4,v7,10000.0,posterior_mean,chp_operational,508,ILI_CMP,8,38.5
3.0,2.0,4,v7,10000.0,posterior_mean,chp_operational,508,ILI_School,8,28.0
3.0,2.0,4,v7,10000.0,posterior_mean,chp_operational,508,ILI_NonSchool,8,10.5
3.0,2.0,4,v7,10000.0,posterior_mean,chp_operational,508,Fever_RCHE,8,-14.0
3.0,2.0,4,v7,10000.0,posterior_mean,chp_operational,508,Adm_All,8,35.0
3.0,2.0,4,v7,10000.0,posterior_mean,chp_operational,508,Adm_0_5,8,24.5
3.0,2.0,4,v7,10000.0,posterior_mean,chp_operational,508,Adm_6_11,8,24.5
3.0,2.0,4,v7,10000.0,posterior_mean,chp_operational,508,Adm_12_17,8,24.5
3.0,2.0,4,v7,10000.0,posterior_mean,chp_operational,508,Adm_18_49,8,35.0
3.0,2.0,4,v7,10000.0,posterior_mean,chp_operational,508,Adm_50_64,8,17.5
3.0,2.0,4,v7,10000.0,posterior_mean,chp_operational,508,Adm_65_higher,8,24.5
3.0,2.0,4,v7,10000.0,posterior_mean,data_derived,509,ILI_PMP,8,42.0
3.0,2.0,4,v7,10000.0,posterior_mean,data_derived,509,ILI_AED,8,38.5
3.0,2.0,4,v7,10000.0,posterior_mean,data_derived,509,ILI_CMP,8,38.5
3.0,2.0,4,v7,10000.0,posterior_mean,data_derived,509,ILI_School,8,28.0
3.0,2.0,4,v7,10000.0,posterior_mean,data_derived,509,ILI_NonSchool,8,10.5
3.0,2.0,4,v7,10000.0,posterior_mean,data_derived,509,Fever_RCHE,8,-14.0
3.0,2.0,4,v7,10000.0,posterior_mean,data_derived,509,Adm_All,8,35.0
3.0,2.0,4,v7,10000.0,posterior_mean,data_derived,509,Adm_0_5,8,24.5
3.0,2.0,4,v7,10000.0,posterior_mean,data_derived,509,Adm_6_11,8,24.5
3.0,2.0,4,v7,10000.0,posterior_mean,data_derived,509,Adm_12_17,8,24.5
3.0,2.0,4,v7,10000.0,posterior_mean,data_derived,509,Adm_18_49,8,35.0
3.0,2.0,4,v7,10000.0,posterior_mean,data_derived,509,Adm_50_64,8,17.5
3.0,2.0,4,v7,10000.0,posterior_mean,data_derived,509,Adm_65_higher,8,24.5
3.0,2.0,4,v7,10000.0,ci_lower,chp_operational,510,ILI_PMP,8,42.0
3.0,2.0,4,v7,10000.0,ci_lower,chp_operational,510,ILI_AED,8,35.0
3.0,2.0,4,v7,10000.0,ci_lower,chp_operational,510,ILI_CMP,8,38.5
3.0,2.0,4,v7,10000.0,ci_lower,chp_operational,510,ILI_School,8,28.0
3.0,2.0,4,v7,10000.0,ci_lower,chp_operational,510,ILI_NonSchool,8,10.5
3.0,2.0,4,v7,10000.0,ci_lower,chp_operational,510,Fever_RCHE,0,
3.0,2.0,4,v7,10000.0,ci_lower,chp_operational,510,Adm_All,8,31.5
3.0,2.0,4,v7,10000.0,ci_lower,chp_operational,510,Adm_0_5,8,24.5
3.0,2.0,4,v7,10000.0,ci_lower,chp_operational,510,Adm_6_11,8,24.5
3.0,2.0,4,v7,10000.0,ci_lower,chp_operational,510,Adm_12_17,8,24.5
3.0,2.0,4,v7,10000.0,ci_lower,chp_operational,510,Adm_18_49,8,35.0
3.0,2.0,4,v7,10000.0,ci_lower,chp_operational,510,Adm_50_64,8,17.5
3.0,2.0,4,v7,10000.0,ci_lower,chp_operational,510,Adm_65_higher,8,24.5
3.0,2.0,4,v7,10000.0,ci_lower,data_derived,511,ILI_PMP,8,42.0
3.0,2.0,4,v7,10000.0,ci_lower,data_derived,511,ILI_AED,8,35.0
3.0,2.0,4,v7,10000.0,ci_lower,data_derived,511,ILI_CMP,8,38.5
3.0,2.0,4,v7,10000.0,ci_lower,data_derived,511,ILI_School,8,28.0
3.0,2.0,4,v7,10000.0,ci_lower,data_derived,511,ILI_NonSchool,8,10.5
3.0,2.0,4,v7,10000.0,ci_lower,data_derived,511,Fever_RCHE,0,
3.0,2.0,4,v7,10000.0,ci_lower,data_derived,511,Adm_All,8,31.5
3.0,2.0,4,v7,10000.0,ci_lower,data_derived,511,Adm_0_5,8,24.5
3.0,2.0,4,v7,10000.0,ci_lower,data_derived,511,Adm_6_11,8,24.5
3.0,2.0,4,v7,10000.0,ci_lower,data_derived,511,Adm_12_17,8,24.5
3.0,2.0,4,v7,10000.0,ci_lower,data_derived,511,Adm_18_49,8,35.0
3.0,2.0,4,v7,10000.0,ci_lower,data_derived,511,Adm_50_64,8,17.5
3.0,2.0,4,v7,10000.0,ci_lower,data_derived,511,Adm_65_higher,8,24.5
3.0,2.0,4,v7,100000.0,posterior_mean,chp_operational,512,ILI_PMP,8,42.0
3.0,2.0,4,v7,100000.0,posterior_mean,chp_operational,512,ILI_AED,8,38.5
3.0,2.0,4,v7,100000.0,posterior_mean,chp_operational,512,ILI_CMP,8,38.5
3.0,2.0,4,v7,100000.0,posterior_mean,chp_operational,512,ILI_School,8,28.0
3.0,2.0,4,v7,100000.0,posterior_mean,chp_operational,512,ILI_NonSchool,8,10.5
3.0,2.0,4,v7,100000.0,posterior_mean,chp_operational,512,Fever_RCHE,8,42.0
3.0,2.0,4,v7,100000.0,posterior_mean,chp_operational,512,Adm_All,8,35.0
3.0,2.0,4,v7,100000.0,posterior_mean,chp_operational,512,Adm_0_5,8,24.5
3.0,2.0,4,v7,100000.0,posterior_mean,chp_operational,512,Adm_6_11,8,24.5
3.0,2.0,4,v7,100000.0,posterior_mean,chp_operational,512,Adm_12_17,8,24.5
3.0,2.0,4,v7,100000.0,posterior_mean,chp_operational,512,Adm_18_49,8,35.0
3.0,2.0,4,v7,100000.0,posterior_mean,chp_operational,512,Adm_50_64,8,17.5
3.0,2.0,4,v7,100000.0,posterior_mean,chp_operational,512,Adm_65_higher,8,24.5
3.0,2.0,4,v7,100000.0,posterior_mean,data_derived,513,ILI_PMP,8,42.0
3.0,2.0,4,v7,100000.0,posterior_mean,data_derived,513,ILI_AED,8,38.5
3.0,2.0,4,v7,100000.0,posterior_mean,data_derived,513,ILI_CMP,8,38.5
3.0,2.0,4,v7,100000.0,posterior_mean,data_derived,513,ILI_School,8,28.0
3.0,2.0,4,v7,100000.0,posterior_mean,data_derived,513,ILI_NonSchool,8,10.5
3.0,2.0,4,v7,100000.0,posterior_mean,data_derived,513,Fever_RCHE,8,42.0
3.0,2.0,4,v7,100000.0,posterior_mean,data_derived,513,Adm_All,8,35.0
3.0,2.0,4,v7,100000.0,posterior_mean,data_derived,513,Adm_0_5,8,24.5
3.0,2.0,4,v7,100000.0,posterior_mean,data_derived,513,Adm_6_11,8,24.5
3.0,2.0,4,v7,100000.0,posterior_mean,data_derived,513,Adm_12_17,8,24.5
3.0,2.0,4,v7,100000.0,posterior_mean,data_derived,513,Adm_18_49,8,35.0
3.0,2.0,4,v7,100000.0,posterior_mean,data_derived,513,Adm_50_64,8,17.5
3.0,2.0,4,v7,100000.0,posterior_mean,data_derived,513,Adm_65_higher,8,24.5
3.0,2.0,4,v7,100000.0,ci_lower,chp_operational,514,ILI_PMP,8,42.0
3.0,2.0,4,v7,100000.0,ci_lower,chp_operational,514,ILI_AED,8,38.5
3.0,2.0,4,v7,100000.0,ci_lower,chp_operational,514,ILI_CMP,8,38.5
3.0,2.0,4,v7,100000.0,ci_lower,chp_operational,514,ILI_School,8,28.0
3.0,2.0,4,v7,100000.0,ci_lower,chp_operational,514,ILI_NonSchool,8,10.5
3.0,2.0,4,v7,100000.0,ci_lower,chp_operational,514,Fever_RCHE,8,-14.0
3.0,2.0,4,v7,100000.0,ci_lower,chp_operational,514,Adm_All,8,31.5
3.0,2.0,4,v7,100000.0,ci_lower,chp_operational,514,Adm_0_5,8,24.5
3.0,2.0,4,v7,100000.0,ci_lower,chp_operational,514,Adm_6_11,8,24.5
3.0,2.0,4,v7,100000.0,ci_lower,chp_operational,514,Adm_12_17,8,24.5
3.0,2.0,4,v7,100000.0,ci_lower,chp_operational,514,Adm_18_49,8,35.0
3.0,2.0,4,v7,100000.0,ci_lower,chp_operational,514,Adm_50_64,8,17.5
3.0,2.0,4,v7,100000.0,ci_lower,chp_operational,514,Adm_65_higher,8,24.5
3.0,2.0,4,v7,100000.0,ci_lower,data_derived,515,ILI_PMP,8,42.0
3.0,2.0,4,v7,100000.0,ci_lower,data_derived,515,ILI_AED,8,38.5
3.0,2.0,4,v7,100000.0,ci_lower,data_derived,515,ILI_CMP,8,38.5
3.0,2.0,4,v7,100000.0,ci_lower,data_derived,515,ILI_School,8,28.0
3.0,2.0,4,v7,100000.0,ci_lower,data_derived,515,ILI_NonSchool,8,10.5
3.0,2.0,4,v7,100000.0,ci_lower,data_derived,515,Fever_RCHE,8,-14.0
3.0,2.0,4,v7,100000.0,ci_lower,data_derived,515,Adm_All,8,31.5
3.0,2.0,4,v7,100000.0,ci_lower,data_derived,515,Adm_0_5,8,24.5
3.0,2.0,4,v7,100000.0,ci_lower,data_derived,515,Adm_6_11,8,24.5
3.0,2.0,4,v7,100000.0,ci_lower,data_derived,515,Adm_12_17,8,24.5
3.0,2.0,4,v7,100000.0,ci_lower,data_derived,515,Adm_18_49,8,35.0
3.0,2.0,4,v7,100000.0,ci_lower,data_derived,515,Adm_50_64,8,17.5
3.0,2.0,4,v7,100000.0,ci_lower,data_derived,515,Adm_65_higher,8,24.5
3.0,2.0,4,vague,1000.0,posterior_mean,chp_operational,516,ILI_PMP,8,42.0
3.0,2.0,4,vague,1000.0,posterior_mean,chp_operational,516,ILI_AED,8,35.0
3.0,2.0,4,vague,1000.0,posterior_mean,chp_operational,516,ILI_CMP,6,-45.5
3.0,2.0,4,vague,1000.0,posterior_mean,chp_operational,516,ILI_School,8,28.0
3.0,2.0,4,vague,1000.0,posterior_mean,chp_operational,516,ILI_NonSchool,8,7.0
3.0,2.0,4,vague,1000.0,posterior_mean,chp_operational,516,Fever_RCHE,0,
3.0,2.0,4,vague,1000.0,posterior_mean,chp_operational,516,Adm_All,3,-35.0
3.0,2.0,4,vague,1000.0,posterior_mean,chp_operational,516,Adm_0_5,8,-10.5
3.0,2.0,4,vague,1000.0,posterior_mean,chp_operational,516,Adm_6_11,6,-38.5
3.0,2.0,4,vague,1000.0,posterior_mean,chp_operational,516,Adm_12_17,1,-308.0
3.0,2.0,4,vague,1000.0,posterior_mean,chp_operational,516,Adm_18_49,0,
3.0,2.0,4,vague,1000.0,posterior_mean,chp_operational,516,Adm_50_64,0,
3.0,2.0,4,vague,1000.0,posterior_mean,chp_operational,516,Adm_65_higher,6,-24.5
3.0,2.0,4,vague,1000.0,posterior_mean,data_derived,517,ILI_PMP,8,42.0
3.0,2.0,4,vague,1000.0,posterior_mean,data_derived,517,ILI_AED,8,35.0
3.0,2.0,4,vague,1000.0,posterior_mean,data_derived,517,ILI_CMP,6,-45.5
3.0,2.0,4,vague,1000.0,posterior_mean,data_derived,517,ILI_School,8,28.0
3.0,2.0,4,vague,1000.0,posterior_mean,data_derived,517,ILI_NonSchool,8,7.0
3.0,2.0,4,vague,1000.0,posterior_mean,data_derived,517,Fever_RCHE,0,
3.0,2.0,4,vague,1000.0,posterior_mean,data_derived,517,Adm_All,3,-35.0
3.0,2.0,4,vague,1000.0,posterior_mean,data_derived,517,Adm_0_5,8,-10.5
3.0,2.0,4,vague,1000.0,posterior_mean,data_derived,517,Adm_6_11,6,-35.0
3.0,2.0,4,vague,1000.0,posterior_mean,data_derived,517,Adm_12_17,1,-301.0
3.0,2.0,4,vague,1000.0,posterior_mean,data_derived,517,Adm_18_49,0,
3.0,2.0,4,vague,1000.0,posterior_mean,data_derived,517,Adm_50_64,0,
3.0,2.0,4,vague,1000.0,posterior_mean,data_derived,517,Adm_65_higher,6,-24.5
3.0,2.0,4,vague,1000.0,ci_lower,chp_operational,518,ILI_PMP,8,42.0
3.0,2.0,4,vague,1000.0,ci_lower,chp_operational,518,ILI_AED,8,35.0
3.0,2.0,4,vague,1000.0,ci_lower,chp_operational,518,ILI_CMP,6,-45.5
3.0,2.0,4,vague,1000.0,ci_lower,chp_operational,518,ILI_School,8,21.0
3.0,2.0,4,vague,1000.0,ci_lower,chp_operational,518,ILI_NonSchool,8,-10.5
3.0,2.0,4,vague,1000.0,ci_lower,chp_operational,518,Fever_RCHE,0,
3.0,2.0,4,vague,1000.0,ci_lower,chp_operational,518,Adm_All,2,-66.5
3.0,2.0,4,vague,1000.0,ci_lower,chp_operational,518,Adm_0_5,7,-14.0
3.0,2.0,4,vague,1000.0,ci_lower,chp_operational,518,Adm_6_11,5,-42.0
3.0,2.0,4,vague,1000.0,ci_lower,chp_operational,518,Adm_12_17,0,
3.0,2.0,4,vague,1000.0,ci_lower,chp_operational,518,Adm_18_49,0,
3.0,2.0,4,vague,1000.0,ci_lower,chp_operational,518,Adm_50_64,0,
3.0,2.0,4,vague,1000.0,ci_lower,chp_operational,518,Adm_65_higher,6,-24.5
3.0,2.0,4,vague,1000.0,ci_lower,data_derived,519,ILI_PMP,8,42.0
3.0,2.0,4,vague,1000.0,ci_lower,data_derived,519,ILI_AED,8,35.0
3.0,2.0,4,vague,1000.0,ci_lower,data_derived,519,ILI_CMP,6,-45.5
3.0,2.0,4,vague,1000.0,ci_lower,data_derived,519,ILI_School,8,21.0
3.0,2.0,4,vague,1000.0,ci_lower,data_derived,519,ILI_NonSchool,8,-10.5
3.0,2.0,4,vague,1000.0,ci_lower,data_derived,519,Fever_RCHE,0,
3.0,2.0,4,vague,1000.0,ci_lower,data_derived,519,Adm_All,2,-63.0
3.0,2.0,4,vague,1000.0,ci_lower,data_derived,519,Adm_0_5,7,-7.0
3.0,2.0,4,vague,1000.0,ci_lower,data_derived,519,Adm_6_11,5,-35.0
3.0,2.0,4,vague,1000.0,ci_lower,data_derived,519,Adm_12_17,0,
3.0,2.0,4,vague,1000.0,ci_lower,data_derived,519,Adm_18_49,0,
3.0,2.0,4,vague,1000.0,ci_lower,data_derived,519,Adm_50_64,0,
3.0,2.0,4,vague,1000.0,ci_lower,data_derived,519,Adm_65_higher,6,-24.5
3.0,2.0,4,vague,10000.0,posterior_mean,chp_operational,520,ILI_PMP,8,42.0
3.0,2.0,4,vague,10000.0,posterior_mean,chp_operational,520,ILI_AED,8,38.5
3.0,2.0,4,vague,10000.0,posterior_mean,chp_operational,520,ILI_CMP,8,35.0
3.0,2.0,4,vague,10000.0,posterior_mean,chp_operational,520,ILI_School,8,28.0
3.0,2.0,4,vague,10000.0,posterior_mean,chp_operational,520,ILI_NonSchool,8,10.5
3.0,2.0,4,vague,10000.0,posterior_mean,chp_operational,520,Fever_RCHE,0,
3.0,2.0,4,vague,10000.0,posterior_mean,chp_operational,520,Adm_All,8,-7.0
3.0,2.0,4,vague,10000.0,posterior_mean,chp_operational,520,Adm_0_5,8,14.0
3.0,2.0,4,vague,10000.0,posterior_mean,chp_operational,520,Adm_6_11,8,10.5
3.0,2.0,4,vague,10000.0,posterior_mean,chp_operational,520,Adm_12_17,8,-17.5
3.0,2.0,4,vague,10000.0,posterior_mean,chp_operational,520,Adm_18_49,7,-21.0
3.0,2.0,4,vague,10000.0,posterior_mean,chp_operational,520,Adm_50_64,8,-17.5
3.0,2.0,4,vague,10000.0,posterior_mean,chp_operational,520,Adm_65_higher,8,-3.5
3.0,2.0,4,vague,10000.0,posterior_mean,data_derived,521,ILI_PMP,8,42.0
3.0,2.0,4,vague,10000.0,posterior_mean,data_derived,521,ILI_AED,8,38.5
3.0,2.0,4,vague,10000.0,posterior_mean,data_derived,521,ILI_CMP,8,35.0
3.0,2.0,4,vague,10000.0,posterior_mean,data_derived,521,ILI_School,8,28.0
3.0,2.0,4,vague,10000.0,posterior_mean,data_derived,521,ILI_NonSchool,8,10.5
3.0,2.0,4,vague,10000.0,posterior_mean,data_derived,521,Fever_RCHE,0,
3.0,2.0,4,vague,10000.0,posterior_mean,data_derived,521,Adm_All,8,-3.5
3.0,2.0,4,vague,10000.0,posterior_mean,data_derived,521,Adm_0_5,8,17.5
3.0,2.0,4,vague,10000.0,posterior_mean,data_derived,521,Adm_6_11,8,14.0
3.0,2.0,4,vague,10000.0,posterior_mean,data_derived,521,Adm_12_17,8,-14.0
3.0,2.0,4,vague,10000.0,posterior_mean,data_derived,521,Adm_18_49,7,-21.0
3.0,2.0,4,vague,10000.0,posterior_mean,data_derived,521,Adm_50_64,8,-14.0
3.0,2.0,4,vague,10000.0,posterior_mean,data_derived,521,Adm_65_higher,8,0.0
3.0,2.0,4,vague,10000.0,ci_lower,chp_operational,522,ILI_PMP,8,42.0
3.0,2.0,4,vague,10000.0,ci_lower,chp_operational,522,ILI_AED,8,35.0
3.0,2.0,4,vague,10000.0,ci_lower,chp_operational,522,ILI_CMP,8,24.5
3.0,2.0,4,vague,10000.0,ci_lower,chp_operational,522,ILI_School,8,28.0
3.0,2.0,4,vague,10000.0,ci_lower,chp_operational,522,ILI_NonSchool,8,10.5
3.0,2.0,4,vague,10000.0,ci_lower,chp_operational,522,Fever_RCHE,0,
3.0,2.0,4,vague,10000.0,ci_lower,chp_operational,522,Adm_All,8,-10.5
3.0,2.0,4,vague,10000.0,ci_lower,chp_operational,522,Adm_0_5,8,14.0
3.0,2.0,4,vague,10000.0,ci_lower,chp_operational,522,Adm_6_11,8,10.5
3.0,2.0,4,vague,10000.0,ci_lower,chp_operational,522,Adm_12_17,8,-17.5
3.0,2.0,4,vague,10000.0,ci_lower,chp_operational,522,Adm_18_49,7,-28.0
3.0,2.0,4,vague,10000.0,ci_lower,chp_operational,522,Adm_50_64,8,-17.5
3.0,2.0,4,vague,10000.0,ci_lower,chp_operational,522,Adm_65_higher,8,-3.5
3.0,2.0,4,vague,10000.0,ci_lower,data_derived,523,ILI_PMP,8,42.0
3.0,2.0,4,vague,10000.0,ci_lower,data_derived,523,ILI_AED,8,35.0
3.0,2.0,4,vague,10000.0,ci_lower,data_derived,523,ILI_CMP,8,24.5
3.0,2.0,4,vague,10000.0,ci_lower,data_derived,523,ILI_School,8,28.0
3.0,2.0,4,vague,10000.0,ci_lower,data_derived,523,ILI_NonSchool,8,10.5
3.0,2.0,4,vague,10000.0,ci_lower,data_derived,523,Fever_RCHE,0,
3.0,2.0,4,vague,10000.0,ci_lower,data_derived,523,Adm_All,8,-7.0
3.0,2.0,4,vague,10000.0,ci_lower,data_derived,523,Adm_0_5,8,17.5
3.0,2.0,4,vague,10000.0,ci_lower,data_derived,523,Adm_6_11,8,14.0
3.0,2.0,4,vague,10000.0,ci_lower,data_derived,523,Adm_12_17,8,-14.0
3.0,2.0,4,vague,10000.0,ci_lower,data_derived,523,Adm_18_49,7,-21.0
3.0,2.0,4,vague,10000.0,ci_lower,data_derived,523,Adm_50_64,8,-14.0
3.0,2.0,4,vague,10000.0,ci_lower,data_derived,523,Adm_65_higher,8,0.0
3.0,2.0,4,vague,100000.0,posterior_mean,chp_operational,524,ILI_PMP,8,42.0
3.0,2.0,4,vague,100000.0,posterior_mean,chp_operational,524,ILI_AED,8,38.5
3.0,2.0,4,vague,100000.0,posterior_mean,chp_operational,524,ILI_CMP,8,38.5
3.0,2.0,4,vague,100000.0,posterior_mean,chp_operational,524,ILI_School,8,28.0
3.0,2.0,4,vague,100000.0,posterior_mean,chp_operational,524,ILI_NonSchool,8,10.5
3.0,2.0,4,vague,100000.0,posterior_mean,chp_operational,524,Fever_RCHE,0,
3.0,2.0,4,vague,100000.0,posterior_mean,chp_operational,524,Adm_All,8,28.0
3.0,2.0,4,vague,100000.0,posterior_mean,chp_operational,524,Adm_0_5,8,24.5
3.0,2.0,4,vague,100000.0,posterior_mean,chp_operational,524,Adm_6_11,8,24.5
3.0,2.0,4,vague,100000.0,posterior_mean,chp_operational,524,Adm_12_17,8,24.5
3.0,2.0,4,vague,100000.0,posterior_mean,chp_operational,524,Adm_18_49,8,3.5
3.0,2.0,4,vague,100000.0,posterior_mean,chp_operational,524,Adm_50_64,8,10.5
3.0,2.0,4,vague,100000.0,posterior_mean,chp_operational,524,Adm_65_higher,8,24.5
3.0,2.0,4,vague,100000.0,posterior_mean,data_derived,525,ILI_PMP,8,42.0
3.0,2.0,4,vague,100000.0,posterior_mean,data_derived,525,ILI_AED,8,38.5
3.0,2.0,4,vague,100000.0,posterior_mean,data_derived,525,ILI_CMP,8,38.5
3.0,2.0,4,vague,100000.0,posterior_mean,data_derived,525,ILI_School,8,28.0
3.0,2.0,4,vague,100000.0,posterior_mean,data_derived,525,ILI_NonSchool,8,10.5
3.0,2.0,4,vague,100000.0,posterior_mean,data_derived,525,Fever_RCHE,0,
3.0,2.0,4,vague,100000.0,posterior_mean,data_derived,525,Adm_All,8,28.0
3.0,2.0,4,vague,100000.0,posterior_mean,data_derived,525,Adm_0_5,8,24.5
3.0,2.0,4,vague,100000.0,posterior_mean,data_derived,525,Adm_6_11,8,24.5
3.0,2.0,4,vague,100000.0,posterior_mean,data_derived,525,Adm_12_17,8,24.5
3.0,2.0,4,vague,100000.0,posterior_mean,data_derived,525,Adm_18_49,8,7.0
3.0,2.0,4,vague,100000.0,posterior_mean,data_derived,525,Adm_50_64,8,10.5
3.0,2.0,4,vague,100000.0,posterior_mean,data_derived,525,Adm_65_higher,8,24.5
3.0,2.0,4,vague,100000.0,ci_lower,chp_operational,526,ILI_PMP,8,42.0
3.0,2.0,4,vague,100000.0,ci_lower,chp_operational,526,ILI_AED,8,38.5
3.0,2.0,4,vague,100000.0,ci_lower,chp_operational,526,ILI_CMP,8,38.5
3.0,2.0,4,vague,100000.0,ci_lower,chp_operational,526,ILI_School,8,28.0
3.0,2.0,4,vague,100000.0,ci_lower,chp_operational,526,ILI_NonSchool,8,10.5
3.0,2.0,4,vague,100000.0,ci_lower,chp_operational,526,Fever_RCHE,0,
3.0,2.0,4,vague,100000.0,ci_lower,chp_operational,526,Adm_All,8,28.0
3.0,2.0,4,vague,100000.0,ci_lower,chp_operational,526,Adm_0_5,8,24.5
3.0,2.0,4,vague,100000.0,ci_lower,chp_operational,526,Adm_6_11,8,24.5
3.0,2.0,4,vague,100000.0,ci_lower,chp_operational,526,Adm_12_17,8,24.5
3.0,2.0,4,vague,100000.0,ci_lower,chp_operational,526,Adm_18_49,8,3.5
3.0,2.0,4,vague,100000.0,ci_lower,chp_operational,526,Adm_50_64,8,10.5
3.0,2.0,4,vague,100000.0,ci_lower,chp_operational,526,Adm_65_higher,8,24.5
3.0,2.0,4,vague,100000.0,ci_lower,data_derived,527,ILI_PMP,8,42.0
3.0,2.0,4,vague,100000.0,ci_lower,data_derived,527,ILI_AED,8,38.5
3.0,2.0,4,vague,100000.0,ci_lower,data_derived,527,ILI_CMP,8,38.5
3.0,2.0,4,vague,100000.0,ci_lower,data_derived,527,ILI_School,8,28.0
3.0,2.0,4,vague,100000.0,ci_lower,data_derived,527,ILI_NonSchool,8,10.5
3.0,2.0,4,vague,100000.0,ci_lower,data_derived,527,Fever_RCHE,0,
3.0,2.0,4,vague,100000.0,ci_lower,data_derived,527,Adm_All,8,28.0
3.0,2.0,4,vague,100000.0,ci_lower,data_derived,527,Adm_0_5,8,24.5
3.0,2.0,4,vague,100000.0,ci_lower,data_derived,527,Adm_6_11,8,24.5
3.0,2.0,4,vague,100000.0,ci_lower,data_derived,527,Adm_12_17,8,24.5
3.0,2.0,4,vague,100000.0,ci_lower,data_derived,527,Adm_18_49,8,7.0
3.0,2.0,4,vague,100000.0,ci_lower,data_derived,527,Adm_50_64,8,10.5
3.0,2.0,4,vague,100000.0,ci_lower,data_derived,527,Adm_65_higher,8,24.5
3.0,2.0,4,weak_wide,1000.0,posterior_mean,chp_operational,528,ILI_PMP,8,42.0
3.0,2.0,4,weak_wide,1000.0,posterior_mean,chp_operational,528,ILI_AED,8,38.5
3.0,2.0,4,weak_wide,1000.0,posterior_mean,chp_operational,528,ILI_CMP,8,38.5
3.0,2.0,4,weak_wide,1000.0,posterior_mean,chp_operational,528,ILI_School,8,28.0
3.0,2.0,4,weak_wide,1000.0,posterior_mean,chp_operational,528,ILI_NonSchool,8,24.5
3.0,2.0,4,weak_wide,1000.0,posterior_mean,chp_operational,528,Fever_RCHE,8,42.0
3.0,2.0,4,weak_wide,1000.0,posterior_mean,chp_operational,528,Adm_All,8,35.0
3.0,2.0,4,weak_wide,1000.0,posterior_mean,chp_operational,528,Adm_0_5,8,24.5
3.0,2.0,4,weak_wide,1000.0,posterior_mean,chp_operational,528,Adm_6_11,8,38.5
3.0,2.0,4,weak_wide,1000.0,posterior_mean,chp_operational,528,Adm_12_17,8,42.0
3.0,2.0,4,weak_wide,1000.0,posterior_mean,chp_operational,528,Adm_18_49,8,35.0
3.0,2.0,4,weak_wide,1000.0,posterior_mean,chp_operational,528,Adm_50_64,8,35.0
3.0,2.0,4,weak_wide,1000.0,posterior_mean,chp_operational,528,Adm_65_higher,8,24.5
3.0,2.0,4,weak_wide,1000.0,posterior_mean,data_derived,529,ILI_PMP,8,42.0
3.0,2.0,4,weak_wide,1000.0,posterior_mean,data_derived,529,ILI_AED,8,38.5
3.0,2.0,4,weak_wide,1000.0,posterior_mean,data_derived,529,ILI_CMP,8,38.5
3.0,2.0,4,weak_wide,1000.0,posterior_mean,data_derived,529,ILI_School,8,28.0
3.0,2.0,4,weak_wide,1000.0,posterior_mean,data_derived,529,ILI_NonSchool,8,24.5
3.0,2.0,4,weak_wide,1000.0,posterior_mean,data_derived,529,Fever_RCHE,8,42.0
3.0,2.0,4,weak_wide,1000.0,posterior_mean,data_derived,529,Adm_All,8,35.0
3.0,2.0,4,weak_wide,1000.0,posterior_mean,data_derived,529,Adm_0_5,8,24.5
3.0,2.0,4,weak_wide,1000.0,posterior_mean,data_derived,529,Adm_6_11,8,38.5
3.0,2.0,4,weak_wide,1000.0,posterior_mean,data_derived,529,Adm_12_17,8,42.0
3.0,2.0,4,weak_wide,1000.0,posterior_mean,data_derived,529,Adm_18_49,8,35.0
3.0,2.0,4,weak_wide,1000.0,posterior_mean,data_derived,529,Adm_50_64,8,35.0
3.0,2.0,4,weak_wide,1000.0,posterior_mean,data_derived,529,Adm_65_higher,8,24.5
3.0,2.0,4,weak_wide,1000.0,ci_lower,chp_operational,530,ILI_PMP,8,42.0
3.0,2.0,4,weak_wide,1000.0,ci_lower,chp_operational,530,ILI_AED,8,35.0
3.0,2.0,4,weak_wide,1000.0,ci_lower,chp_operational,530,ILI_CMP,8,35.0
3.0,2.0,4,weak_wide,1000.0,ci_lower,chp_operational,530,ILI_School,8,28.0
3.0,2.0,4,weak_wide,1000.0,ci_lower,chp_operational,530,ILI_NonSchool,8,10.5
3.0,2.0,4,weak_wide,1000.0,ci_lower,chp_operational,530,Fever_RCHE,0,
3.0,2.0,4,weak_wide,1000.0,ci_lower,chp_operational,530,Adm_All,8,17.5
3.0,2.0,4,weak_wide,1000.0,ci_lower,chp_operational,530,Adm_0_5,8,24.5
3.0,2.0,4,weak_wide,1000.0,ci_lower,chp_operational,530,Adm_6_11,8,24.5
3.0,2.0,4,weak_wide,1000.0,ci_lower,chp_operational,530,Adm_12_17,8,24.5
3.0,2.0,4,weak_wide,1000.0,ci_lower,chp_operational,530,Adm_18_49,8,7.0
3.0,2.0,4,weak_wide,1000.0,ci_lower,chp_operational,530,Adm_50_64,8,14.0
3.0,2.0,4,weak_wide,1000.0,ci_lower,chp_operational,530,Adm_65_higher,8,21.0
3.0,2.0,4,weak_wide,1000.0,ci_lower,data_derived,531,ILI_PMP,8,42.0
3.0,2.0,4,weak_wide,1000.0,ci_lower,data_derived,531,ILI_AED,8,35.0
3.0,2.0,4,weak_wide,1000.0,ci_lower,data_derived,531,ILI_CMP,8,35.0
3.0,2.0,4,weak_wide,1000.0,ci_lower,data_derived,531,ILI_School,8,28.0
3.0,2.0,4,weak_wide,1000.0,ci_lower,data_derived,531,ILI_NonSchool,8,10.5
3.0,2.0,4,weak_wide,1000.0,ci_lower,data_derived,531,Fever_RCHE,0,
3.0,2.0,4,weak_wide,1000.0,ci_lower,data_derived,531,Adm_All,8,17.5
3.0,2.0,4,weak_wide,1000.0,ci_lower,data_derived,531,Adm_0_5,8,24.5
3.0,2.0,4,weak_wide,1000.0,ci_lower,data_derived,531,Adm_6_11,8,24.5
3.0,2.0,4,weak_wide,1000.0,ci_lower,data_derived,531,Adm_12_17,8,24.5
3.0,2.0,4,weak_wide,1000.0,ci_lower,data_derived,531,Adm_18_49,8,7.0
3.0,2.0,4,weak_wide,1000.0,ci_lower,data_derived,531,Adm_50_64,8,14.0
3.0,2.0,4,weak_wide,1000.0,ci_lower,data_derived,531,Adm_65_higher,8,21.0
3.0,2.0,4,weak_wide,10000.0,posterior_mean,chp_operational,532,ILI_PMP,8,42.0
3.0,2.0,4,weak_wide,10000.0,posterior_mean,chp_operational,532,ILI_AED,8,38.5
3.0,2.0,4,weak_wide,10000.0,posterior_mean,chp_operational,532,ILI_CMP,8,38.5
3.0,2.0,4,weak_wide,10000.0,posterior_mean,chp_operational,532,ILI_School,8,28.0
3.0,2.0,4,weak_wide,10000.0,posterior_mean,chp_operational,532,ILI_NonSchool,8,24.5
3.0,2.0,4,weak_wide,10000.0,posterior_mean,chp_operational,532,Fever_RCHE,8,42.0
3.0,2.0,4,weak_wide,10000.0,posterior_mean,chp_operational,532,Adm_All,8,35.0
3.0,2.0,4,weak_wide,10000.0,posterior_mean,chp_operational,532,Adm_0_5,8,24.5
3.0,2.0,4,weak_wide,10000.0,posterior_mean,chp_operational,532,Adm_6_11,8,38.5
3.0,2.0,4,weak_wide,10000.0,posterior_mean,chp_operational,532,Adm_12_17,8,42.0
3.0,2.0,4,weak_wide,10000.0,posterior_mean,chp_operational,532,Adm_18_49,8,35.0
3.0,2.0,4,weak_wide,10000.0,posterior_mean,chp_operational,532,Adm_50_64,8,31.5
3.0,2.0,4,weak_wide,10000.0,posterior_mean,chp_operational,532,Adm_65_higher,8,24.5
3.0,2.0,4,weak_wide,10000.0,posterior_mean,data_derived,533,ILI_PMP,8,42.0
3.0,2.0,4,weak_wide,10000.0,posterior_mean,data_derived,533,ILI_AED,8,38.5
3.0,2.0,4,weak_wide,10000.0,posterior_mean,data_derived,533,ILI_CMP,8,38.5
3.0,2.0,4,weak_wide,10000.0,posterior_mean,data_derived,533,ILI_School,8,28.0
3.0,2.0,4,weak_wide,10000.0,posterior_mean,data_derived,533,ILI_NonSchool,8,24.5
3.0,2.0,4,weak_wide,10000.0,posterior_mean,data_derived,533,Fever_RCHE,8,42.0
3.0,2.0,4,weak_wide,10000.0,posterior_mean,data_derived,533,Adm_All,8,35.0
3.0,2.0,4,weak_wide,10000.0,posterior_mean,data_derived,533,Adm_0_5,8,24.5
3.0,2.0,4,weak_wide,10000.0,posterior_mean,data_derived,533,Adm_6_11,8,38.5
3.0,2.0,4,weak_wide,10000.0,posterior_mean,data_derived,533,Adm_12_17,8,42.0
3.0,2.0,4,weak_wide,10000.0,posterior_mean,data_derived,533,Adm_18_49,8,35.0
3.0,2.0,4,weak_wide,10000.0,posterior_mean,data_derived,533,Adm_50_64,8,31.5
3.0,2.0,4,weak_wide,10000.0,posterior_mean,data_derived,533,Adm_65_higher,8,24.5
3.0,2.0,4,weak_wide,10000.0,ci_lower,chp_operational,534,ILI_PMP,8,42.0
3.0,2.0,4,weak_wide,10000.0,ci_lower,chp_operational,534,ILI_AED,8,35.0
3.0,2.0,4,weak_wide,10000.0,ci_lower,chp_operational,534,ILI_CMP,8,38.5
3.0,2.0,4,weak_wide,10000.0,ci_lower,chp_operational,534,ILI_School,8,28.0
3.0,2.0,4,weak_wide,10000.0,ci_lower,chp_operational,534,ILI_NonSchool,8,10.5
3.0,2.0,4,weak_wide,10000.0,ci_lower,chp_operational,534,Fever_RCHE,4,-45.5
3.0,2.0,4,weak_wide,10000.0,ci_lower,chp_operational,534,Adm_All,8,31.5
3.0,2.0,4,weak_wide,10000.0,ci_lower,chp_operational,534,Adm_0_5,8,24.5
3.0,2.0,4,weak_wide,10000.0,ci_lower,chp_operational,534,Adm_6_11,8,24.5
3.0,2.0,4,weak_wide,10000.0,ci_lower,chp_operational,534,Adm_12_17,8,24.5
3.0,2.0,4,weak_wide,10000.0,ci_lower,chp_operational,534,Adm_18_49,8,35.0
3.0,2.0,4,weak_wide,10000.0,ci_lower,chp_operational,534,Adm_50_64,8,17.5
3.0,2.0,4,weak_wide,10000.0,ci_lower,chp_operational,534,Adm_65_higher,8,24.5
3.0,2.0,4,weak_wide,10000.0,ci_lower,data_derived,535,ILI_PMP,8,42.0
3.0,2.0,4,weak_wide,10000.0,ci_lower,data_derived,535,ILI_AED,8,35.0
3.0,2.0,4,weak_wide,10000.0,ci_lower,data_derived,535,ILI_CMP,8,38.5
3.0,2.0,4,weak_wide,10000.0,ci_lower,data_derived,535,ILI_School,8,28.0
3.0,2.0,4,weak_wide,10000.0,ci_lower,data_derived,535,ILI_NonSchool,8,10.5
3.0,2.0,4,weak_wide,10000.0,ci_lower,data_derived,535,Fever_RCHE,4,-38.5
3.0,2.0,4,weak_wide,10000.0,ci_lower,data_derived,535,Adm_All,8,31.5
3.0,2.0,4,weak_wide,10000.0,ci_lower,data_derived,535,Adm_0_5,8,24.5
3.0,2.0,4,weak_wide,10000.0,ci_lower,data_derived,535,Adm_6_11,8,24.5
3.0,2.0,4,weak_wide,10000.0,ci_lower,data_derived,535,Adm_12_17,8,24.5
3.0,2.0,4,weak_wide,10000.0,ci_lower,data_derived,535,Adm_18_49,8,35.0
3.0,2.0,4,weak_wide,10000.0,ci_lower,data_derived,535,Adm_50_64,8,17.5
3.0,2.0,4,weak_wide,10000.0,ci_lower,data_derived,535,Adm_65_higher,8,24.5
3.0,2.0,4,weak_wide,100000.0,posterior_mean,chp_operational,536,ILI_PMP,8,42.0
3.0,2.0,4,weak_wide,100000.0,posterior_mean,chp_operational,536,ILI_AED,8,38.5
3.0,2.0,4,weak_wide,100000.0,posterior_mean,chp_operational,536,ILI_CMP,8,38.5
3.0,2.0,4,weak_wide,100000.0,posterior_mean,chp_operational,536,ILI_School,8,28.0
3.0,2.0,4,weak_wide,100000.0,posterior_mean,chp_operational,536,ILI_NonSchool,8,24.5
3.0,2.0,4,weak_wide,100000.0,posterior_mean,chp_operational,536,Fever_RCHE,8,42.0
3.0,2.0,4,weak_wide,100000.0,posterior_mean,chp_operational,536,Adm_All,8,35.0
3.0,2.0,4,weak_wide,100000.0,posterior_mean,chp_operational,536,Adm_0_5,8,24.5
3.0,2.0,4,weak_wide,100000.0,posterior_mean,chp_operational,536,Adm_6_11,8,35.0
3.0,2.0,4,weak_wide,100000.0,posterior_mean,chp_operational,536,Adm_12_17,8,42.0
3.0,2.0,4,weak_wide,100000.0,posterior_mean,chp_operational,536,Adm_18_49,8,35.0
3.0,2.0,4,weak_wide,100000.0,posterior_mean,chp_operational,536,Adm_50_64,8,31.5
3.0,2.0,4,weak_wide,100000.0,posterior_mean,chp_operational,536,Adm_65_higher,8,24.5
3.0,2.0,4,weak_wide,100000.0,posterior_mean,data_derived,537,ILI_PMP,8,42.0
3.0,2.0,4,weak_wide,100000.0,posterior_mean,data_derived,537,ILI_AED,8,38.5
3.0,2.0,4,weak_wide,100000.0,posterior_mean,data_derived,537,ILI_CMP,8,38.5
3.0,2.0,4,weak_wide,100000.0,posterior_mean,data_derived,537,ILI_School,8,28.0
3.0,2.0,4,weak_wide,100000.0,posterior_mean,data_derived,537,ILI_NonSchool,8,24.5
3.0,2.0,4,weak_wide,100000.0,posterior_mean,data_derived,537,Fever_RCHE,8,42.0
3.0,2.0,4,weak_wide,100000.0,posterior_mean,data_derived,537,Adm_All,8,35.0
3.0,2.0,4,weak_wide,100000.0,posterior_mean,data_derived,537,Adm_0_5,8,24.5
3.0,2.0,4,weak_wide,100000.0,posterior_mean,data_derived,537,Adm_6_11,8,35.0
3.0,2.0,4,weak_wide,100000.0,posterior_mean,data_derived,537,Adm_12_17,8,42.0
3.0,2.0,4,weak_wide,100000.0,posterior_mean,data_derived,537,Adm_18_49,8,35.0
3.0,2.0,4,weak_wide,100000.0,posterior_mean,data_derived,537,Adm_50_64,8,31.5
3.0,2.0,4,weak_wide,100000.0,posterior_mean,data_derived,537,Adm_65_higher,8,24.5
3.0,2.0,4,weak_wide,100000.0,ci_lower,chp_operational,538,ILI_PMP,8,42.0
3.0,2.0,4,weak_wide,100000.0,ci_lower,chp_operational,538,ILI_AED,8,38.5
3.0,2.0,4,weak_wide,100000.0,ci_lower,chp_operational,538,ILI_CMP,8,38.5
3.0,2.0,4,weak_wide,100000.0,ci_lower,chp_operational,538,ILI_School,8,28.0
3.0,2.0,4,weak_wide,100000.0,ci_lower,chp_operational,538,ILI_NonSchool,8,10.5
3.0,2.0,4,weak_wide,100000.0,ci_lower,chp_operational,538,Fever_RCHE,8,7.0
3.0,2.0,4,weak_wide,100000.0,ci_lower,chp_operational,538,Adm_All,8,31.5
3.0,2.0,4,weak_wide,100000.0,ci_lower,chp_operational,538,Adm_0_5,8,24.5
3.0,2.0,4,weak_wide,100000.0,ci_lower,chp_operational,538,Adm_6_11,8,24.5
3.0,2.0,4,weak_wide,100000.0,ci_lower,chp_operational,538,Adm_12_17,8,24.5
3.0,2.0,4,weak_wide,100000.0,ci_lower,chp_operational,538,Adm_18_49,8,35.0
3.0,2.0,4,weak_wide,100000.0,ci_lower,chp_operational,538,Adm_50_64,8,17.5
3.0,2.0,4,weak_wide,100000.0,ci_lower,chp_operational,538,Adm_65_higher,8,24.5
3.0,2.0,4,weak_wide,100000.0,ci_lower,data_derived,539,ILI_PMP,8,42.0
3.0,2.0,4,weak_wide,100000.0,ci_lower,data_derived,539,ILI_AED,8,38.5
3.0,2.0,4,weak_wide,100000.0,ci_lower,data_derived,539,ILI_CMP,8,38.5
3.0,2.0,4,weak_wide,100000.0,ci_lower,data_derived,539,ILI_School,8,28.0
3.0,2.0,4,weak_wide,100000.0,ci_lower,data_derived,539,ILI_NonSchool,8,10.5
3.0,2.0,4,weak_wide,100000.0,ci_lower,data_derived,539,Fever_RCHE,8,7.0
3.0,2.0,4,weak_wide,100000.0,ci_lower,data_derived,539,Adm_All,8,31.5
3.0,2.0,4,weak_wide,100000.0,ci_lower,data_derived,539,Adm_0_5,8,24.5
3.0,2.0,4,weak_wide,100000.0,ci_lower,data_derived,539,Adm_6_11,8,24.5
3.0,2.0,4,weak_wide,100000.0,ci_lower,data_derived,539,Adm_12_17,8,24.5
3.0,2.0,4,weak_wide,100000.0,ci_lower,data_derived,539,Adm_18_49,8,35.0
3.0,2.0,4,weak_wide,100000.0,ci_lower,data_derived,539,Adm_50_64,8,17.5
3.0,2.0,4,weak_wide,100000.0,ci_lower,data_derived,539,Adm_65_higher,8,24.5
3.0,2.0,6,v7,1000.0,posterior_mean,chp_operational,540,ILI_PMP,8,28.0
3.0,2.0,6,v7,1000.0,posterior_mean,chp_operational,540,ILI_AED,8,28.0
3.0,2.0,6,v7,1000.0,posterior_mean,chp_operational,540,ILI_CMP,8,24.5
3.0,2.0,6,v7,1000.0,posterior_mean,chp_operational,540,ILI_School,8,21.0
3.0,2.0,6,v7,1000.0,posterior_mean,chp_operational,540,ILI_NonSchool,8,10.5
3.0,2.0,6,v7,1000.0,posterior_mean,chp_operational,540,Fever_RCHE,0,
3.0,2.0,6,v7,1000.0,posterior_mean,chp_operational,540,Adm_All,8,17.5
3.0,2.0,6,v7,1000.0,posterior_mean,chp_operational,540,Adm_0_5,8,21.0
3.0,2.0,6,v7,1000.0,posterior_mean,chp_operational,540,Adm_6_11,8,17.5
3.0,2.0,6,v7,1000.0,posterior_mean,chp_operational,540,Adm_12_17,8,14.0
3.0,2.0,6,v7,1000.0,posterior_mean,chp_operational,540,Adm_18_49,8,7.0
3.0,2.0,6,v7,1000.0,posterior_mean,chp_operational,540,Adm_50_64,8,21.0
3.0,2.0,6,v7,1000.0,posterior_mean,chp_operational,540,Adm_65_higher,8,17.5
3.0,2.0,6,v7,1000.0,posterior_mean,data_derived,541,ILI_PMP,8,28.0
3.0,2.0,6,v7,1000.0,posterior_mean,data_derived,541,ILI_AED,8,28.0
3.0,2.0,6,v7,1000.0,posterior_mean,data_derived,541,ILI_CMP,8,24.5
3.0,2.0,6,v7,1000.0,posterior_mean,data_derived,541,ILI_School,8,21.0
3.0,2.0,6,v7,1000.0,posterior_mean,data_derived,541,ILI_NonSchool,8,10.5
3.0,2.0,6,v7,1000.0,posterior_mean,data_derived,541,Fever_RCHE,0,
3.0,2.0,6,v7,1000.0,posterior_mean,data_derived,541,Adm_All,8,17.5
3.0,2.0,6,v7,1000.0,posterior_mean,data_derived,541,Adm_0_5,8,21.0
3.0,2.0,6,v7,1000.0,posterior_mean,data_derived,541,Adm_6_11,8,17.5
3.0,2.0,6,v7,1000.0,posterior_mean,data_derived,541,Adm_12_17,8,14.0
3.0,2.0,6,v7,1000.0,posterior_mean,data_derived,541,Adm_18_49,8,7.0
3.0,2.0,6,v7,1000.0,posterior_mean,data_derived,541,Adm_50_64,8,21.0
3.0,2.0,6,v7,1000.0,posterior_mean,data_derived,541,Adm_65_higher,8,17.5
3.0,2.0,6,v7,1000.0,ci_lower,chp_operational,542,ILI_PMP,8,28.0
3.0,2.0,6,v7,1000.0,ci_lower,chp_operational,542,ILI_AED,8,28.0
3.0,2.0,6,v7,1000.0,ci_lower,chp_operational,542,ILI_CMP,8,3.5
3.0,2.0,6,v7,1000.0,ci_lower,chp_operational,542,ILI_School,8,21.0
3.0,2.0,6,v7,1000.0,ci_lower,chp_operational,542,ILI_NonSchool,8,10.5
3.0,2.0,6,v7,1000.0,ci_lower,chp_operational,542,Fever_RCHE,0,
3.0,2.0,6,v7,1000.0,ci_lower,chp_operational,542,Adm_All,8,10.5
3.0,2.0,6,v7,1000.0,ci_lower,chp_operational,542,Adm_0_5,8,10.5
3.0,2.0,6,v7,1000.0,ci_lower,chp_operational,542,Adm_6_11,8,14.0
3.0,2.0,6,v7,1000.0,ci_lower,chp_operational,542,Adm_12_17,8,14.0
3.0,2.0,6,v7,1000.0,ci_lower,chp_operational,542,Adm_18_49,8,-7.0
3.0,2.0,6,v7,1000.0,ci_lower,chp_operational,542,Adm_50_64,8,3.5
3.0,2.0,6,v7,1000.0,ci_lower,chp_operational,542,Adm_65_higher,8,14.0
3.0,2.0,6,v7,1000.0,ci_lower,data_derived,543,ILI_PMP,8,28.0
3.0,2.0,6,v7,1000.0,ci_lower,data_derived,543,ILI_AED,8,28.0
3.0,2.0,6,v7,1000.0,ci_lower,data_derived,543,ILI_CMP,8,3.5
3.0,2.0,6,v7,1000.0,ci_lower,data_derived,543,ILI_School,8,21.0
3.0,2.0,6,v7,1000.0,ci_lower,data_derived,543,ILI_NonSchool,8,10.5
3.0,2.0,6,v7,1000.0,ci_lower,data_derived,543,Fever_RCHE,0,
3.0,2.0,6,v7,1000.0,ci_lower,data_derived,543,Adm_All,8,10.5
3.0,2.0,6,v7,1000.0,ci_lower,data_derived,543,Adm_0_5,8,10.5
3.0,2.0,6,v7,1000.0,ci_lower,data_derived,543,Adm_6_11,8,14.0
3.0,2.0,6,v7,1000.0,ci_lower,data_derived,543,Adm_12_17,8,14.0
3.0,2.0,6,v7,1000.0,ci_lower,data_derived,543,Adm_18_49,8,-3.5
3.0,2.0,6,v7,1000.0,ci_lower,data_derived,543,Adm_50_64,8,7.0
3.0,2.0,6,v7,1000.0,ci_lower,data_derived,543,Adm_65_higher,8,17.5
3.0,2.0,6,v7,10000.0,posterior_mean,chp_operational,544,ILI_PMP,8,28.0
3.0,2.0,6,v7,10000.0,posterior_mean,chp_operational,544,ILI_AED,8,28.0
3.0,2.0,6,v7,10000.0,posterior_mean,chp_operational,544,ILI_CMP,8,24.5
3.0,2.0,6,v7,10000.0,posterior_mean,chp_operational,544,ILI_School,8,21.0
3.0,2.0,6,v7,10000.0,posterior_mean,chp_operational,544,ILI_NonSchool,8,10.5
3.0,2.0,6,v7,10000.0,posterior_mean,chp_operational,544,Fever_RCHE,8,-31.5
3.0,2.0,6,v7,10000.0,posterior_mean,chp_operational,544,Adm_All,8,21.0
3.0,2.0,6,v7,10000.0,posterior_mean,chp_operational,544,Adm_0_5,8,21.0
3.0,2.0,6,v7,10000.0,posterior_mean,chp_operational,544,Adm_6_11,8,17.5
3.0,2.0,6,v7,10000.0,posterior_mean,chp_operational,544,Adm_12_17,8,14.0
3.0,2.0,6,v7,10000.0,posterior_mean,chp_operational,544,Adm_18_49,8,24.5
3.0,2.0,6,v7,10000.0,posterior_mean,chp_operational,544,Adm_50_64,8,21.0
3.0,2.0,6,v7,10000.0,posterior_mean,chp_operational,544,Adm_65_higher,8,17.5
3.0,2.0,6,v7,10000.0,posterior_mean,data_derived,545,ILI_PMP,8,28.0
3.0,2.0,6,v7,10000.0,posterior_mean,data_derived,545,ILI_AED,8,28.0
3.0,2.0,6,v7,10000.0,posterior_mean,data_derived,545,ILI_CMP,8,24.5
3.0,2.0,6,v7,10000.0,posterior_mean,data_derived,545,ILI_School,8,21.0
3.0,2.0,6,v7,10000.0,posterior_mean,data_derived,545,ILI_NonSchool,8,10.5
3.0,2.0,6,v7,10000.0,posterior_mean,data_derived,545,Fever_RCHE,8,-28.0
3.0,2.0,6,v7,10000.0,posterior_mean,data_derived,545,Adm_All,8,21.0
3.0,2.0,6,v7,10000.0,posterior_mean,data_derived,545,Adm_0_5,8,21.0
3.0,2.0,6,v7,10000.0,posterior_mean,data_derived,545,Adm_6_11,8,17.5
3.0,2.0,6,v7,10000.0,posterior_mean,data_derived,545,Adm_12_17,8,14.0
3.0,2.0,6,v7,10000.0,posterior_mean,data_derived,545,Adm_18_49,8,24.5
3.0,2.0,6,v7,10000.0,posterior_mean,data_derived,545,Adm_50_64,8,21.0
3.0,2.0,6,v7,10000.0,posterior_mean,data_derived,545,Adm_65_higher,8,17.5
3.0,2.0,6,v7,10000.0,ci_lower,chp_operational,546,ILI_PMP,8,28.0
3.0,2.0,6,v7,10000.0,ci_lower,chp_operational,546,ILI_AED,8,28.0
3.0,2.0,6,v7,10000.0,ci_lower,chp_operational,546,ILI_CMP,8,24.5
3.0,2.0,6,v7,10000.0,ci_lower,chp_operational,546,ILI_School,8,21.0
3.0,2.0,6,v7,10000.0,ci_lower,chp_operational,546,ILI_NonSchool,8,10.5
3.0,2.0,6,v7,10000.0,ci_lower,chp_operational,546,Fever_RCHE,0,
3.0,2.0,6,v7,10000.0,ci_lower,chp_operational,546,Adm_All,8,21.0
3.0,2.0,6,v7,10000.0,ci_lower,chp_operational,546,Adm_0_5,8,21.0
3.0,2.0,6,v7,10000.0,ci_lower,chp_operational,546,Adm_6_11,8,17.5
3.0,2.0,6,v7,10000.0,ci_lower,chp_operational,546,Adm_12_17,8,14.0
3.0,2.0,6,v7,10000.0,ci_lower,chp_operational,546,Adm_18_49,8,14.0
3.0,2.0,6,v7,10000.0,ci_lower,chp_operational,546,Adm_50_64,8,21.0
3.0,2.0,6,v7,10000.0,ci_lower,chp_operational,546,Adm_65_higher,8,17.5
3.0,2.0,6,v7,10000.0,ci_lower,data_derived,547,ILI_PMP,8,28.0
3.0,2.0,6,v7,10000.0,ci_lower,data_derived,547,ILI_AED,8,28.0
3.0,2.0,6,v7,10000.0,ci_lower,data_derived,547,ILI_CMP,8,24.5
3.0,2.0,6,v7,10000.0,ci_lower,data_derived,547,ILI_School,8,21.0
3.0,2.0,6,v7,10000.0,ci_lower,data_derived,547,ILI_NonSchool,8,10.5
3.0,2.0,6,v7,10000.0,ci_lower,data_derived,547,Fever_RCHE,0,
3.0,2.0,6,v7,10000.0,ci_lower,data_derived,547,Adm_All,8,21.0
3.0,2.0,6,v7,10000.0,ci_lower,data_derived,547,Adm_0_5,8,21.0
3.0,2.0,6,v7,10000.0,ci_lower,data_derived,547,Adm_6_11,8,17.5
3.0,2.0,6,v7,10000.0,ci_lower,data_derived,547,Adm_12_17,8,14.0
3.0,2.0,6,v7,10000.0,ci_lower,data_derived,547,Adm_18_49,8,14.0
3.0,2.0,6,v7,10000.0,ci_lower,data_derived,547,Adm_50_64,8,21.0
3.0,2.0,6,v7,10000.0,ci_lower,data_derived,547,Adm_65_higher,8,17.5
3.0,2.0,6,v7,100000.0,posterior_mean,chp_operational,548,ILI_PMP,8,28.0
3.0,2.0,6,v7,100000.0,posterior_mean,chp_operational,548,ILI_AED,8,28.0
3.0,2.0,6,v7,100000.0,posterior_mean,chp_operational,548,ILI_CMP,8,24.5
3.0,2.0,6,v7,100000.0,posterior_mean,chp_operational,548,ILI_School,8,21.0
3.0,2.0,6,v7,100000.0,posterior_mean,chp_operational,548,ILI_NonSchool,8,10.5
3.0,2.0,6,v7,100000.0,posterior_mean,chp_operational,548,Fever_RCHE,8,21.0
3.0,2.0,6,v7,100000.0,posterior_mean,chp_operational,548,Adm_All,8,21.0
3.0,2.0,6,v7,100000.0,posterior_mean,chp_operational,548,Adm_0_5,8,21.0
3.0,2.0,6,v7,100000.0,posterior_mean,chp_operational,548,Adm_6_11,8,17.5
3.0,2.0,6,v7,100000.0,posterior_mean,chp_operational,548,Adm_12_17,8,17.5
3.0,2.0,6,v7,100000.0,posterior_mean,chp_operational,548,Adm_18_49,8,28.0
3.0,2.0,6,v7,100000.0,posterior_mean,chp_operational,548,Adm_50_64,8,21.0
3.0,2.0,6,v7,100000.0,posterior_mean,chp_operational,548,Adm_65_higher,8,17.5
3.0,2.0,6,v7,100000.0,posterior_mean,data_derived,549,ILI_PMP,8,28.0
3.0,2.0,6,v7,100000.0,posterior_mean,data_derived,549,ILI_AED,8,28.0
3.0,2.0,6,v7,100000.0,posterior_mean,data_derived,549,ILI_CMP,8,24.5
3.0,2.0,6,v7,100000.0,posterior_mean,data_derived,549,ILI_School,8,21.0
3.0,2.0,6,v7,100000.0,posterior_mean,data_derived,549,ILI_NonSchool,8,10.5
3.0,2.0,6,v7,100000.0,posterior_mean,data_derived,549,Fever_RCHE,8,21.0
3.0,2.0,6,v7,100000.0,posterior_mean,data_derived,549,Adm_All,8,21.0
3.0,2.0,6,v7,100000.0,posterior_mean,data_derived,549,Adm_0_5,8,21.0
3.0,2.0,6,v7,100000.0,posterior_mean,data_derived,549,Adm_6_11,8,17.5
3.0,2.0,6,v7,100000.0,posterior_mean,data_derived,549,Adm_12_17,8,17.5
3.0,2.0,6,v7,100000.0,posterior_mean,data_derived,549,Adm_18_49,8,28.0
3.0,2.0,6,v7,100000.0,posterior_mean,data_derived,549,Adm_50_64,8,21.0
3.0,2.0,6,v7,100000.0,posterior_mean,data_derived,549,Adm_65_higher,8,17.5
3.0,2.0,6,v7,100000.0,ci_lower,chp_operational,550,ILI_PMP,8,28.0
3.0,2.0,6,v7,100000.0,ci_lower,chp_operational,550,ILI_AED,8,28.0
3.0,2.0,6,v7,100000.0,ci_lower,chp_operational,550,ILI_CMP,8,24.5
3.0,2.0,6,v7,100000.0,ci_lower,chp_operational,550,ILI_School,8,21.0
3.0,2.0,6,v7,100000.0,ci_lower,chp_operational,550,ILI_NonSchool,8,10.5
3.0,2.0,6,v7,100000.0,ci_lower,chp_operational,550,Fever_RCHE,8,-31.5
3.0,2.0,6,v7,100000.0,ci_lower,chp_operational,550,Adm_All,8,21.0
3.0,2.0,6,v7,100000.0,ci_lower,chp_operational,550,Adm_0_5,8,21.0
3.0,2.0,6,v7,100000.0,ci_lower,chp_operational,550,Adm_6_11,8,17.5
3.0,2.0,6,v7,100000.0,ci_lower,chp_operational,550,Adm_12_17,8,14.0
3.0,2.0,6,v7,100000.0,ci_lower,chp_operational,550,Adm_18_49,8,24.5
3.0,2.0,6,v7,100000.0,ci_lower,chp_operational,550,Adm_50_64,8,21.0
3.0,2.0,6,v7,100000.0,ci_lower,chp_operational,550,Adm_65_higher,8,17.5
3.0,2.0,6,v7,100000.0,ci_lower,data_derived,551,ILI_PMP,8,28.0
3.0,2.0,6,v7,100000.0,ci_lower,data_derived,551,ILI_AED,8,28.0
3.0,2.0,6,v7,100000.0,ci_lower,data_derived,551,ILI_CMP,8,24.5
3.0,2.0,6,v7,100000.0,ci_lower,data_derived,551,ILI_School,8,21.0
3.0,2.0,6,v7,100000.0,ci_lower,data_derived,551,ILI_NonSchool,8,10.5
3.0,2.0,6,v7,100000.0,ci_lower,data_derived,551,Fever_RCHE,8,-28.0
3.0,2.0,6,v7,100000.0,ci_lower,data_derived,551,Adm_All,8,21.0
3.0,2.0,6,v7,100000.0,ci_lower,data_derived,551,Adm_0_5,8,21.0
3.0,2.0,6,v7,100000.0,ci_lower,data_derived,551,Adm_6_11,8,17.5
3.0,2.0,6,v7,100000.0,ci_lower,data_derived,551,Adm_12_17,8,14.0
3.0,2.0,6,v7,100000.0,ci_lower,data_derived,551,Adm_18_49,8,24.5
3.0,2.0,6,v7,100000.0,ci_lower,data_derived,551,Adm_50_64,8,21.0
3.0,2.0,6,v7,100000.0,ci_lower,data_derived,551,Adm_65_higher,8,17.5
3.0,2.0,6,vague,1000.0,posterior_mean,chp_operational,552,ILI_PMP,8,28.0
3.0,2.0,6,vague,1000.0,posterior_mean,chp_operational,552,ILI_AED,8,28.0
3.0,2.0,6,vague,1000.0,posterior_mean,chp_operational,552,ILI_CMP,6,-45.5
3.0,2.0,6,vague,1000.0,posterior_mean,chp_operational,552,ILI_School,8,21.0
3.0,2.0,6,vague,1000.0,posterior_mean,chp_operational,552,ILI_NonSchool,8,7.0
3.0,2.0,6,vague,1000.0,posterior_mean,chp_operational,552,Fever_RCHE,0,
3.0,2.0,6,vague,1000.0,posterior_mean,chp_operational,552,Adm_All,4,-31.5
3.0,2.0,6,vague,1000.0,posterior_mean,chp_operational,552,Adm_0_5,8,-10.5
3.0,2.0,6,vague,1000.0,posterior_mean,chp_operational,552,Adm_6_11,6,-38.5
3.0,2.0,6,vague,1000.0,posterior_mean,chp_operational,552,Adm_12_17,4,-122.5
3.0,2.0,6,vague,1000.0,posterior_mean,chp_operational,552,Adm_18_49,0,
3.0,2.0,6,vague,1000.0,posterior_mean,chp_operational,552,Adm_50_64,0,
3.0,2.0,6,vague,1000.0,posterior_mean,chp_operational,552,Adm_65_higher,6,-21.0
3.0,2.0,6,vague,1000.0,posterior_mean,data_derived,553,ILI_PMP,8,28.0
3.0,2.0,6,vague,1000.0,posterior_mean,data_derived,553,ILI_AED,8,28.0
3.0,2.0,6,vague,1000.0,posterior_mean,data_derived,553,ILI_CMP,6,-45.5
3.0,2.0,6,vague,1000.0,posterior_mean,data_derived,553,ILI_School,8,21.0
3.0,2.0,6,vague,1000.0,posterior_mean,data_derived,553,ILI_NonSchool,8,7.0
3.0,2.0,6,vague,1000.0,posterior_mean,data_derived,553,Fever_RCHE,0,
3.0,2.0,6,vague,1000.0,posterior_mean,data_derived,553,Adm_All,4,-31.5
3.0,2.0,6,vague,1000.0,posterior_mean,data_derived,553,Adm_0_5,8,-10.5
3.0,2.0,6,vague,1000.0,posterior_mean,data_derived,553,Adm_6_11,6,-35.0
3.0,2.0,6,vague,1000.0,posterior_mean,data_derived,553,Adm_12_17,4,-122.5
3.0,2.0,6,vague,1000.0,posterior_mean,data_derived,553,Adm_18_49,0,
3.0,2.0,6,vague,1000.0,posterior_mean,data_derived,553,Adm_50_64,0,
3.0,2.0,6,vague,1000.0,posterior_mean,data_derived,553,Adm_65_higher,6,-21.0
3.0,2.0,6,vague,1000.0,ci_lower,chp_operational,554,ILI_PMP,8,28.0
3.0,2.0,6,vague,1000.0,ci_lower,chp_operational,554,ILI_AED,8,28.0
3.0,2.0,6,vague,1000.0,ci_lower,chp_operational,554,ILI_CMP,5,-49.0
3.0,2.0,6,vague,1000.0,ci_lower,chp_operational,554,ILI_School,8,17.5
3.0,2.0,6,vague,1000.0,ci_lower,chp_operational,554,ILI_NonSchool,8,-14.0
3.0,2.0,6,vague,1000.0,ci_lower,chp_operational,554,Fever_RCHE,0,
3.0,2.0,6,vague,1000.0,ci_lower,chp_operational,554,Adm_All,4,-35.0
3.0,2.0,6,vague,1000.0,ci_lower,chp_operational,554,Adm_0_5,8,-14.0
3.0,2.0,6,vague,1000.0,ci_lower,chp_operational,554,Adm_6_11,6,-38.5
3.0,2.0,6,vague,1000.0,ci_lower,chp_operational,554,Adm_12_17,4,-122.5
3.0,2.0,6,vague,1000.0,ci_lower,chp_operational,554,Adm_18_49,0,
3.0,2.0,6,vague,1000.0,ci_lower,chp_operational,554,Adm_50_64,0,
3.0,2.0,6,vague,1000.0,ci_lower,chp_operational,554,Adm_65_higher,6,-24.5
3.0,2.0,6,vague,1000.0,ci_lower,data_derived,555,ILI_PMP,8,28.0
3.0,2.0,6,vague,1000.0,ci_lower,data_derived,555,ILI_AED,8,28.0
3.0,2.0,6,vague,1000.0,ci_lower,data_derived,555,ILI_CMP,5,-49.0
3.0,2.0,6,vague,1000.0,ci_lower,data_derived,555,ILI_School,8,17.5
3.0,2.0,6,vague,1000.0,ci_lower,data_derived,555,ILI_NonSchool,8,-10.5
3.0,2.0,6,vague,1000.0,ci_lower,data_derived,555,Fever_RCHE,0,
3.0,2.0,6,vague,1000.0,ci_lower,data_derived,555,Adm_All,4,-35.0
3.0,2.0,6,vague,1000.0,ci_lower,data_derived,555,Adm_0_5,8,-10.5
3.0,2.0,6,vague,1000.0,ci_lower,data_derived,555,Adm_6_11,6,-35.0
3.0,2.0,6,vague,1000.0,ci_lower,data_derived,555,Adm_12_17,4,-122.5
3.0,2.0,6,vague,1000.0,ci_lower,data_derived,555,Adm_18_49,0,
3.0,2.0,6,vague,1000.0,ci_lower,data_derived,555,Adm_50_64,0,
3.0,2.0,6,vague,1000.0,ci_lower,data_derived,555,Adm_65_higher,6,-24.5
3.0,2.0,6,vague,10000.0,posterior_mean,chp_operational,556,ILI_PMP,8,28.0
3.0,2.0,6,vague,10000.0,posterior_mean,chp_operational,556,ILI_AED,8,28.0
3.0,2.0,6,vague,10000.0,posterior_mean,chp_operational,556,ILI_CMP,8,3.5
3.0,2.0,6,vague,10000.0,posterior_mean,chp_operational,556,ILI_School,8,21.0
3.0,2.0,6,vague,10000.0,posterior_mean,chp_operational,556,ILI_NonSchool,8,10.5
3.0,2.0,6,vague,10000.0,posterior_mean,chp_operational,556,Fever_RCHE,0,
3.0,2.0,6,vague,10000.0,posterior_mean,chp_operational,556,Adm_All,8,-3.5
3.0,2.0,6,vague,10000.0,posterior_mean,chp_operational,556,Adm_0_5,8,10.5
3.0,2.0,6,vague,10000.0,posterior_mean,chp_operational,556,Adm_6_11,8,7.0
3.0,2.0,6,vague,10000.0,posterior_mean,chp_operational,556,Adm_12_17,8,-17.5
3.0,2.0,6,vague,10000.0,posterior_mean,chp_operational,556,Adm_18_49,7,-21.0
3.0,2.0,6,vague,10000.0,posterior_mean,chp_operational,556,Adm_50_64,8,-17.5
3.0,2.0,6,vague,10000.0,posterior_mean,chp_operational,556,Adm_65_higher,8,0.0
3.0,2.0,6,vague,10000.0,posterior_mean,data_derived,557,ILI_PMP,8,28.0
3.0,2.0,6,vague,10000.0,posterior_mean,data_derived,557,ILI_AED,8,28.0
3.0,2.0,6,vague,10000.0,posterior_mean,data_derived,557,ILI_CMP,8,3.5
3.0,2.0,6,vague,10000.0,posterior_mean,data_derived,557,ILI_School,8,21.0
3.0,2.0,6,vague,10000.0,posterior_mean,data_derived,557,ILI_NonSchool,8,10.5
3.0,2.0,6,vague,10000.0,posterior_mean,data_derived,557,Fever_RCHE,0,
3.0,2.0,6,vague,10000.0,posterior_mean,data_derived,557,Adm_All,8,0.0
3.0,2.0,6,vague,10000.0,posterior_mean,data_derived,557,Adm_0_5,8,10.5
3.0,2.0,6,vague,10000.0,posterior_mean,data_derived,557,Adm_6_11,8,10.5
3.0,2.0,6,vague,10000.0,posterior_mean,data_derived,557,Adm_12_17,8,-14.0
3.0,2.0,6,vague,10000.0,posterior_mean,data_derived,557,Adm_18_49,7,-21.0
3.0,2.0,6,vague,10000.0,posterior_mean,data_derived,557,Adm_50_64,8,-14.0
3.0,2.0,6,vague,10000.0,posterior_mean,data_derived,557,Adm_65_higher,8,3.5
3.0,2.0,6,vague,10000.0,ci_lower,chp_operational,558,ILI_PMP,8,28.0
3.0,2.0,6,vague,10000.0,ci_lower,chp_operational,558,ILI_AED,8,28.0
3.0,2.0,6,vague,10000.0,ci_lower,chp_operational,558,ILI_CMP,8,3.5
3.0,2.0,6,vague,10000.0,ci_lower,chp_operational,558,ILI_School,8,21.0
3.0,2.0,6,vague,10000.0,ci_lower,chp_operational,558,ILI_NonSchool,8,10.5
3.0,2.0,6,vague,10000.0,ci_lower,chp_operational,558,Fever_RCHE,0,
3.0,2.0,6,vague,10000.0,ci_lower,chp_operational,558,Adm_All,8,-3.5
3.0,2.0,6,vague,10000.0,ci_lower,chp_operational,558,Adm_0_5,8,7.0
3.0,2.0,6,vague,10000.0,ci_lower,chp_operational,558,Adm_6_11,8,7.0
3.0,2.0,6,vague,10000.0,ci_lower,chp_operational,558,Adm_12_17,8,-17.5
3.0,2.0,6,vague,10000.0,ci_lower,chp_operational,558,Adm_18_49,7,-21.0
3.0,2.0,6,vague,10000.0,ci_lower,chp_operational,558,Adm_50_64,8,-17.5
3.0,2.0,6,vague,10000.0,ci_lower,chp_operational,558,Adm_65_higher,8,-3.5
3.0,2.0,6,vague,10000.0,ci_lower,data_derived,559,ILI_PMP,8,28.0
3.0,2.0,6,vague,10000.0,ci_lower,data_derived,559,ILI_AED,8,28.0
3.0,2.0,6,vague,10000.0,ci_lower,data_derived,559,ILI_CMP,8,3.5
3.0,2.0,6,vague,10000.0,ci_lower,data_derived,559,ILI_School,8,21.0
3.0,2.0,6,vague,10000.0,ci_lower,data_derived,559,ILI_NonSchool,8,10.5
3.0,2.0,6,vague,10000.0,ci_lower,data_derived,559,Fever_RCHE,0,
3.0,2.0,6,vague,10000.0,ci_lower,data_derived,559,Adm_All,8,0.0
3.0,2.0,6,vague,10000.0,ci_lower,data_derived,559,Adm_0_5,8,7.0
3.0,2.0,6,vague,10000.0,ci_lower,data_derived,559,Adm_6_11,8,10.5
3.0,2.0,6,vague,10000.0,ci_lower,data_derived,559,Adm_12_17,8,-14.0
3.0,2.0,6,vague,10000.0,ci_lower,data_derived,559,Adm_18_49,7,-21.0
3.0,2.0,6,vague,10000.0,ci_lower,data_derived,559,Adm_50_64,8,-14.0
3.0,2.0,6,vague,10000.0,ci_lower,data_derived,559,Adm_65_higher,8,0.0
3.0,2.0,6,vague,100000.0,posterior_mean,chp_operational,560,ILI_PMP,8,28.0
3.0,2.0,6,vague,100000.0,posterior_mean,chp_operational,560,ILI_AED,8,28.0
3.0,2.0,6,vague,100000.0,posterior_mean,chp_operational,560,ILI_CMP,8,24.5
3.0,2.0,6,vague,100000.0,posterior_mean,chp_operational,560,ILI_School,8,21.0
3.0,2.0,6,vague,100000.0,posterior_mean,chp_operational,560,ILI_NonSchool,8,10.5
3.0,2.0,6,vague,100000.0,posterior_mean,chp_operational,560,Fever_RCHE,0,
3.0,2.0,6,vague,100000.0,posterior_mean,chp_operational,560,Adm_All,8,17.5
3.0,2.0,6,vague,100000.0,posterior_mean,chp_operational,560,Adm_0_5,8,21.0
3.0,2.0,6,vague,100000.0,posterior_mean,chp_operational,560,Adm_6_11,8,17.5
3.0,2.0,6,vague,100000.0,posterior_mean,chp_operational,560,Adm_12_17,8,14.0
3.0,2.0,6,vague,100000.0,posterior_mean,chp_operational,560,Adm_18_49,8,3.5
3.0,2.0,6,vague,100000.0,posterior_mean,chp_operational,560,Adm_50_64,8,10.5
3.0,2.0,6,vague,100000.0,posterior_mean,chp_operational,560,Adm_65_higher,8,17.5
3.0,2.0,6,vague,100000.0,posterior_mean,data_derived,561,ILI_PMP,8,28.0
3.0,2.0,6,vague,100000.0,posterior_mean,data_derived,561,ILI_AED,8,28.0
3.0,2.0,6,vague,100000.0,posterior_mean,data_derived,561,ILI_CMP,8,24.5
3.0,2.0,6,vague,100000.0,posterior_mean,data_derived,561,ILI_School,8,21.0
3.0,2.0,6,vague,100000.0,posterior_mean,data_derived,561,ILI_NonSchool,8,10.5
3.0,2.0,6,vague,100000.0,posterior_mean,data_derived,561,Fever_RCHE,0,
3.0,2.0,6,vague,100000.0,posterior_mean,data_derived,561,Adm_All,8,17.5
3.0,2.0,6,vague,100000.0,posterior_mean,data_derived,561,Adm_0_5,8,21.0
3.0,2.0,6,vague,100000.0,posterior_mean,data_derived,561,Adm_6_11,8,17.5
3.0,2.0,6,vague,100000.0,posterior_mean,data_derived,561,Adm_12_17,8,14.0
3.0,2.0,6,vague,100000.0,posterior_mean,data_derived,561,Adm_18_49,8,3.5
3.0,2.0,6,vague,100000.0,posterior_mean,data_derived,561,Adm_50_64,8,10.5
3.0,2.0,6,vague,100000.0,posterior_mean,data_derived,561,Adm_65_higher,8,17.5
3.0,2.0,6,vague,100000.0,ci_lower,chp_operational,562,ILI_PMP,8,28.0
3.0,2.0,6,vague,100000.0,ci_lower,chp_operational,562,ILI_AED,8,28.0
3.0,2.0,6,vague,100000.0,ci_lower,chp_operational,562,ILI_CMP,8,24.5
3.0,2.0,6,vague,100000.0,ci_lower,chp_operational,562,ILI_School,8,21.0
3.0,2.0,6,vague,100000.0,ci_lower,chp_operational,562,ILI_NonSchool,8,10.5
3.0,2.0,6,vague,100000.0,ci_lower,chp_operational,562,Fever_RCHE,0,
3.0,2.0,6,vague,100000.0,ci_lower,chp_operational,562,Adm_All,8,14.0
3.0,2.0,6,vague,100000.0,ci_lower,chp_operational,562,Adm_0_5,8,21.0
3.0,2.0,6,vague,100000.0,ci_lower,chp_operational,562,Adm_6_11,8,17.5
3.0,2.0,6,vague,100000.0,ci_lower,chp_operational,562,Adm_12_17,8,14.0
3.0,2.0,6,vague,100000.0,ci_lower,chp_operational,562,Adm_18_49,8,3.5
3.0,2.0,6,vague,100000.0,ci_lower,chp_operational,562,Adm_50_64,8,3.5
3.0,2.0,6,vague,100000.0,ci_lower,chp_operational,562,Adm_65_higher,8,17.5
3.0,2.0,6,vague,100000.0,ci_lower,data_derived,563,ILI_PMP,8,28.0
3.0,2.0,6,vague,100000.0,ci_lower,data_derived,563,ILI_AED,8,28.0
3.0,2.0,6,vague,100000.0,ci_lower,data_derived,563,ILI_CMP,8,24.5
3.0,2.0,6,vague,100000.0,ci_lower,data_derived,563,ILI_School,8,21.0
3.0,2.0,6,vague,100000.0,ci_lower,data_derived,563,ILI_NonSchool,8,10.5
3.0,2.0,6,vague,100000.0,ci_lower,data_derived,563,Fever_RCHE,0,
3.0,2.0,6,vague,100000.0,ci_lower,data_derived,563,Adm_All,8,14.0
3.0,2.0,6,vague,100000.0,ci_lower,data_derived,563,Adm_0_5,8,21.0
3.0,2.0,6,vague,100000.0,ci_lower,data_derived,563,Adm_6_11,8,17.5
3.0,2.0,6,vague,100000.0,ci_lower,data_derived,563,Adm_12_17,8,14.0
3.0,2.0,6,vague,100000.0,ci_lower,data_derived,563,Adm_18_49,8,3.5
3.0,2.0,6,vague,100000.0,ci_lower,data_derived,563,Adm_50_64,8,7.0
3.0,2.0,6,vague,100000.0,ci_lower,data_derived,563,Adm_65_higher,8,17.5
3.0,2.0,6,weak_wide,1000.0,posterior_mean,chp_operational,564,ILI_PMP,8,28.0
3.0,2.0,6,weak_wide,1000.0,posterior_mean,chp_operational,564,ILI_AED,8,28.0
3.0,2.0,6,weak_wide,1000.0,posterior_mean,chp_operational,564,ILI_CMP,8,24.5
3.0,2.0,6,weak_wide,1000.0,posterior_mean,chp_operational,564,ILI_School,8,21.0
3.0,2.0,6,weak_wide,1000.0,posterior_mean,chp_operational,564,ILI_NonSchool,8,17.5
3.0,2.0,6,weak_wide,1000.0,posterior_mean,chp_operational,564,Fever_RCHE,8,28.0
3.0,2.0,6,weak_wide,1000.0,posterior_mean,chp_operational,564,Adm_All,8,21.0
3.0,2.0,6,weak_wide,1000.0,posterior_mean,chp_operational,564,Adm_0_5,8,21.0
3.0,2.0,6,weak_wide,1000.0,posterior_mean,chp_operational,564,Adm_6_11,8,24.5
3.0,2.0,6,weak_wide,1000.0,posterior_mean,chp_operational,564,Adm_12_17,8,28.0
3.0,2.0,6,weak_wide,1000.0,posterior_mean,chp_operational,564,Adm_18_49,8,28.0
3.0,2.0,6,weak_wide,1000.0,posterior_mean,chp_operational,564,Adm_50_64,8,21.0
3.0,2.0,6,weak_wide,1000.0,posterior_mean,chp_operational,564,Adm_65_higher,8,17.5
3.0,2.0,6,weak_wide,1000.0,posterior_mean,data_derived,565,ILI_PMP,8,28.0
3.0,2.0,6,weak_wide,1000.0,posterior_mean,data_derived,565,ILI_AED,8,28.0
3.0,2.0,6,weak_wide,1000.0,posterior_mean,data_derived,565,ILI_CMP,8,24.5
3.0,2.0,6,weak_wide,1000.0,posterior_mean,data_derived,565,ILI_School,8,21.0
3.0,2.0,6,weak_wide,1000.0,posterior_mean,data_derived,565,ILI_NonSchool,8,17.5
3.0,2.0,6,weak_wide,1000.0,posterior_mean,data_derived,565,Fever_RCHE,8,28.0
3.0,2.0,6,weak_wide,1000.0,posterior_mean,data_derived,565,Adm_All,8,21.0
3.0,2.0,6,weak_wide,1000.0,posterior_mean,data_derived,565,Adm_0_5,8,21.0
3.0,2.0,6,weak_wide,1000.0,posterior_mean,data_derived,565,Adm_6_11,8,24.5
3.0,2.0,6,weak_wide,1000.0,posterior_mean,data_derived,565,Adm_12_17,8,28.0
3.0,2.0,6,weak_wide,1000.0,posterior_mean,data_derived,565,Adm_18_49,8,28.0
3.0,2.0,6,weak_wide,1000.0,posterior_mean,data_derived,565,Adm_50_64,8,21.0
3.0,2.0,6,weak_wide,1000.0,posterior_mean,data_derived,565,Adm_65_higher,8,17.5
3.0,2.0,6,weak_wide,1000.0,ci_lower,chp_operational,566,ILI_PMP,8,28.0
3.0,2.0,6,weak_wide,1000.0,ci_lower,chp_operational,566,ILI_AED,8,28.0
3.0,2.0,6,weak_wide,1000.0,ci_lower,chp_operational,566,ILI_CMP,8,3.5
3.0,2.0,6,weak_wide,1000.0,ci_lower,chp_operational,566,ILI_School,8,21.0
3.0,2.0,6,weak_wide,1000.0,ci_lower,chp_operational,566,ILI_NonSchool,8,10.5
3.0,2.0,6,weak_wide,1000.0,ci_lower,chp_operational,566,Fever_RCHE,0,
3.0,2.0,6,weak_wide,1000.0,ci_lower,chp_operational,566,Adm_All,8,10.5
3.0,2.0,6,weak_wide,1000.0,ci_lower,chp_operational,566,Adm_0_5,8,10.5
3.0,2.0,6,weak_wide,1000.0,ci_lower,chp_operational,566,Adm_6_11,8,14.0
3.0,2.0,6,weak_wide,1000.0,ci_lower,chp_operational,566,Adm_12_17,8,14.0
3.0,2.0,6,weak_wide,1000.0,ci_lower,chp_operational,566,Adm_18_49,8,7.0
3.0,2.0,6,weak_wide,1000.0,ci_lower,chp_operational,566,Adm_50_64,8,3.5
3.0,2.0,6,weak_wide,1000.0,ci_lower,chp_operational,566,Adm_65_higher,8,17.5
3.0,2.0,6,weak_wide,1000.0,ci_lower,data_derived,567,ILI_PMP,8,28.0
3.0,2.0,6,weak_wide,1000.0,ci_lower,data_derived,567,ILI_AED,8,28.0
3.0,2.0,6,weak_wide,1000.0,ci_lower,data_derived,567,ILI_CMP,8,3.5
3.0,2.0,6,weak_wide,1000.0,ci_lower,data_derived,567,ILI_School,8,21.0
3.0,2.0,6,weak_wide,1000.0,ci_lower,data_derived,567,ILI_NonSchool,8,10.5
3.0,2.0,6,weak_wide,1000.0,ci_lower,data_derived,567,Fever_RCHE,0,
3.0,2.0,6,weak_wide,1000.0,ci_lower,data_derived,567,Adm_All,8,10.5
3.0,2.0,6,weak_wide,1000.0,ci_lower,data_derived,567,Adm_0_5,8,10.5
3.0,2.0,6,weak_wide,1000.0,ci_lower,data_derived,567,Adm_6_11,8,14.0
3.0,2.0,6,weak_wide,1000.0,ci_lower,data_derived,567,Adm_12_17,8,14.0
3.0,2.0,6,weak_wide,1000.0,ci_lower,data_derived,567,Adm_18_49,8,7.0
3.0,2.0,6,weak_wide,1000.0,ci_lower,data_derived,567,Adm_50_64,8,7.0
3.0,2.0,6,weak_wide,1000.0,ci_lower,data_derived,567,Adm_65_higher,8,17.5
3.0,2.0,6,weak_wide,10000.0,posterior_mean,chp_operational,568,ILI_PMP,8,28.0
3.0,2.0,6,weak_wide,10000.0,posterior_mean,chp_operational,568,ILI_AED,8,28.0
3.0,2.0,6,weak_wide,10000.0,posterior_mean,chp_operational,568,ILI_CMP,8,24.5
3.0,2.0,6,weak_wide,10000.0,posterior_mean,chp_operational,568,ILI_School,8,21.0
3.0,2.0,6,weak_wide,10000.0,posterior_mean,chp_operational,568,ILI_NonSchool,8,17.5
3.0,2.0,6,weak_wide,10000.0,posterior_mean,chp_operational,568,Fever_RCHE,8,28.0
3.0,2.0,6,weak_wide,10000.0,posterior_mean,chp_operational,568,Adm_All,8,21.0
3.0,2.0,6,weak_wide,10000.0,posterior_mean,chp_operational,568,Adm_0_5,8,21.0
3.0,2.0,6,weak_wide,10000.0,posterior_mean,chp_operational,568,Adm_6_11,8,24.5
3.0,2.0,6,weak_wide,10000.0,posterior_mean,chp_operational,568,Adm_12_17,8,28.0
3.0,2.0,6,weak_wide,10000.0,posterior_mean,chp_operational,568,Adm_18_49,8,28.0
3.0,2.0,6,weak_wide,10000.0,posterior_mean,chp_operational,568,Adm_50_64,8,21.0
3.0,2.0,6,weak_wide,10000.0,posterior_mean,chp_operational,568,Adm_65_higher,8,17.5
3.0,2.0,6,weak_wide,10000.0,posterior_mean,data_derived,569,ILI_PMP,8,28.0
3.0,2.0,6,weak_wide,10000.0,posterior_mean,data_derived,569,ILI_AED,8,28.0
3.0,2.0,6,weak_wide,10000.0,posterior_mean,data_derived,569,ILI_CMP,8,24.5
3.0,2.0,6,weak_wide,10000.0,posterior_mean,data_derived,569,ILI_School,8,21.0
3.0,2.0,6,weak_wide,10000.0,posterior_mean,data_derived,569,ILI_NonSchool,8,17.5
3.0,2.0,6,weak_wide,10000.0,posterior_mean,data_derived,569,Fever_RCHE,8,28.0
3.0,2.0,6,weak_wide,10000.0,posterior_mean,data_derived,569,Adm_All,8,21.0
3.0,2.0,6,weak_wide,10000.0,posterior_mean,data_derived,569,Adm_0_5,8,21.0
3.0,2.0,6,weak_wide,10000.0,posterior_mean,data_derived,569,Adm_6_11,8,24.5
3.0,2.0,6,weak_wide,10000.0,posterior_mean,data_derived,569,Adm_12_17,8,28.0
3.0,2.0,6,weak_wide,10000.0,posterior_mean,data_derived,569,Adm_18_49,8,28.0
3.0,2.0,6,weak_wide,10000.0,posterior_mean,data_derived,569,Adm_50_64,8,21.0
3.0,2.0,6,weak_wide,10000.0,posterior_mean,data_derived,569,Adm_65_higher,8,17.5
3.0,2.0,6,weak_wide,10000.0,ci_lower,chp_operational,570,ILI_PMP,8,28.0
3.0,2.0,6,weak_wide,10000.0,ci_lower,chp_operational,570,ILI_AED,8,28.0
3.0,2.0,6,weak_wide,10000.0,ci_lower,chp_operational,570,ILI_CMP,8,24.5
3.0,2.0,6,weak_wide,10000.0,ci_lower,chp_operational,570,ILI_School,8,21.0
3.0,2.0,6,weak_wide,10000.0,ci_lower,chp_operational,570,ILI_NonSchool,8,10.5
3.0,2.0,6,weak_wide,10000.0,ci_lower,chp_operational,570,Fever_RCHE,2,-28.0
3.0,2.0,6,weak_wide,10000.0,ci_lower,chp_operational,570,Adm_All,8,21.0
3.0,2.0,6,weak_wide,10000.0,ci_lower,chp_operational,570,Adm_0_5,8,21.0
3.0,2.0,6,weak_wide,10000.0,ci_lower,chp_operational,570,Adm_6_11,8,17.5
3.0,2.0,6,weak_wide,10000.0,ci_lower,chp_operational,570,Adm_12_17,8,14.0
3.0,2.0,6,weak_wide,10000.0,ci_lower,chp_operational,570,Adm_18_49,8,14.0
3.0,2.0,6,weak_wide,10000.0,ci_lower,chp_operational,570,Adm_50_64,8,21.0
3.0,2.0,6,weak_wide,10000.0,ci_lower,chp_operational,570,Adm_65_higher,8,17.5
3.0,2.0,6,weak_wide,10000.0,ci_lower,data_derived,571,ILI_PMP,8,28.0
3.0,2.0,6,weak_wide,10000.0,ci_lower,data_derived,571,ILI_AED,8,28.0
3.0,2.0,6,weak_wide,10000.0,ci_lower,data_derived,571,ILI_CMP,8,24.5
3.0,2.0,6,weak_wide,10000.0,ci_lower,data_derived,571,ILI_School,8,21.0
3.0,2.0,6,weak_wide,10000.0,ci_lower,data_derived,571,ILI_NonSchool,8,10.5
3.0,2.0,6,weak_wide,10000.0,ci_lower,data_derived,571,Fever_RCHE,2,-28.0
3.0,2.0,6,weak_wide,10000.0,ci_lower,data_derived,571,Adm_All,8,21.0
3.0,2.0,6,weak_wide,10000.0,ci_lower,data_derived,571,Adm_0_5,8,21.0
3.0,2.0,6,weak_wide,10000.0,ci_lower,data_derived,571,Adm_6_11,8,17.5
3.0,2.0,6,weak_wide,10000.0,ci_lower,data_derived,571,Adm_12_17,8,14.0
3.0,2.0,6,weak_wide,10000.0,ci_lower,data_derived,571,Adm_18_49,8,14.0
3.0,2.0,6,weak_wide,10000.0,ci_lower,data_derived,571,Adm_50_64,8,21.0
3.0,2.0,6,weak_wide,10000.0,ci_lower,data_derived,571,Adm_65_higher,8,17.5
3.0,2.0,6,weak_wide,100000.0,posterior_mean,chp_operational,572,ILI_PMP,8,28.0
3.0,2.0,6,weak_wide,100000.0,posterior_mean,chp_operational,572,ILI_AED,8,28.0
3.0,2.0,6,weak_wide,100000.0,posterior_mean,chp_operational,572,ILI_CMP,8,24.5
3.0,2.0,6,weak_wide,100000.0,posterior_mean,chp_operational,572,ILI_School,8,21.0
3.0,2.0,6,weak_wide,100000.0,posterior_mean,chp_operational,572,ILI_NonSchool,8,17.5
3.0,2.0,6,weak_wide,100000.0,posterior_mean,chp_operational,572,Fever_RCHE,8,21.0
3.0,2.0,6,weak_wide,100000.0,posterior_mean,chp_operational,572,Adm_All,8,21.0
3.0,2.0,6,weak_wide,100000.0,posterior_mean,chp_operational,572,Adm_0_5,8,21.0
3.0,2.0,6,weak_wide,100000.0,posterior_mean,chp_operational,572,Adm_6_11,8,21.0
3.0,2.0,6,weak_wide,100000.0,posterior_mean,chp_operational,572,Adm_12_17,8,28.0
3.0,2.0,6,weak_wide,100000.0,posterior_mean,chp_operational,572,Adm_18_49,8,28.0
3.0,2.0,6,weak_wide,100000.0,posterior_mean,chp_operational,572,Adm_50_64,8,21.0
3.0,2.0,6,weak_wide,100000.0,posterior_mean,chp_operational,572,Adm_65_higher,8,17.5
3.0,2.0,6,weak_wide,100000.0,posterior_mean,data_derived,573,ILI_PMP,8,28.0
3.0,2.0,6,weak_wide,100000.0,posterior_mean,data_derived,573,ILI_AED,8,28.0
3.0,2.0,6,weak_wide,100000.0,posterior_mean,data_derived,573,ILI_CMP,8,24.5
3.0,2.0,6,weak_wide,100000.0,posterior_mean,data_derived,573,ILI_School,8,21.0
3.0,2.0,6,weak_wide,100000.0,posterior_mean,data_derived,573,ILI_NonSchool,8,17.5
3.0,2.0,6,weak_wide,100000.0,posterior_mean,data_derived,573,Fever_RCHE,8,21.0
3.0,2.0,6,weak_wide,100000.0,posterior_mean,data_derived,573,Adm_All,8,21.0
3.0,2.0,6,weak_wide,100000.0,posterior_mean,data_derived,573,Adm_0_5,8,21.0
3.0,2.0,6,weak_wide,100000.0,posterior_mean,data_derived,573,Adm_6_11,8,21.0
3.0,2.0,6,weak_wide,100000.0,posterior_mean,data_derived,573,Adm_12_17,8,28.0
3.0,2.0,6,weak_wide,100000.0,posterior_mean,data_derived,573,Adm_18_49,8,28.0
3.0,2.0,6,weak_wide,100000.0,posterior_mean,data_derived,573,Adm_50_64,8,21.0
3.0,2.0,6,weak_wide,100000.0,posterior_mean,data_derived,573,Adm_65_higher,8,17.5
3.0,2.0,6,weak_wide,100000.0,ci_lower,chp_operational,574,ILI_PMP,8,28.0
3.0,2.0,6,weak_wide,100000.0,ci_lower,chp_operational,574,ILI_AED,8,28.0
3.0,2.0,6,weak_wide,100000.0,ci_lower,chp_operational,574,ILI_CMP,8,24.5
3.0,2.0,6,weak_wide,100000.0,ci_lower,chp_operational,574,ILI_School,8,21.0
3.0,2.0,6,weak_wide,100000.0,ci_lower,chp_operational,574,ILI_NonSchool,8,10.5
3.0,2.0,6,weak_wide,100000.0,ci_lower,chp_operational,574,Fever_RCHE,8,-31.5
3.0,2.0,6,weak_wide,100000.0,ci_lower,chp_operational,574,Adm_All,8,21.0
3.0,2.0,6,weak_wide,100000.0,ci_lower,chp_operational,574,Adm_0_5,8,21.0
3.0,2.0,6,weak_wide,100000.0,ci_lower,chp_operational,574,Adm_6_11,8,17.5
3.0,2.0,6,weak_wide,100000.0,ci_lower,chp_operational,574,Adm_12_17,8,14.0
3.0,2.0,6,weak_wide,100000.0,ci_lower,chp_operational,574,Adm_18_49,8,24.5
3.0,2.0,6,weak_wide,100000.0,ci_lower,chp_operational,574,Adm_50_64,8,21.0
3.0,2.0,6,weak_wide,100000.0,ci_lower,chp_operational,574,Adm_65_higher,8,17.5
3.0,2.0,6,weak_wide,100000.0,ci_lower,data_derived,575,ILI_PMP,8,28.0
3.0,2.0,6,weak_wide,100000.0,ci_lower,data_derived,575,ILI_AED,8,28.0
3.0,2.0,6,weak_wide,100000.0,ci_lower,data_derived,575,ILI_CMP,8,24.5
3.0,2.0,6,weak_wide,100000.0,ci_lower,data_derived,575,ILI_School,8,21.0
3.0,2.0,6,weak_wide,100000.0,ci_lower,data_derived,575,ILI_NonSchool,8,10.5
3.0,2.0,6,weak_wide,100000.0,ci_lower,data_derived,575,Fever_RCHE,8,-28.0
3.0,2.0,6,weak_wide,100000.0,ci_lower,data_derived,575,Adm_All,8,21.0
3.0,2.0,6,weak_wide,100000.0,ci_lower,data_derived,575,Adm_0_5,8,21.0
3.0,2.0,6,weak_wide,100000.0,ci_lower,data_derived,575,Adm_6_11,8,17.5
3.0,2.0,6,weak_wide,100000.0,ci_lower,data_derived,575,Adm_12_17,8,14.0
3.0,2.0,6,weak_wide,100000.0,ci_lower,data_derived,575,Adm_18_49,8,24.5
3.0,2.0,6,weak_wide,100000.0,ci_lower,data_derived,575,Adm_50_64,8,21.0
3.0,2.0,6,weak_wide,100000.0,ci_lower,data_derived,575,Adm_65_higher,8,17.5
4.0,1.0,2,v7,1000.0,posterior_mean,chp_operational,576,ILI_PMP,8,56.0
4.0,1.0,2,v7,1000.0,posterior_mean,chp_operational,576,ILI_AED,8,45.5
4.0,1.0,2,v7,1000.0,posterior_mean,chp_operational,576,ILI_CMP,8,52.5
4.0,1.0,2,v7,1000.0,posterior_mean,chp_operational,576,ILI_School,8,35.0
4.0,1.0,2,v7,1000.0,posterior_mean,chp_operational,576,ILI_NonSchool,8,10.5
4.0,1.0,2,v7,1000.0,posterior_mean,chp_operational,576,Fever_RCHE,0,
4.0,1.0,2,v7,1000.0,posterior_mean,chp_operational,576,Adm_All,8,42.0
4.0,1.0,2,v7,1000.0,posterior_mean,chp_operational,576,Adm_0_5,8,42.0
4.0,1.0,2,v7,1000.0,posterior_mean,chp_operational,576,Adm_6_11,8,28.0
4.0,1.0,2,v7,1000.0,posterior_mean,chp_operational,576,Adm_12_17,8,24.5
4.0,1.0,2,v7,1000.0,posterior_mean,chp_operational,576,Adm_18_49,8,45.5
4.0,1.0,2,v7,1000.0,posterior_mean,chp_operational,576,Adm_50_64,8,28.0
4.0,1.0,2,v7,1000.0,posterior_mean,chp_operational,576,Adm_65_higher,8,31.5
4.0,1.0,2,v7,1000.0,posterior_mean,data_derived,577,ILI_PMP,8,56.0
4.0,1.0,2,v7,1000.0,posterior_mean,data_derived,577,ILI_AED,8,45.5
4.0,1.0,2,v7,1000.0,posterior_mean,data_derived,577,ILI_CMP,8,52.5
4.0,1.0,2,v7,1000.0,posterior_mean,data_derived,577,ILI_School,8,35.0
4.0,1.0,2,v7,1000.0,posterior_mean,data_derived,577,ILI_NonSchool,8,10.5
4.0,1.0,2,v7,1000.0,posterior_mean,data_derived,577,Fever_RCHE,0,
4.0,1.0,2,v7,1000.0,posterior_mean,data_derived,577,Adm_All,8,42.0
4.0,1.0,2,v7,1000.0,posterior_mean,data_derived,577,Adm_0_5,8,42.0
4.0,1.0,2,v7,1000.0,posterior_mean,data_derived,577,Adm_6_11,8,31.5
4.0,1.0,2,v7,1000.0,posterior_mean,data_derived,577,Adm_12_17,8,28.0
4.0,1.0,2,v7,1000.0,posterior_mean,data_derived,577,Adm_18_49,8,45.5
4.0,1.0,2,v7,1000.0,posterior_mean,data_derived,577,Adm_50_64,8,28.0
4.0,1.0,2,v7,1000.0,posterior_mean,data_derived,577,Adm_65_higher,8,31.5
4.0,1.0,2,v7,1000.0,ci_lower,chp_operational,578,ILI_PMP,8,56.0
4.0,1.0,2,v7,1000.0,ci_lower,chp_operational,578,ILI_AED,8,45.5
4.0,1.0,2,v7,1000.0,ci_lower,chp_operational,578,ILI_CMP,8,52.5
4.0,1.0,2,v7,1000.0,ci_lower,chp_operational,578,ILI_School,8,31.5
4.0,1.0,2,v7,1000.0,ci_lower,chp_operational,578,ILI_NonSchool,8,10.5
4.0,1.0,2,v7,1000.0,ci_lower,chp_operational,578,Fever_RCHE,0,
4.0,1.0,2,v7,1000.0,ci_lower,chp_operational,578,Adm_All,8,24.5
4.0,1.0,2,v7,1000.0,ci_lower,chp_operational,578,Adm_0_5,8,42.0
4.0,1.0,2,v7,1000.0,ci_lower,chp_operational,578,Adm_6_11,8,28.0
4.0,1.0,2,v7,1000.0,ci_lower,chp_operational,578,Adm_12_17,8,24.5
4.0,1.0,2,v7,1000.0,ci_lower,chp_operational,578,Adm_18_49,8,3.5
4.0,1.0,2,v7,1000.0,ci_lower,chp_operational,578,Adm_50_64,8,21.0
4.0,1.0,2,v7,1000.0,ci_lower,chp_operational,578,Adm_65_higher,8,24.5
4.0,1.0,2,v7,1000.0,ci_lower,data_derived,579,ILI_PMP,8,56.0
4.0,1.0,2,v7,1000.0,ci_lower,data_derived,579,ILI_AED,8,45.5
4.0,1.0,2,v7,1000.0,ci_lower,data_derived,579,ILI_CMP,8,52.5
4.0,1.0,2,v7,1000.0,ci_lower,data_derived,579,ILI_School,8,31.5
4.0,1.0,2,v7,1000.0,ci_lower,data_derived,579,ILI_NonSchool,8,10.5
4.0,1.0,2,v7,1000.0,ci_lower,data_derived,579,Fever_RCHE,0,
4.0,1.0,2,v7,1000.0,ci_lower,data_derived,579,Adm_All,8,28.0
4.0,1.0,2,v7,1000.0,ci_lower,data_derived,579,Adm_0_5,8,42.0
4.0,1.0,2,v7,1000.0,ci_lower,data_derived,579,Adm_6_11,8,31.5
4.0,1.0,2,v7,1000.0,ci_lower,data_derived,579,Adm_12_17,8,28.0
4.0,1.0,2,v7,1000.0,ci_lower,data_derived,579,Adm_18_49,8,3.5
4.0,1.0,2,v7,1000.0,ci_lower,data_derived,579,Adm_50_64,8,24.5
4.0,1.0,2,v7,1000.0,ci_lower,data_derived,579,Adm_65_higher,8,24.5
4.0,1.0,2,v7,10000.0,posterior_mean,chp_operational,580,ILI_PMP,8,56.0
4.0,1.0,2,v7,10000.0,posterior_mean,chp_operational,580,ILI_AED,8,45.5
4.0,1.0,2,v7,10000.0,posterior_mean,chp_operational,580,ILI_CMP,8,52.5
4.0,1.0,2,v7,10000.0,posterior_mean,chp_operational,580,ILI_School,8,35.0
4.0,1.0,2,v7,10000.0,posterior_mean,chp_operational,580,ILI_NonSchool,8,10.5
4.0,1.0,2,v7,10000.0,posterior_mean,chp_operational,580,Fever_RCHE,8,7.0
4.0,1.0,2,v7,10000.0,posterior_mean,chp_operational,580,Adm_All,8,45.5
4.0,1.0,2,v7,10000.0,posterior_mean,chp_operational,580,Adm_0_5,8,42.0
4.0,1.0,2,v7,10000.0,posterior_mean,chp_operational,580,Adm_6_11,8,28.0
4.0,1.0,2,v7,10000.0,posterior_mean,chp_operational,580,Adm_12_17,8,24.5
4.0,1.0,2,v7,10000.0,posterior_mean,chp_operational,580,Adm_18_49,8,45.5
4.0,1.0,2,v7,10000.0,posterior_mean,chp_operational,580,Adm_50_64,8,28.0
4.0,1.0,2,v7,10000.0,posterior_mean,chp_operational,580,Adm_65_higher,8,31.5
4.0,1.0,2,v7,10000.0,posterior_mean,data_derived,581,ILI_PMP,8,56.0
4.0,1.0,2,v7,10000.0,posterior_mean,data_derived,581,ILI_AED,8,45.5
4.0,1.0,2,v7,10000.0,posterior_mean,data_derived,581,ILI_CMP,8,52.5
4.0,1.0,2,v7,10000.0,posterior_mean,data_derived,581,ILI_School,8,35.0
4.0,1.0,2,v7,10000.0,posterior_mean,data_derived,581,ILI_NonSchool,8,10.5
4.0,1.0,2,v7,10000.0,posterior_mean,data_derived,581,Fever_RCHE,8,10.5
4.0,1.0,2,v7,10000.0,posterior_mean,data_derived,581,Adm_All,8,45.5
4.0,1.0,2,v7,10000.0,posterior_mean,data_derived,581,Adm_0_5,8,42.0
4.0,1.0,2,v7,10000.0,posterior_mean,data_derived,581,Adm_6_11,8,31.5
4.0,1.0,2,v7,10000.0,posterior_mean,data_derived,581,Adm_12_17,8,28.0
4.0,1.0,2,v7,10000.0,posterior_mean,data_derived,581,Adm_18_49,8,45.5
4.0,1.0,2,v7,10000.0,posterior_mean,data_derived,581,Adm_50_64,8,28.0
4.0,1.0,2,v7,10000.0,posterior_mean,data_derived,581,Adm_65_higher,8,31.5
4.0,1.0,2,v7,10000.0,ci_lower,chp_operational,582,ILI_PMP,8,56.0
4.0,1.0,2,v7,10000.0,ci_lower,chp_operational,582,ILI_AED,8,45.5
4.0,1.0,2,v7,10000.0,ci_lower,chp_operational,582,ILI_CMP,8,52.5
4.0,1.0,2,v7,10000.0,ci_lower,chp_operational,582,ILI_School,8,31.5
4.0,1.0,2,v7,10000.0,ci_lower,chp_operational,582,ILI_NonSchool,8,10.5
4.0,1.0,2,v7,10000.0,ci_lower,chp_operational,582,Fever_RCHE,0,
4.0,1.0,2,v7,10000.0,ci_lower,chp_operational,582,Adm_All,8,45.5
4.0,1.0,2,v7,10000.0,ci_lower,chp_operational,582,Adm_0_5,8,42.0
4.0,1.0,2,v7,10000.0,ci_lower,chp_operational,582,Adm_6_11,8,28.0
4.0,1.0,2,v7,10000.0,ci_lower,chp_operational,582,Adm_12_17,8,24.5
4.0,1.0,2,v7,10000.0,ci_lower,chp_operational,582,Adm_18_49,8,45.5
4.0,1.0,2,v7,10000.0,ci_lower,chp_operational,582,Adm_50_64,8,28.0
4.0,1.0,2,v7,10000.0,ci_lower,chp_operational,582,Adm_65_higher,8,31.5
4.0,1.0,2,v7,10000.0,ci_lower,data_derived,583,ILI_PMP,8,56.0
4.0,1.0,2,v7,10000.0,ci_lower,data_derived,583,ILI_AED,8,45.5
4.0,1.0,2,v7,10000.0,ci_lower,data_derived,583,ILI_CMP,8,52.5
4.0,1.0,2,v7,10000.0,ci_lower,data_derived,583,ILI_School,8,31.5
4.0,1.0,2,v7,10000.0,ci_lower,data_derived,583,ILI_NonSchool,8,10.5
4.0,1.0,2,v7,10000.0,ci_lower,data_derived,583,Fever_RCHE,0,
4.0,1.0,2,v7,10000.0,ci_lower,data_derived,583,Adm_All,8,45.5
4.0,1.0,2,v7,10000.0,ci_lower,data_derived,583,Adm_0_5,8,42.0
4.0,1.0,2,v7,10000.0,ci_lower,data_derived,583,Adm_6_11,8,31.5
4.0,1.0,2,v7,10000.0,ci_lower,data_derived,583,Adm_12_17,8,28.0
4.0,1.0,2,v7,10000.0,ci_lower,data_derived,583,Adm_18_49,8,45.5
4.0,1.0,2,v7,10000.0,ci_lower,data_derived,583,Adm_50_64,8,28.0
4.0,1.0,2,v7,10000.0,ci_lower,data_derived,583,Adm_65_higher,8,31.5
4.0,1.0,2,v7,100000.0,posterior_mean,chp_operational,584,ILI_PMP,8,56.0
4.0,1.0,2,v7,100000.0,posterior_mean,chp_operational,584,ILI_AED,8,45.5
4.0,1.0,2,v7,100000.0,posterior_mean,chp_operational,584,ILI_CMP,8,52.5
4.0,1.0,2,v7,100000.0,posterior_mean,chp_operational,584,ILI_School,8,35.0
4.0,1.0,2,v7,100000.0,posterior_mean,chp_operational,584,ILI_NonSchool,8,10.5
4.0,1.0,2,v7,100000.0,posterior_mean,chp_operational,584,Fever_RCHE,8,52.5
4.0,1.0,2,v7,100000.0,posterior_mean,chp_operational,584,Adm_All,8,56.0
4.0,1.0,2,v7,100000.0,posterior_mean,chp_operational,584,Adm_0_5,8,56.0
4.0,1.0,2,v7,100000.0,posterior_mean,chp_operational,584,Adm_6_11,8,31.5
4.0,1.0,2,v7,100000.0,posterior_mean,chp_operational,584,Adm_12_17,8,24.5
4.0,1.0,2,v7,100000.0,posterior_mean,chp_operational,584,Adm_18_49,8,45.5
4.0,1.0,2,v7,100000.0,posterior_mean,chp_operational,584,Adm_50_64,8,42.0
4.0,1.0,2,v7,100000.0,posterior_mean,chp_operational,584,Adm_65_higher,8,31.5
4.0,1.0,2,v7,100000.0,posterior_mean,data_derived,585,ILI_PMP,8,56.0
4.0,1.0,2,v7,100000.0,posterior_mean,data_derived,585,ILI_AED,8,45.5
4.0,1.0,2,v7,100000.0,posterior_mean,data_derived,585,ILI_CMP,8,52.5
4.0,1.0,2,v7,100000.0,posterior_mean,data_derived,585,ILI_School,8,35.0
4.0,1.0,2,v7,100000.0,posterior_mean,data_derived,585,ILI_NonSchool,8,10.5
4.0,1.0,2,v7,100000.0,posterior_mean,data_derived,585,Fever_RCHE,8,52.5
4.0,1.0,2,v7,100000.0,posterior_mean,data_derived,585,Adm_All,8,56.0
4.0,1.0,2,v7,100000.0,posterior_mean,data_derived,585,Adm_0_5,8,56.0
4.0,1.0,2,v7,100000.0,posterior_mean,data_derived,585,Adm_6_11,8,31.5
4.0,1.0,2,v7,100000.0,posterior_mean,data_derived,585,Adm_12_17,8,28.0
4.0,1.0,2,v7,100000.0,posterior_mean,data_derived,585,Adm_18_49,8,45.5
4.0,1.0,2,v7,100000.0,posterior_mean,data_derived,585,Adm_50_64,8,42.0
4.0,1.0,2,v7,100000.0,posterior_mean,data_derived,585,Adm_65_higher,8,31.5
4.0,1.0,2,v7,100000.0,ci_lower,chp_operational,586,ILI_PMP,8,56.0
4.0,1.0,2,v7,100000.0,ci_lower,chp_operational,586,ILI_AED,8,45.5
4.0,1.0,2,v7,100000.0,ci_lower,chp_operational,586,ILI_CMP,8,52.5
4.0,1.0,2,v7,100000.0,ci_lower,chp_operational,586,ILI_School,8,31.5
4.0,1.0,2,v7,100000.0,ci_lower,chp_operational,586,ILI_NonSchool,8,10.5
4.0,1.0,2,v7,100000.0,ci_lower,chp_operational,586,Fever_RCHE,8,7.0
4.0,1.0,2,v7,100000.0,ci_lower,chp_operational,586,Adm_All,8,45.5
4.0,1.0,2,v7,100000.0,ci_lower,chp_operational,586,Adm_0_5,8,42.0
4.0,1.0,2,v7,100000.0,ci_lower,chp_operational,586,Adm_6_11,8,28.0
4.0,1.0,2,v7,100000.0,ci_lower,chp_operational,586,Adm_12_17,8,24.5
4.0,1.0,2,v7,100000.0,ci_lower,chp_operational,586,Adm_18_49,8,45.5
4.0,1.0,2,v7,100000.0,ci_lower,chp_operational,586,Adm_50_64,8,28.0
4.0,1.0,2,v7,100000.0,ci_lower,chp_operational,586,Adm_65_higher,8,31.5
4.0,1.0,2,v7,100000.0,ci_lower,data_derived,587,ILI_PMP,8,56.0
4.0,1.0,2,v7,100000.0,ci_lower,data_derived,587,ILI_AED,8,45.5
4.0,1.0,2,v7,100000.0,ci_lower,data_derived,587,ILI_CMP,8,52.5
4.0,1.0,2,v7,100000.0,ci_lower,data_derived,587,ILI_School,8,31.5
4.0,1.0,2,v7,100000.0,ci_lower,data_derived,587,ILI_NonSchool,8,10.5
4.0,1.0,2,v7,100000.0,ci_lower,data_derived,587,Fever_RCHE,8,10.5
4.0,1.0,2,v7,100000.0,ci_lower,data_derived,587,Adm_All,8,45.5
4.0,1.0,2,v7,100000.0,ci_lower,data_derived,587,Adm_0_5,8,42.0
4.0,1.0,2,v7,100000.0,ci_lower,data_derived,587,Adm_6_11,8,31.5
4.0,1.0,2,v7,100000.0,ci_lower,data_derived,587,Adm_12_17,8,28.0
4.0,1.0,2,v7,100000.0,ci_lower,data_derived,587,Adm_18_49,8,45.5
4.0,1.0,2,v7,100000.0,ci_lower,data_derived,587,Adm_50_64,8,28.0
4.0,1.0,2,v7,100000.0,ci_lower,data_derived,587,Adm_65_higher,8,31.5
4.0,1.0,2,vague,1000.0,posterior_mean,chp_operational,588,ILI_PMP,8,56.0
4.0,1.0,2,vague,1000.0,posterior_mean,chp_operational,588,ILI_AED,8,45.5
4.0,1.0,2,vague,1000.0,posterior_mean,chp_operational,588,ILI_CMP,6,-31.5
4.0,1.0,2,vague,1000.0,posterior_mean,chp_operational,588,ILI_School,8,31.5
4.0,1.0,2,vague,1000.0,posterior_mean,chp_operational,588,ILI_NonSchool,8,10.5
4.0,1.0,2,vague,1000.0,posterior_mean,chp_operational,588,Fever_RCHE,0,
4.0,1.0,2,vague,1000.0,posterior_mean,chp_operational,588,Adm_All,0,
4.0,1.0,2,vague,1000.0,posterior_mean,chp_operational,588,Adm_0_5,7,-14.0
4.0,1.0,2,vague,1000.0,posterior_mean,chp_operational,588,Adm_6_11,4,-59.5
4.0,1.0,2,vague,1000.0,posterior_mean,chp_operational,588,Adm_12_17,0,
4.0,1.0,2,vague,1000.0,posterior_mean,chp_operational,588,Adm_18_49,0,
4.0,1.0,2,vague,1000.0,posterior_mean,chp_operational,588,Adm_50_64,0,
4.0,1.0,2,vague,1000.0,posterior_mean,chp_operational,588,Adm_65_higher,5,-35.0
4.0,1.0,2,vague,1000.0,posterior_mean,data_derived,589,ILI_PMP,8,56.0
4.0,1.0,2,vague,1000.0,posterior_mean,data_derived,589,ILI_AED,8,45.5
4.0,1.0,2,vague,1000.0,posterior_mean,data_derived,589,ILI_CMP,6,-28.0
4.0,1.0,2,vague,1000.0,posterior_mean,data_derived,589,ILI_School,8,31.5
4.0,1.0,2,vague,1000.0,posterior_mean,data_derived,589,ILI_NonSchool,8,10.5
4.0,1.0,2,vague,1000.0,posterior_mean,data_derived,589,Fever_RCHE,0,
4.0,1.0,2,vague,1000.0,posterior_mean,data_derived,589,Adm_All,0,
4.0,1.0,2,vague,1000.0,posterior_mean,data_derived,589,Adm_0_5,7,-14.0
4.0,1.0,2,vague,1000.0,posterior_mean,data_derived,589,Adm_6_11,4,-56.0
4.0,1.0,2,vague,1000.0,posterior_mean,data_derived,589,Adm_12_17,0,
4.0,1.0,2,vague,1000.0,posterior_mean,data_derived,589,Adm_18_49,0,
4.0,1.0,2,vague,1000.0,posterior_mean,data_derived,589,Adm_50_64,0,
4.0,1.0,2,vague,1000.0,posterior_mean,data_derived,589,Adm_65_higher,5,-35.0
4.0,1.0,2,vague,1000.0,ci_lower,chp_operational,590,ILI_PMP,8,56.0
4.0,1.0,2,vague,1000.0,ci_lower,chp_operational,590,ILI_AED,8,42.0
4.0,1.0,2,vague,1000.0,ci_lower,chp_operational,590,ILI_CMP,6,-35.0
4.0,1.0,2,vague,1000.0,ci_lower,chp_operational,590,ILI_School,8,14.0
4.0,1.0,2,vague,1000.0,ci_lower,chp_operational,590,ILI_NonSchool,8,-10.5
4.0,1.0,2,vague,1000.0,ci_lower,chp_operational,590,Fever_RCHE,0,
4.0,1.0,2,vague,1000.0,ci_lower,chp_operational,590,Adm_All,0,
4.0,1.0,2,vague,1000.0,ci_lower,chp_operational,590,Adm_0_5,7,-21.0
4.0,1.0,2,vague,1000.0,ci_lower,chp_operational,590,Adm_6_11,3,-84.0
4.0,1.0,2,vague,1000.0,ci_lower,chp_operational,590,Adm_12_17,0,
4.0,1.0,2,vague,1000.0,ci_lower,chp_operational,590,Adm_18_49,0,
4.0,1.0,2,vague,1000.0,ci_lower,chp_operational,590,Adm_50_64,0,
4.0,1.0,2,vague,1000.0,ci_lower,chp_operational,590,Adm_65_higher,5,-35.0
4.0,1.0,2,vague,1000.0,ci_lower,data_derived,591,ILI_PMP,8,56.0
4.0,1.0,2,vague,1000.0,ci_lower,data_derived,591,ILI_AED,8,42.0
4.0,1.0,2,vague,1000.0,ci_lower,data_derived,591,ILI_CMP,6,-31.5
4.0,1.0,2,vague,1000.0,ci_lower,data_derived,591,ILI_School,8,14.0
4.0,1.0,2,vague,1000.0,ci_lower,data_derived,591,ILI_NonSchool,8,-10.5
4.0,1.0,2,vague,1000.0,ci_lower,data_derived,591,Fever_RCHE,0,
4.0,1.0,2,vague,1000.0,ci_lower,data_derived,591,Adm_All,0,
4.0,1.0,2,vague,1000.0,ci_lower,data_derived,591,Adm_0_5,7,-14.0
4.0,1.0,2,vague,1000.0,ci_lower,data_derived,591,Adm_6_11,3,-77.0
4.0,1.0,2,vague,1000.0,ci_lower,data_derived,591,Adm_12_17,0,
4.0,1.0,2,vague,1000.0,ci_lower,data_derived,591,Adm_18_49,0,
4.0,1.0,2,vague,1000.0,ci_lower,data_derived,591,Adm_50_64,0,
4.0,1.0,2,vague,1000.0,ci_lower,data_derived,591,Adm_65_higher,5,-35.0
4.0,1.0,2,vague,10000.0,posterior_mean,chp_operational,592,ILI_PMP,8,56.0
4.0,1.0,2,vague,10000.0,posterior_mean,chp_operational,592,ILI_AED,8,45.5
4.0,1.0,2,vague,10000.0,posterior_mean,chp_operational,592,ILI_CMP,8,52.5
4.0,1.0,2,vague,10000.0,posterior_mean,chp_operational,592,ILI_School,8,31.5
4.0,1.0,2,vague,10000.0,posterior_mean,chp_operational,592,ILI_NonSchool,8,10.5
4.0,1.0,2,vague,10000.0,posterior_mean,chp_operational,592,Fever_RCHE,0,
4.0,1.0,2,vague,10000.0,posterior_mean,chp_operational,592,Adm_All,8,-17.5
4.0,1.0,2,vague,10000.0,posterior_mean,chp_operational,592,Adm_0_5,8,24.5
4.0,1.0,2,vague,10000.0,posterior_mean,chp_operational,592,Adm_6_11,8,14.0
4.0,1.0,2,vague,10000.0,posterior_mean,chp_operational,592,Adm_12_17,8,-17.5
4.0,1.0,2,vague,10000.0,posterior_mean,chp_operational,592,Adm_18_49,5,-28.0
4.0,1.0,2,vague,10000.0,posterior_mean,chp_operational,592,Adm_50_64,8,-21.0
4.0,1.0,2,vague,10000.0,posterior_mean,chp_operational,592,Adm_65_higher,8,-3.5
4.0,1.0,2,vague,10000.0,posterior_mean,data_derived,593,ILI_PMP,8,56.0
4.0,1.0,2,vague,10000.0,posterior_mean,data_derived,593,ILI_AED,8,45.5
4.0,1.0,2,vague,10000.0,posterior_mean,data_derived,593,ILI_CMP,8,52.5
4.0,1.0,2,vague,10000.0,posterior_mean,data_derived,593,ILI_School,8,31.5
4.0,1.0,2,vague,10000.0,posterior_mean,data_derived,593,ILI_NonSchool,8,10.5
4.0,1.0,2,vague,10000.0,posterior_mean,data_derived,593,Fever_RCHE,0,
4.0,1.0,2,vague,10000.0,posterior_mean,data_derived,593,Adm_All,8,-14.0
4.0,1.0,2,vague,10000.0,posterior_mean,data_derived,593,Adm_0_5,8,28.0
4.0,1.0,2,vague,10000.0,posterior_mean,data_derived,593,Adm_6_11,8,17.5
4.0,1.0,2,vague,10000.0,posterior_mean,data_derived,593,Adm_12_17,8,-14.0
4.0,1.0,2,vague,10000.0,posterior_mean,data_derived,593,Adm_18_49,5,-28.0
4.0,1.0,2,vague,10000.0,posterior_mean,data_derived,593,Adm_50_64,8,-17.5
4.0,1.0,2,vague,10000.0,posterior_mean,data_derived,593,Adm_65_higher,8,0.0
4.0,1.0,2,vague,10000.0,ci_lower,chp_operational,594,ILI_PMP,8,56.0
4.0,1.0,2,vague,10000.0,ci_lower,chp_operational,594,ILI_AED,8,45.5
4.0,1.0,2,vague,10000.0,ci_lower,chp_operational,594,ILI_CMP,8,52.5
4.0,1.0,2,vague,10000.0,ci_lower,chp_operational,594,ILI_School,8,31.5
4.0,1.0,2,vague,10000.0,ci_lower,chp_operational,594,ILI_NonSchool,8,10.5
4.0,1.0,2,vague,10000.0,ci_lower,chp_operational,594,Fever_RCHE,0,
4.0,1.0,2,vague,10000.0,ci_lower,chp_operational,594,Adm_All,8,-17.5
4.0,1.0,2,vague,10000.0,ci_lower,chp_operational,594,Adm_0_5,8,24.5
4.0,1.0,2,vague,10000.0,ci_lower,chp_operational,594,Adm_6_11,8,14.0
4.0,1.0,2,vague,10000.0,ci_lower,chp_operational,594,Adm_12_17,8,-17.5
4.0,1.0,2,vague,10000.0,ci_lower,chp_operational,594,Adm_18_49,5,-28.0
4.0,1.0,2,vague,10000.0,ci_lower,chp_operational,594,Adm_50_64,8,-21.0
4.0,1.0,2,vague,10000.0,ci_lower,chp_operational,594,Adm_65_higher,8,-3.5
4.0,1.0,2,vague,10000.0,ci_lower,data_derived,595,ILI_PMP,8,56.0
4.0,1.0,2,vague,10000.0,ci_lower,data_derived,595,ILI_AED,8,45.5
4.0,1.0,2,vague,10000.0,ci_lower,data_derived,595,ILI_CMP,8,52.5
4.0,1.0,2,vague,10000.0,ci_lower,data_derived,595,ILI_School,8,31.5
4.0,1.0,2,vague,10000.0,ci_lower,data_derived,595,ILI_NonSchool,8,10.5
4.0,1.0,2,vague,10000.0,ci_lower,data_derived,595,Fever_RCHE,0,
4.0,1.0,2,vague,10000.0,ci_lower,data_derived,595,Adm_All,8,-14.0
4.0,1.0,2,vague,10000.0,ci_lower,data_derived,595,Adm_0_5,8,28.0
4.0,1.0,2,vague,10000.0,ci_lower,data_derived,595,Adm_6_11,8,17.5
4.0,1.0,2,vague,10000.0,ci_lower,data_derived,595,Adm_12_17,8,-14.0
4.0,1.0,2,vague,10000.0,ci_lower,data_derived,595,Adm_18_49,5,-28.0
4.0,1.0,2,vague,10000.0,ci_lower,data_derived,595,Adm_50_64,8,-17.5
4.0,1.0,2,vague,10000.0,ci_lower,data_derived,595,Adm_65_higher,8,-3.5
4.0,1.0,2,vague,100000.0,posterior_mean,chp_operational,596,ILI_PMP,8,56.0
4.0,1.0,2,vague,100000.0,posterior_mean,chp_operational,596,ILI_AED,8,45.5
4.0,1.0,2,vague,100000.0,posterior_mean,chp_operational,596,ILI_CMP,8,52.5
4.0,1.0,2,vague,100000.0,posterior_mean,chp_operational,596,ILI_School,8,31.5
4.0,1.0,2,vague,100000.0,posterior_mean,chp_operational,596,ILI_NonSchool,8,10.5
4.0,1.0,2,vague,100000.0,posterior_mean,chp_operational,596,Fever_RCHE,0,
4.0,1.0,2,vague,100000.0,posterior_mean,chp_operational,596,Adm_All,8,28.0
4.0,1.0,2,vague,100000.0,posterior_mean,chp_operational,596,Adm_0_5,8,42.0
4.0,1.0,2,vague,100000.0,posterior_mean,chp_operational,596,Adm_6_11,8,28.0
4.0,1.0,2,vague,100000.0,posterior_mean,chp_operational,596,Adm_12_17,8,24.5
4.0,1.0,2,vague,100000.0,posterior_mean,chp_operational,596,Adm_18_49,8,10.5
4.0,1.0,2,vague,100000.0,posterior_mean,chp_operational,596,Adm_50_64,8,24.5
4.0,1.0,2,vague,100000.0,posterior_mean,chp_operational,596,Adm_65_higher,8,31.5
4.0,1.0,2,vague,100000.0,posterior_mean,data_derived,597,ILI_PMP,8,56.0
4.0,1.0,2,vague,100000.0,posterior_mean,data_derived,597,ILI_AED,8,45.5
4.0,1.0,2,vague,100000.0,posterior_mean,data_derived,597,ILI_CMP,8,52.5
4.0,1.0,2,vague,100000.0,posterior_mean,data_derived,597,ILI_School,8,31.5
4.0,1.0,2,vague,100000.0,posterior_mean,data_derived,597,ILI_NonSchool,8,10.5
4.0,1.0,2,vague,100000.0,posterior_mean,data_derived,597,Fever_RCHE,0,
4.0,1.0,2,vague,100000.0,posterior_mean,data_derived,597,Adm_All,8,31.5
4.0,1.0,2,vague,100000.0,posterior_mean,data_derived,597,Adm_0_5,8,42.0
4.0,1.0,2,vague,100000.0,posterior_mean,data_derived,597,Adm_6_11,8,31.5
4.0,1.0,2,vague,100000.0,posterior_mean,data_derived,597,Adm_12_17,8,28.0
4.0,1.0,2,vague,100000.0,posterior_mean,data_derived,597,Adm_18_49,8,14.0
4.0,1.0,2,vague,100000.0,posterior_mean,data_derived,597,Adm_50_64,8,24.5
4.0,1.0,2,vague,100000.0,posterior_mean,data_derived,597,Adm_65_higher,8,31.5
4.0,1.0,2,vague,100000.0,ci_lower,chp_operational,598,ILI_PMP,8,56.0
4.0,1.0,2,vague,100000.0,ci_lower,chp_operational,598,ILI_AED,8,45.5
4.0,1.0,2,vague,100000.0,ci_lower,chp_operational,598,ILI_CMP,8,52.5
4.0,1.0,2,vague,100000.0,ci_lower,chp_operational,598,ILI_School,8,31.5
4.0,1.0,2,vague,100000.0,ci_lower,chp_operational,598,ILI_NonSchool,8,10.5
4.0,1.0,2,vague,100000.0,ci_lower,chp_operational,598,Fever_RCHE,0,
4.0,1.0,2,vague,100000.0,ci_lower,chp_operational,598,Adm_All,8,28.0
4.0,1.0,2,vague,100000.0,ci_lower,chp_operational,598,Adm_0_5,8,42.0
4.0,1.0,2,vague,100000.0,ci_lower,chp_operational,598,Adm_6_11,8,28.0
4.0,1.0,2,vague,100000.0,ci_lower,chp_operational,598,Adm_12_17,8,24.5
4.0,1.0,2,vague,100000.0,ci_lower,chp_operational,598,Adm_18_49,8,3.5
4.0,1.0,2,vague,100000.0,ci_lower,chp_operational,598,Adm_50_64,8,24.5
4.0,1.0,2,vague,100000.0,ci_lower,chp_operational,598,Adm_65_higher,8,31.5
4.0,1.0,2,vague,100000.0,ci_lower,data_derived,599,ILI_PMP,8,56.0
4.0,1.0,2,vague,100000.0,ci_lower,data_derived,599,ILI_AED,8,45.5
4.0,1.0,2,vague,100000.0,ci_lower,data_derived,599,ILI_CMP,8,52.5
4.0,1.0,2,vague,100000.0,ci_lower,data_derived,599,ILI_School,8,31.5
4.0,1.0,2,vague,100000.0,ci_lower,data_derived,599,ILI_NonSchool,8,10.5
4.0,1.0,2,vague,100000.0,ci_lower,data_derived,599,Fever_RCHE,0,
4.0,1.0,2,vague,100000.0,ci_lower,data_derived,599,Adm_All,8,31.5
4.0,1.0,2,vague,100000.0,ci_lower,data_derived,599,Adm_0_5,8,42.0
4.0,1.0,2,vague,100000.0,ci_lower,data_derived,599,Adm_6_11,8,31.5
4.0,1.0,2,vague,100000.0,ci_lower,data_derived,599,Adm_12_17,8,28.0
4.0,1.0,2,vague,100000.0,ci_lower,data_derived,599,Adm_18_49,8,3.5
4.0,1.0,2,vague,100000.0,ci_lower,data_derived,599,Adm_50_64,8,24.5
4.0,1.0,2,vague,100000.0,ci_lower,data_derived,599,Adm_65_higher,8,31.5
4.0,1.0,2,weak_wide,1000.0,posterior_mean,chp_operational,600,ILI_PMP,8,56.0
4.0,1.0,2,weak_wide,1000.0,posterior_mean,chp_operational,600,ILI_AED,8,45.5
4.0,1.0,2,weak_wide,1000.0,posterior_mean,chp_operational,600,ILI_CMP,8,52.5
4.0,1.0,2,weak_wide,1000.0,posterior_mean,chp_operational,600,ILI_School,8,38.5
4.0,1.0,2,weak_wide,1000.0,posterior_mean,chp_operational,600,ILI_NonSchool,8,42.0
4.0,1.0,2,weak_wide,1000.0,posterior_mean,chp_operational,600,Fever_RCHE,8,56.0
4.0,1.0,2,weak_wide,1000.0,posterior_mean,chp_operational,600,Adm_All,8,56.0
4.0,1.0,2,weak_wide,1000.0,posterior_mean,chp_operational,600,Adm_0_5,8,56.0
4.0,1.0,2,weak_wide,1000.0,posterior_mean,chp_operational,600,Adm_6_11,8,56.0
4.0,1.0,2,weak_wide,1000.0,posterior_mean,chp_operational,600,Adm_12_17,8,56.0
4.0,1.0,2,weak_wide,1000.0,posterior_mean,chp_operational,600,Adm_18_49,8,45.5
4.0,1.0,2,weak_wide,1000.0,posterior_mean,chp_operational,600,Adm_50_64,8,52.5
4.0,1.0,2,weak_wide,1000.0,posterior_mean,chp_operational,600,Adm_65_higher,8,35.0
4.0,1.0,2,weak_wide,1000.0,posterior_mean,data_derived,601,ILI_PMP,8,56.0
4.0,1.0,2,weak_wide,1000.0,posterior_mean,data_derived,601,ILI_AED,8,45.5
4.0,1.0,2,weak_wide,1000.0,posterior_mean,data_derived,601,ILI_CMP,8,52.5
4.0,1.0,2,weak_wide,1000.0,posterior_mean,data_derived,601,ILI_School,8,38.5
4.0,1.0,2,weak_wide,1000.0,posterior_mean,data_derived,601,ILI_NonSchool,8,45.5
4.0,1.0,2,weak_wide,1000.0,posterior_mean,data_derived,601,Fever_RCHE,8,56.0
4.0,1.0,2,weak_wide,1000.0,posterior_mean,data_derived,601,Adm_All,8,56.0
4.0,1.0,2,weak_wide,1000.0,posterior_mean,data_derived,601,Adm_0_5,8,56.0
4.0,1.0,2,weak_wide,1000.0,posterior_mean,data_derived,601,Adm_6_11,8,56.0
4.0,1.0,2,weak_wide,1000.0,posterior_mean,data_derived,601,Adm_12_17,8,56.0
4.0,1.0,2,weak_wide,1000.0,posterior_mean,data_derived,601,Adm_18_49,8,45.5
4.0,1.0,2,weak_wide,1000.0,posterior_mean,data_derived,601,Adm_50_64,8,52.5
4.0,1.0,2,weak_wide,1000.0,posterior_mean,data_derived,601,Adm_65_higher,8,35.0
4.0,1.0,2,weak_wide,1000.0,ci_lower,chp_operational,602,ILI_PMP,8,56.0
4.0,1.0,2,weak_wide,1000.0,ci_lower,chp_operational,602,ILI_AED,8,45.5
4.0,1.0,2,weak_wide,1000.0,ci_lower,chp_operational,602,ILI_CMP,8,52.5
4.0,1.0,2,weak_wide,1000.0,ci_lower,chp_operational,602,ILI_School,8,31.5
4.0,1.0,2,weak_wide,1000.0,ci_lower,chp_operational,602,ILI_NonSchool,8,10.5
4.0,1.0,2,weak_wide,1000.0,ci_lower,chp_operational,602,Fever_RCHE,0,
4.0,1.0,2,weak_wide,1000.0,ci_lower,chp_operational,602,Adm_All,8,31.5
4.0,1.0,2,weak_wide,1000.0,ci_lower,chp_operational,602,Adm_0_5,8,42.0
4.0,1.0,2,weak_wide,1000.0,ci_lower,chp_operational,602,Adm_6_11,8,28.0
4.0,1.0,2,weak_wide,1000.0,ci_lower,chp_operational,602,Adm_12_17,8,24.5
4.0,1.0,2,weak_wide,1000.0,ci_lower,chp_operational,602,Adm_18_49,8,45.5
4.0,1.0,2,weak_wide,1000.0,ci_lower,chp_operational,602,Adm_50_64,8,28.0
4.0,1.0,2,weak_wide,1000.0,ci_lower,chp_operational,602,Adm_65_higher,8,31.5
4.0,1.0,2,weak_wide,1000.0,ci_lower,data_derived,603,ILI_PMP,8,56.0
4.0,1.0,2,weak_wide,1000.0,ci_lower,data_derived,603,ILI_AED,8,45.5
4.0,1.0,2,weak_wide,1000.0,ci_lower,data_derived,603,ILI_CMP,8,52.5
4.0,1.0,2,weak_wide,1000.0,ci_lower,data_derived,603,ILI_School,8,31.5
4.0,1.0,2,weak_wide,1000.0,ci_lower,data_derived,603,ILI_NonSchool,8,10.5
4.0,1.0,2,weak_wide,1000.0,ci_lower,data_derived,603,Fever_RCHE,0,
4.0,1.0,2,weak_wide,1000.0,ci_lower,data_derived,603,Adm_All,8,38.5
4.0,1.0,2,weak_wide,1000.0,ci_lower,data_derived,603,Adm_0_5,8,42.0
4.0,1.0,2,weak_wide,1000.0,ci_lower,data_derived,603,Adm_6_11,8,31.5
4.0,1.0,2,weak_wide,1000.0,ci_lower,data_derived,603,Adm_12_17,8,28.0
4.0,1.0,2,weak_wide,1000.0,ci_lower,data_derived,603,Adm_18_49,8,45.5
4.0,1.0,2,weak_wide,1000.0,ci_lower,data_derived,603,Adm_50_64,8,28.0
4.0,1.0,2,weak_wide,1000.0,ci_lower,data_derived,603,Adm_65_higher,8,31.5
4.0,1.0,2,weak_wide,10000.0,posterior_mean,chp_operational,604,ILI_PMP,8,56.0
4.0,1.0,2,weak_wide,10000.0,posterior_mean,chp_operational,604,ILI_AED,8,45.5
4.0,1.0,2,weak_wide,10000.0,posterior_mean,chp_operational,604,ILI_CMP,8,52.5
4.0,1.0,2,weak_wide,10000.0,posterior_mean,chp_operational,604,ILI_School,8,38.5
4.0,1.0,2,weak_wide,10000.0,posterior_mean,chp_operational,604,ILI_NonSchool,8,42.0
4.0,1.0,2,weak_wide,10000.0,posterior_mean,chp_operational,604,Fever_RCHE,8,52.5
4.0,1.0,2,weak_wide,10000.0,posterior_mean,chp_operational,604,Adm_All,8,56.0
4.0,1.0,2,weak_wide,10000.0,posterior_mean,chp_operational,604,Adm_0_5,8,56.0
4.0,1.0,2,weak_wide,10000.0,posterior_mean,chp_operational,604,Adm_6_11,8,52.5
4.0,1.0,2,weak_wide,10000.0,posterior_mean,chp_operational,604,Adm_12_17,8,56.0
4.0,1.0,2,weak_wide,10000.0,posterior_mean,chp_operational,604,Adm_18_49,8,45.5
4.0,1.0,2,weak_wide,10000.0,posterior_mean,chp_operational,604,Adm_50_64,8,42.0
4.0,1.0,2,weak_wide,10000.0,posterior_mean,chp_operational,604,Adm_65_higher,8,35.0
4.0,1.0,2,weak_wide,10000.0,posterior_mean,data_derived,605,ILI_PMP,8,56.0
4.0,1.0,2,weak_wide,10000.0,posterior_mean,data_derived,605,ILI_AED,8,45.5
4.0,1.0,2,weak_wide,10000.0,posterior_mean,data_derived,605,ILI_CMP,8,52.5
4.0,1.0,2,weak_wide,10000.0,posterior_mean,data_derived,605,ILI_School,8,38.5
4.0,1.0,2,weak_wide,10000.0,posterior_mean,data_derived,605,ILI_NonSchool,8,45.5
4.0,1.0,2,weak_wide,10000.0,posterior_mean,data_derived,605,Fever_RCHE,8,52.5
4.0,1.0,2,weak_wide,10000.0,posterior_mean,data_derived,605,Adm_All,8,56.0
4.0,1.0,2,weak_wide,10000.0,posterior_mean,data_derived,605,Adm_0_5,8,56.0
4.0,1.0,2,weak_wide,10000.0,posterior_mean,data_derived,605,Adm_6_11,8,52.5
4.0,1.0,2,weak_wide,10000.0,posterior_mean,data_derived,605,Adm_12_17,8,56.0
4.0,1.0,2,weak_wide,10000.0,posterior_mean,data_derived,605,Adm_18_49,8,45.5
4.0,1.0,2,weak_wide,10000.0,posterior_mean,data_derived,605,Adm_50_64,8,42.0
4.0,1.0,2,weak_wide,10000.0,posterior_mean,data_derived,605,Adm_65_higher,8,35.0
4.0,1.0,2,weak_wide,10000.0,ci_lower,chp_operational,606,ILI_PMP,8,56.0
4.0,1.0,2,weak_wide,10000.0,ci_lower,chp_operational,606,ILI_AED,8,45.5
4.0,1.0,2,weak_wide,10000.0,ci_lower,chp_operational,606,ILI_CMP,8,52.5
4.0,1.0,2,weak_wide,10000.0,ci_lower,chp_operational,606,ILI_School,8,31.5
4.0,1.0,2,weak_wide,10000.0,ci_lower,chp_operational,606,ILI_NonSchool,8,10.5
4.0,1.0,2,weak_wide,10000.0,ci_lower,chp_operational,606,Fever_RCHE,6,-35.0
4.0,1.0,2,weak_wide,10000.0,ci_lower,chp_operational,606,Adm_All,8,45.5
4.0,1.0,2,weak_wide,10000.0,ci_lower,chp_operational,606,Adm_0_5,8,42.0
4.0,1.0,2,weak_wide,10000.0,ci_lower,chp_operational,606,Adm_6_11,8,28.0
4.0,1.0,2,weak_wide,10000.0,ci_lower,chp_operational,606,Adm_12_17,8,24.5
4.0,1.0,2,weak_wide,10000.0,ci_lower,chp_operational,606,Adm_18_49,8,45.5
4.0,1.0,2,weak_wide,10000.0,ci_lower,chp_operational,606,Adm_50_64,8,28.0
4.0,1.0,2,weak_wide,10000.0,ci_lower,chp_operational,606,Adm_65_higher,8,31.5
4.0,1.0,2,weak_wide,10000.0,ci_lower,data_derived,607,ILI_PMP,8,56.0
4.0,1.0,2,weak_wide,10000.0,ci_lower,data_derived,607,ILI_AED,8,45.5
4.0,1.0,2,weak_wide,10000.0,ci_lower,data_derived,607,ILI_CMP,8,52.5
4.0,1.0,2,weak_wide,10000.0,ci_lower,data_derived,607,ILI_School,8,31.5
4.0,1.0,2,weak_wide,10000.0,ci_lower,data_derived,607,ILI_NonSchool,8,10.5
4.0,1.0,2,weak_wide,10000.0,ci_lower,data_derived,607,Fever_RCHE,6,-31.5
4.0,1.0,2,weak_wide,10000.0,ci_lower,data_derived,607,Adm_All,8,45.5
4.0,1.0,2,weak_wide,10000.0,ci_lower,data_derived,607,Adm_0_5,8,42.0
4.0,1.0,2,weak_wide,10000.0,ci_lower,data_derived,607,Adm_6_11,8,31.5
4.0,1.0,2,weak_wide,10000.0,ci_lower,data_derived,607,Adm_12_17,8,28.0
4.0,1.0,2,weak_wide,10000.0,ci_lower,data_derived,607,Adm_18_49,8,45.5
4.0,1.0,2,weak_wide,10000.0,ci_lower,data_derived,607,Adm_50_64,8,28.0
4.0,1.0,2,weak_wide,10000.0,ci_lower,data_derived,607,Adm_65_higher,8,31.5
4.0,1.0,2,weak_wide,100000.0,posterior_mean,chp_operational,608,ILI_PMP,8,56.0
4.0,1.0,2,weak_wide,100000.0,posterior_mean,chp_operational,608,ILI_AED,8,45.5
4.0,1.0,2,weak_wide,100000.0,posterior_mean,chp_operational,608,ILI_CMP,8,52.5
4.0,1.0,2,weak_wide,100000.0,posterior_mean,chp_operational,608,ILI_School,8,38.5
4.0,1.0,2,weak_wide,100000.0,posterior_mean,chp_operational,608,ILI_NonSchool,8,42.0
4.0,1.0,2,weak_wide,100000.0,posterior_mean,chp_operational,608,Fever_RCHE,8,52.5
4.0,1.0,2,weak_wide,100000.0,posterior_mean,chp_operational,608,Adm_All,8,56.0
4.0,1.0,2,weak_wide,100000.0,posterior_mean,chp_operational,608,Adm_0_5,8,56.0
4.0,1.0,2,weak_wide,100000.0,posterior_mean,chp_operational,608,Adm_6_11,8,52.5
4.0,1.0,2,weak_wide,100000.0,posterior_mean,chp_operational,608,Adm_12_17,8,56.0
4.0,1.0,2,weak_wide,100000.0,posterior_mean,chp_operational,608,Adm_18_49,8,45.5
4.0,1.0,2,weak_wide,100000.0,posterior_mean,chp_operational,608,Adm_50_64,8,42.0
4.0,1.0,2,weak_wide,100000.0,posterior_mean,chp_operational,608,Adm_65_higher,8,31.5
4.0,1.0,2,weak_wide,100000.0,posterior_mean,data_derived,609,ILI_PMP,8,56.0
4.0,1.0,2,weak_wide,100000.0,posterior_mean,data_derived,609,ILI_AED,8,45.5
4.0,1.0,2,weak_wide,100000.0,posterior_mean,data_derived,609,ILI_CMP,8,52.5
4.0,1.0,2,weak_wide,100000.0,posterior_mean,data_derived,609,ILI_School,8,38.5
4.0,1.0,2,weak_wide,100000.0,posterior_mean,data_derived,609,ILI_NonSchool,8,45.5
4.0,1.0,2,weak_wide,100000.0,posterior_mean,data_derived,609,Fever_RCHE,8,52.5
4.0,1.0,2,weak_wide,100000.0,posterior_mean,data_derived,609,Adm_All,8,56.0
4.0,1.0,2,weak_wide,100000.0,posterior_mean,data_derived,609,Adm_0_5,8,56.0
4.0,1.0,2,weak_wide,100000.0,posterior_mean,data_derived,609,Adm_6_11,8,52.5
4.0,1.0,2,weak_wide,100000.0,posterior_mean,data_derived,609,Adm_12_17,8,56.0
4.0,1.0,2,weak_wide,100000.0,posterior_mean,data_derived,609,Adm_18_49,8,45.5
4.0,1.0,2,weak_wide,100000.0,posterior_mean,data_derived,609,Adm_50_64,8,42.0
4.0,1.0,2,weak_wide,100000.0,posterior_mean,data_derived,609,Adm_65_higher,8,31.5
4.0,1.0,2,weak_wide,100000.0,ci_lower,chp_operational,610,ILI_PMP,8,56.0
4.0,1.0,2,weak_wide,100000.0,ci_lower,chp_operational,610,ILI_AED,8,45.5
4.0,1.0,2,weak_wide,100000.0,ci_lower,chp_operational,610,ILI_CMP,8,52.5
4.0,1.0,2,weak_wide,100000.0,ci_lower,chp_operational,610,ILI_School,8,31.5
4.0,1.0,2,weak_wide,100000.0,ci_lower,chp_operational,610,ILI_NonSchool,8,10.5
4.0,1.0,2,weak_wide,100000.0,ci_lower,chp_operational,610,Fever_RCHE,8,24.5
4.0,1.0,2,weak_wide,100000.0,ci_lower,chp_operational,610,Adm_All,8,45.5
4.0,1.0,2,weak_wide,100000.0,ci_lower,chp_operational,610,Adm_0_5,8,42.0
4.0,1.0,2,weak_wide,100000.0,ci_lower,chp_operational,610,Adm_6_11,8,28.0
4.0,1.0,2,weak_wide,100000.0,ci_lower,chp_operational,610,Adm_12_17,8,24.5
4.0,1.0,2,weak_wide,100000.0,ci_lower,chp_operational,610,Adm_18_49,8,45.5
4.0,1.0,2,weak_wide,100000.0,ci_lower,chp_operational,610,Adm_50_64,8,28.0
4.0,1.0,2,weak_wide,100000.0,ci_lower,chp_operational,610,Adm_65_higher,8,31.5
4.0,1.0,2,weak_wide,100000.0,ci_lower,data_derived,611,ILI_PMP,8,56.0
4.0,1.0,2,weak_wide,100000.0,ci_lower,data_derived,611,ILI_AED,8,45.5
4.0,1.0,2,weak_wide,100000.0,ci_lower,data_derived,611,ILI_CMP,8,52.5
4.0,1.0,2,weak_wide,100000.0,ci_lower,data_derived,611,ILI_School,8,31.5
4.0,1.0,2,weak_wide,100000.0,ci_lower,data_derived,611,ILI_NonSchool,8,10.5
4.0,1.0,2,weak_wide,100000.0,ci_lower,data_derived,611,Fever_RCHE,8,28.0
4.0,1.0,2,weak_wide,100000.0,ci_lower,data_derived,611,Adm_All,8,45.5
4.0,1.0,2,weak_wide,100000.0,ci_lower,data_derived,611,Adm_0_5,8,42.0
4.0,1.0,2,weak_wide,100000.0,ci_lower,data_derived,611,Adm_6_11,8,31.5
4.0,1.0,2,weak_wide,100000.0,ci_lower,data_derived,611,Adm_12_17,8,28.0
4.0,1.0,2,weak_wide,100000.0,ci_lower,data_derived,611,Adm_18_49,8,45.5
4.0,1.0,2,weak_wide,100000.0,ci_lower,data_derived,611,Adm_50_64,8,28.0
4.0,1.0,2,weak_wide,100000.0,ci_lower,data_derived,611,Adm_65_higher,8,31.5
4.0,1.0,3,v7,1000.0,posterior_mean,chp_operational,612,ILI_PMP,8,49.0
4.0,1.0,3,v7,1000.0,posterior_mean,chp_operational,612,ILI_AED,8,38.5
4.0,1.0,3,v7,1000.0,posterior_mean,chp_operational,612,ILI_CMP,8,45.5
4.0,1.0,3,v7,1000.0,posterior_mean,chp_operational,612,ILI_School,8,31.5
4.0,1.0,3,v7,1000.0,posterior_mean,chp_operational,612,ILI_NonSchool,8,10.5
4.0,1.0,3,v7,1000.0,posterior_mean,chp_operational,612,Fever_RCHE,0,
4.0,1.0,3,v7,1000.0,posterior_mean,chp_operational,612,Adm_All,8,35.0
4.0,1.0,3,v7,1000.0,posterior_mean,chp_operational,612,Adm_0_5,8,38.5
4.0,1.0,3,v7,1000.0,posterior_mean,chp_operational,612,Adm_6_11,8,24.5
4.0,1.0,3,v7,1000.0,posterior_mean,chp_operational,612,Adm_12_17,8,24.5
4.0,1.0,3,v7,1000.0,posterior_mean,chp_operational,612,Adm_18_49,8,7.0
4.0,1.0,3,v7,1000.0,posterior_mean,chp_operational,612,Adm_50_64,8,21.0
4.0,1.0,3,v7,1000.0,posterior_mean,chp_operational,612,Adm_65_higher,8,24.5
4.0,1.0,3,v7,1000.0,posterior_mean,data_derived,613,ILI_PMP,8,49.0
4.0,1.0,3,v7,1000.0,posterior_mean,data_derived,613,ILI_AED,8,38.5
4.0,1.0,3,v7,1000.0,posterior_mean,data_derived,613,ILI_CMP,8,45.5
4.0,1.0,3,v7,1000.0,posterior_mean,data_derived,613,ILI_School,8,31.5
4.0,1.0,3,v7,1000.0,posterior_mean,data_derived,613,ILI_NonSchool,8,10.5
4.0,1.0,3,v7,1000.0,posterior_mean,data_derived,613,Fever_RCHE,0,
4.0,1.0,3,v7,1000.0,posterior_mean,data_derived,613,Adm_All,8,35.0
4.0,1.0,3,v7,1000.0,posterior_mean,data_derived,613,Adm_0_5,8,38.5
4.0,1.0,3,v7,1000.0,posterior_mean,data_derived,613,Adm_6_11,8,24.5
4.0,1.0,3,v7,1000.0,posterior_mean,data_derived,613,Adm_12_17,8,24.5
4.0,1.0,3,v7,1000.0,posterior_mean,data_derived,613,Adm_18_49,8,7.0
4.0,1.0,3,v7,1000.0,posterior_mean,data_derived,613,Adm_50_64,8,21.0
4.0,1.0,3,v7,1000.0,posterior_mean,data_derived,613,Adm_65_higher,8,24.5
4.0,1.0,3,v7,1000.0,ci_lower,chp_operational,614,ILI_PMP,8,49.0
4.0,1.0,3,v7,1000.0,ci_lower,chp_operational,614,ILI_AED,8,38.5
4.0,1.0,3,v7,1000.0,ci_lower,chp_operational,614,ILI_CMP,8,31.5
4.0,1.0,3,v7,1000.0,ci_lower,chp_operational,614,ILI_School,8,31.5
4.0,1.0,3,v7,1000.0,ci_lower,chp_operational,614,ILI_NonSchool,8,10.5
4.0,1.0,3,v7,1000.0,ci_lower,chp_operational,614,Fever_RCHE,0,
4.0,1.0,3,v7,1000.0,ci_lower,chp_operational,614,Adm_All,8,14.0
4.0,1.0,3,v7,1000.0,ci_lower,chp_operational,614,Adm_0_5,8,31.5
4.0,1.0,3,v7,1000.0,ci_lower,chp_operational,614,Adm_6_11,8,24.5
4.0,1.0,3,v7,1000.0,ci_lower,chp_operational,614,Adm_12_17,8,24.5
4.0,1.0,3,v7,1000.0,ci_lower,chp_operational,614,Adm_18_49,8,3.5
4.0,1.0,3,v7,1000.0,ci_lower,chp_operational,614,Adm_50_64,8,10.5
4.0,1.0,3,v7,1000.0,ci_lower,chp_operational,614,Adm_65_higher,8,24.5
4.0,1.0,3,v7,1000.0,ci_lower,data_derived,615,ILI_PMP,8,49.0
4.0,1.0,3,v7,1000.0,ci_lower,data_derived,615,ILI_AED,8,38.5
4.0,1.0,3,v7,1000.0,ci_lower,data_derived,615,ILI_CMP,8,31.5
4.0,1.0,3,v7,1000.0,ci_lower,data_derived,615,ILI_School,8,31.5
4.0,1.0,3,v7,1000.0,ci_lower,data_derived,615,ILI_NonSchool,8,10.5
4.0,1.0,3,v7,1000.0,ci_lower,data_derived,615,Fever_RCHE,0,
4.0,1.0,3,v7,1000.0,ci_lower,data_derived,615,Adm_All,8,17.5
4.0,1.0,3,v7,1000.0,ci_lower,data_derived,615,Adm_0_5,8,31.5
4.0,1.0,3,v7,1000.0,ci_lower,data_derived,615,Adm_6_11,8,24.5
4.0,1.0,3,v7,1000.0,ci_lower,data_derived,615,Adm_12_17,8,24.5
4.0,1.0,3,v7,1000.0,ci_lower,data_derived,615,Adm_18_49,8,3.5
4.0,1.0,3,v7,1000.0,ci_lower,data_derived,615,Adm_50_64,8,10.5
4.0,1.0,3,v7,1000.0,ci_lower,data_derived,615,Adm_65_higher,8,24.5
4.0,1.0,3,v7,10000.0,posterior_mean,chp_operational,616,ILI_PMP,8,49.0
4.0,1.0,3,v7,10000.0,posterior_mean,chp_operational,616,ILI_AED,8,38.5
4.0,1.0,3,v7,10000.0,posterior_mean,chp_operational,616,ILI_CMP,8,45.5
4.0,1.0,3,v7,10000.0,posterior_mean,chp_operational,616,ILI_School,8,31.5
4.0,1.0,3,v7,10000.0,posterior_mean,chp_operational,616,ILI_NonSchool,8,10.5
4.0,1.0,3,v7,10000.0,posterior_mean,chp_operational,616,Fever_RCHE,8,7.0
4.0,1.0,3,v7,10000.0,posterior_mean,chp_operational,616,Adm_All,8,35.0
4.0,1.0,3,v7,10000.0,posterior_mean,chp_operational,616,Adm_0_5,8,38.5
4.0,1.0,3,v7,10000.0,posterior_mean,chp_operational,616,Adm_6_11,8,28.0
4.0,1.0,3,v7,10000.0,posterior_mean,chp_operational,616,Adm_12_17,8,24.5
4.0,1.0,3,v7,10000.0,posterior_mean,chp_operational,616,Adm_18_49,8,28.0
4.0,1.0,3,v7,10000.0,posterior_mean,chp_operational,616,Adm_50_64,8,21.0
4.0,1.0,3,v7,10000.0,posterior_mean,chp_operational,616,Adm_65_higher,8,24.5
4.0,1.0,3,v7,10000.0,posterior_mean,data_derived,617,ILI_PMP,8,49.0
4.0,1.0,3,v7,10000.0,posterior_mean,data_derived,617,ILI_AED,8,38.5
4.0,1.0,3,v7,10000.0,posterior_mean,data_derived,617,ILI_CMP,8,45.5
4.0,1.0,3,v7,10000.0,posterior_mean,data_derived,617,ILI_School,8,31.5
4.0,1.0,3,v7,10000.0,posterior_mean,data_derived,617,ILI_NonSchool,8,10.5
4.0,1.0,3,v7,10000.0,posterior_mean,data_derived,617,Fever_RCHE,8,10.5
4.0,1.0,3,v7,10000.0,posterior_mean,data_derived,617,Adm_All,8,35.0
4.0,1.0,3,v7,10000.0,posterior_mean,data_derived,617,Adm_0_5,8,38.5
4.0,1.0,3,v7,10000.0,posterior_mean,data_derived,617,Adm_6_11,8,28.0
4.0,1.0,3,v7,10000.0,posterior_mean,data_derived,617,Adm_12_17,8,24.5
4.0,1.0,3,v7,10000.0,posterior_mean,data_derived,617,Adm_18_49,8,28.0
4.0,1.0,3,v7,10000.0,posterior_mean,data_derived,617,Adm_50_64,8,21.0
4.0,1.0,3,v7,10000.0,posterior_mean,data_derived,617,Adm_65_higher,8,24.5
4.0,1.0,3,v7,10000.0,ci_lower,chp_operational,618,ILI_PMP,8,49.0
4.0,1.0,3,v7,10000.0,ci_lower,chp_operational,618,ILI_AED,8,38.5
4.0,1.0,3,v7,10000.0,ci_lower,chp_operational,618,ILI_CMP,8,45.5
4.0,1.0,3,v7,10000.0,ci_lower,chp_operational,618,ILI_School,8,31.5
4.0,1.0,3,v7,10000.0,ci_lower,chp_operational,618,ILI_NonSchool,8,10.5
4.0,1.0,3,v7,10000.0,ci_lower,chp_operational,618,Fever_RCHE,0,
4.0,1.0,3,v7,10000.0,ci_lower,chp_operational,618,Adm_All,8,24.5
4.0,1.0,3,v7,10000.0,ci_lower,chp_operational,618,Adm_0_5,8,38.5
4.0,1.0,3,v7,10000.0,ci_lower,chp_operational,618,Adm_6_11,8,24.5
4.0,1.0,3,v7,10000.0,ci_lower,chp_operational,618,Adm_12_17,8,24.5
4.0,1.0,3,v7,10000.0,ci_lower,chp_operational,618,Adm_18_49,8,24.5
4.0,1.0,3,v7,10000.0,ci_lower,chp_operational,618,Adm_50_64,8,21.0
4.0,1.0,3,v7,10000.0,ci_lower,chp_operational,618,Adm_65_higher,8,24.5
4.0,1.0,3,v7,10000.0,ci_lower,data_derived,619,ILI_PMP,8,49.0
4.0,1.0,3,v7,10000.0,ci_lower,data_derived,619,ILI_AED,8,38.5
4.0,1.0,3,v7,10000.0,ci_lower,data_derived,619,ILI_CMP,8,45.5
4.0,1.0,3,v7,10000.0,ci_lower,data_derived,619,ILI_School,8,31.5
4.0,1.0,3,v7,10000.0,ci_lower,data_derived,619,ILI_NonSchool,8,10.5
4.0,1.0,3,v7,10000.0,ci_lower,data_derived,619,Fever_RCHE,0,
4.0,1.0,3,v7,10000.0,ci_lower,data_derived,619,Adm_All,8,24.5
4.0,1.0,3,v7,10000.0,ci_lower,data_derived,619,Adm_0_5,8,38.5
4.0,1.0,3,v7,10000.0,ci_lower,data_derived,619,Adm_6_11,8,24.5
4.0,1.0,3,v7,10000.0,ci_lower,data_derived,619,Adm_12_17,8,24.5
4.0,1.0,3,v7,10000.0,ci_lower,data_derived,619,Adm_18_49,8,24.5
4.0,1.0,3,v7,10000.0,ci_lower,data_derived,619,Adm_50_64,8,21.0
4.0,1.0,3,v7,10000.0,ci_lower,data_derived,619,Adm_65_higher,8,24.5
4.0,1.0,3,v7,100000.0,posterior_mean,chp_operational,620,ILI_PMP,8,49.0
4.0,1.0,3,v7,100000.0,posterior_mean,chp_operational,620,ILI_AED,8,38.5
4.0,1.0,3,v7,100000.0,posterior_mean,chp_operational,620,ILI_CMP,8,45.5
4.0,1.0,3,v7,100000.0,posterior_mean,chp_operational,620,ILI_School,8,31.5
4.0,1.0,3,v7,100000.0,posterior_mean,chp_operational,620,ILI_NonSchool,8,10.5
4.0,1.0,3,v7,100000.0,posterior_mean,chp_operational,620,Fever_RCHE,8,49.0
4.0,1.0,3,v7,100000.0,posterior_mean,chp_operational,620,Adm_All,8,35.0
4.0,1.0,3,v7,100000.0,posterior_mean,chp_operational,620,Adm_0_5,8,38.5
4.0,1.0,3,v7,100000.0,posterior_mean,chp_operational,620,Adm_6_11,8,28.0
4.0,1.0,3,v7,100000.0,posterior_mean,chp_operational,620,Adm_12_17,8,24.5
4.0,1.0,3,v7,100000.0,posterior_mean,chp_operational,620,Adm_18_49,8,42.0
4.0,1.0,3,v7,100000.0,posterior_mean,chp_operational,620,Adm_50_64,8,24.5
4.0,1.0,3,v7,100000.0,posterior_mean,chp_operational,620,Adm_65_higher,8,24.5
4.0,1.0,3,v7,100000.0,posterior_mean,data_derived,621,ILI_PMP,8,49.0
4.0,1.0,3,v7,100000.0,posterior_mean,data_derived,621,ILI_AED,8,38.5
4.0,1.0,3,v7,100000.0,posterior_mean,data_derived,621,ILI_CMP,8,45.5
4.0,1.0,3,v7,100000.0,posterior_mean,data_derived,621,ILI_School,8,31.5
4.0,1.0,3,v7,100000.0,posterior_mean,data_derived,621,ILI_NonSchool,8,10.5
4.0,1.0,3,v7,100000.0,posterior_mean,data_derived,621,Fever_RCHE,8,49.0
4.0,1.0,3,v7,100000.0,posterior_mean,data_derived,621,Adm_All,8,35.0
4.0,1.0,3,v7,100000.0,posterior_mean,data_derived,621,Adm_0_5,8,38.5
4.0,1.0,3,v7,100000.0,posterior_mean,data_derived,621,Adm_6_11,8,28.0
4.0,1.0,3,v7,100000.0,posterior_mean,data_derived,621,Adm_12_17,8,28.0
4.0,1.0,3,v7,100000.0,posterior_mean,data_derived,621,Adm_18_49,8,42.0
4.0,1.0,3,v7,100000.0,posterior_mean,data_derived,621,Adm_50_64,8,24.5
4.0,1.0,3,v7,100000.0,posterior_mean,data_derived,621,Adm_65_higher,8,24.5
4.0,1.0,3,v7,100000.0,ci_lower,chp_operational,622,ILI_PMP,8,49.0
4.0,1.0,3,v7,100000.0,ci_lower,chp_operational,622,ILI_AED,8,38.5
4.0,1.0,3,v7,100000.0,ci_lower,chp_operational,622,ILI_CMP,8,45.5
4.0,1.0,3,v7,100000.0,ci_lower,chp_operational,622,ILI_School,8,31.5
4.0,1.0,3,v7,100000.0,ci_lower,chp_operational,622,ILI_NonSchool,8,10.5
4.0,1.0,3,v7,100000.0,ci_lower,chp_operational,622,Fever_RCHE,8,7.0
4.0,1.0,3,v7,100000.0,ci_lower,chp_operational,622,Adm_All,8,35.0
4.0,1.0,3,v7,100000.0,ci_lower,chp_operational,622,Adm_0_5,8,38.5
4.0,1.0,3,v7,100000.0,ci_lower,chp_operational,622,Adm_6_11,8,24.5
4.0,1.0,3,v7,100000.0,ci_lower,chp_operational,622,Adm_12_17,8,24.5
4.0,1.0,3,v7,100000.0,ci_lower,chp_operational,622,Adm_18_49,8,28.0
4.0,1.0,3,v7,100000.0,ci_lower,chp_operational,622,Adm_50_64,8,21.0
4.0,1.0,3,v7,100000.0,ci_lower,chp_operational,622,Adm_65_higher,8,24.5
4.0,1.0,3,v7,100000.0,ci_lower,data_derived,623,ILI_PMP,8,49.0
4.0,1.0,3,v7,100000.0,ci_lower,data_derived,623,ILI_AED,8,38.5
4.0,1.0,3,v7,100000.0,ci_lower,data_derived,623,ILI_CMP,8,45.5
4.0,1.0,3,v7,100000.0,ci_lower,data_derived,623,ILI_School,8,31.5
4.0,1.0,3,v7,100000.0,ci_lower,data_derived,623,ILI_NonSchool,8,10.5
4.0,1.0,3,v7,100000.0,ci_lower,data_derived,623,Fever_RCHE,8,10.5
4.0,1.0,3,v7,100000.0,ci_lower,data_derived,623,Adm_All,8,35.0
4.0,1.0,3,v7,100000.0,ci_lower,data_derived,623,Adm_0_5,8,38.5
4.0,1.0,3,v7,100000.0,ci_lower,data_derived,623,Adm_6_11,8,24.5
4.0,1.0,3,v7,100000.0,ci_lower,data_derived,623,Adm_12_17,8,24.5
4.0,1.0,3,v7,100000.0,ci_lower,data_derived,623,Adm_18_49,8,28.0
4.0,1.0,3,v7,100000.0,ci_lower,data_derived,623,Adm_50_64,8,21.0
4.0,1.0,3,v7,100000.0,ci_lower,data_derived,623,Adm_65_higher,8,24.5
4.0,1.0,3,vague,1000.0,posterior_mean,chp_operational,624,ILI_PMP,8,49.0
4.0,1.0,3,vague,1000.0,posterior_mean,chp_operational,624,ILI_AED,8,38.5
4.0,1.0,3,vague,1000.0,posterior_mean,chp_operational,624,ILI_CMP,6,-45.5
4.0,1.0,3,vague,1000.0,posterior_mean,chp_operational,624,ILI_School,8,31.5
4.0,1.0,3,vague,1000.0,posterior_mean,chp_operational,624,ILI_NonSchool,8,10.5
4.0,1.0,3,vague,1000.0,posterior_mean,chp_operational,624,Fever_RCHE,0,
4.0,1.0,3,vague,1000.0,posterior_mean,chp_operational,624,Adm_All,2,-70.0
4.0,1.0,3,vague,1000.0,posterior_mean,chp_operational,624,Adm_0_5,8,-14.0
4.0,1.0,3,vague,1000.0,posterior_mean,chp_operational,624,Adm_6_11,5,-35.0
4.0,1.0,3,vague,1000.0,posterior_mean,chp_operational,624,Adm_12_17,0,
4.0,1.0,3,vague,1000.0,posterior_mean,chp_operational,624,Adm_18_49,0,
4.0,1.0,3,vague,1000.0,posterior_mean,chp_operational,624,Adm_50_64,0,
4.0,1.0,3,vague,1000.0,posterior_mean,chp_operational,624,Adm_65_higher,6,-24.5
4.0,1.0,3,vague,1000.0,posterior_mean,data_derived,625,ILI_PMP,8,49.0
4.0,1.0,3,vague,1000.0,posterior_mean,data_derived,625,ILI_AED,8,38.5
4.0,1.0,3,vague,1000.0,posterior_mean,data_derived,625,ILI_CMP,6,-42.0
4.0,1.0,3,vague,1000.0,posterior_mean,data_derived,625,ILI_School,8,31.5
4.0,1.0,3,vague,1000.0,posterior_mean,data_derived,625,ILI_NonSchool,8,10.5
4.0,1.0,3,vague,1000.0,posterior_mean,data_derived,625,Fever_RCHE,0,
4.0,1.0,3,vague,1000.0,posterior_mean,data_derived,625,Adm_All,2,-66.5
4.0,1.0,3,vague,1000.0,posterior_mean,data_derived,625,Adm_0_5,8,-10.5
4.0,1.0,3,vague,1000.0,posterior_mean,data_derived,625,Adm_6_11,5,-35.0
4.0,1.0,3,vague,1000.0,posterior_mean,data_derived,625,Adm_12_17,0,
4.0,1.0,3,vague,1000.0,posterior_mean,data_derived,625,Adm_18_49,0,
4.0,1.0,3,vague,1000.0,posterior_mean,data_derived,625,Adm_50_64,0,
4.0,1.0,3,vague,1000.0,posterior_mean,data_derived,625,Adm_65_higher,6,-24.5
4.0,1.0,3,vague,1000.0,ci_lower,chp_operational,626,ILI_PMP,8,49.0
4.0,1.0,3,vague,1000.0,ci_lower,chp_operational,626,ILI_AED,8,38.5
4.0,1.0,3,vague,1000.0,ci_lower,chp_operational,626,ILI_CMP,4,-10.5
4.0,1.0,3,vague,1000.0,ci_lower,chp_operational,626,ILI_School,8,28.0
4.0,1.0,3,vague,1000.0,ci_lower,chp_operational,626,ILI_NonSchool,8,-14.0
4.0,1.0,3,vague,1000.0,ci_lower,chp_operational,626,Fever_RCHE,0,
4.0,1.0,3,vague,1000.0,ci_lower,chp_operational,626,Adm_All,1,-98.0
4.0,1.0,3,vague,1000.0,ci_lower,chp_operational,626,Adm_0_5,7,-14.0
4.0,1.0,3,vague,1000.0,ci_lower,chp_operational,626,Adm_6_11,4,-59.5
4.0,1.0,3,vague,1000.0,ci_lower,chp_operational,626,Adm_12_17,0,
4.0,1.0,3,vague,1000.0,ci_lower,chp_operational,626,Adm_18_49,0,
4.0,1.0,3,vague,1000.0,ci_lower,chp_operational,626,Adm_50_64,0,
4.0,1.0,3,vague,1000.0,ci_lower,chp_operational,626,Adm_65_higher,6,-24.5
4.0,1.0,3,vague,1000.0,ci_lower,data_derived,627,ILI_PMP,8,49.0
4.0,1.0,3,vague,1000.0,ci_lower,data_derived,627,ILI_AED,8,38.5
4.0,1.0,3,vague,1000.0,ci_lower,data_derived,627,ILI_CMP,4,-7.0
4.0,1.0,3,vague,1000.0,ci_lower,data_derived,627,ILI_School,8,31.5
4.0,1.0,3,vague,1000.0,ci_lower,data_derived,627,ILI_NonSchool,8,-10.5
4.0,1.0,3,vague,1000.0,ci_lower,data_derived,627,Fever_RCHE,0,
4.0,1.0,3,vague,1000.0,ci_lower,data_derived,627,Adm_All,1,-91.0
4.0,1.0,3,vague,1000.0,ci_lower,data_derived,627,Adm_0_5,7,-7.0
4.0,1.0,3,vague,1000.0,ci_lower,data_derived,627,Adm_6_11,4,-56.0
4.0,1.0,3,vague,1000.0,ci_lower,data_derived,627,Adm_12_17,0,
4.0,1.0,3,vague,1000.0,ci_lower,data_derived,627,Adm_18_49,0,
4.0,1.0,3,vague,1000.0,ci_lower,data_derived,627,Adm_50_64,0,
4.0,1.0,3,vague,1000.0,ci_lower,data_derived,627,Adm_65_higher,6,-24.5
4.0,1.0,3,vague,10000.0,posterior_mean,chp_operational,628,ILI_PMP,8,49.0
4.0,1.0,3,vague,10000.0,posterior_mean,chp_operational,628,ILI_AED,8,38.5
4.0,1.0,3,vague,10000.0,posterior_mean,chp_operational,628,ILI_CMP,8,31.5
4.0,1.0,3,vague,10000.0,posterior_mean,chp_operational,628,ILI_School,8,31.5
4.0,1.0,3,vague,10000.0,posterior_mean,chp_operational,628,ILI_NonSchool,8,10.5
4.0,1.0,3,vague,10000.0,posterior_mean,chp_operational,628,Fever_RCHE,0,
4.0,1.0,3,vague,10000.0,posterior_mean,chp_operational,628,Adm_All,8,-10.5
4.0,1.0,3,vague,10000.0,posterior_mean,chp_operational,628,Adm_0_5,8,21.0
4.0,1.0,3,vague,10000.0,posterior_mean,chp_operational,628,Adm_6_11,8,10.5
4.0,1.0,3,vague,10000.0,posterior_mean,chp_operational,628,Adm_12_17,8,-17.5
4.0,1.0,3,vague,10000.0,posterior_mean,chp_operational,628,Adm_18_49,7,-28.0
4.0,1.0,3,vague,10000.0,posterior_mean,chp_operational,628,Adm_50_64,8,-17.5
4.0,1.0,3,vague,10000.0,posterior_mean,chp_operational,628,Adm_65_higher,8,-3.5
4.0,1.0,3,vague,10000.0,posterior_mean,data_derived,629,ILI_PMP,8,49.0
4.0,1.0,3,vague,10000.0,posterior_mean,data_derived,629,ILI_AED,8,38.5
4.0,1.0,3,vague,10000.0,posterior_mean,data_derived,629,ILI_CMP,8,31.5
4.0,1.0,3,vague,10000.0,posterior_mean,data_derived,629,ILI_School,8,31.5
4.0,1.0,3,vague,10000.0,posterior_mean,data_derived,629,ILI_NonSchool,8,10.5
4.0,1.0,3,vague,10000.0,posterior_mean,data_derived,629,Fever_RCHE,0,
4.0,1.0,3,vague,10000.0,posterior_mean,data_derived,629,Adm_All,8,-7.0
4.0,1.0,3,vague,10000.0,posterior_mean,data_derived,629,Adm_0_5,8,21.0
4.0,1.0,3,vague,10000.0,posterior_mean,data_derived,629,Adm_6_11,8,14.0
4.0,1.0,3,vague,10000.0,posterior_mean,data_derived,629,Adm_12_17,8,-14.0
4.0,1.0,3,vague,10000.0,posterior_mean,data_derived,629,Adm_18_49,7,-28.0
4.0,1.0,3,vague,10000.0,posterior_mean,data_derived,629,Adm_50_64,8,-14.0
4.0,1.0,3,vague,10000.0,posterior_mean,data_derived,629,Adm_65_higher,8,0.0
4.0,1.0,3,vague,10000.0,ci_lower,chp_operational,630,ILI_PMP,8,49.0
4.0,1.0,3,vague,10000.0,ci_lower,chp_operational,630,ILI_AED,8,38.5
4.0,1.0,3,vague,10000.0,ci_lower,chp_operational,630,ILI_CMP,8,31.5
4.0,1.0,3,vague,10000.0,ci_lower,chp_operational,630,ILI_School,8,31.5
4.0,1.0,3,vague,10000.0,ci_lower,chp_operational,630,ILI_NonSchool,8,10.5
4.0,1.0,3,vague,10000.0,ci_lower,chp_operational,630,Fever_RCHE,0,
4.0,1.0,3,vague,10000.0,ci_lower,chp_operational,630,Adm_All,8,-10.5
4.0,1.0,3,vague,10000.0,ci_lower,chp_operational,630,Adm_0_5,8,21.0
4.0,1.0,3,vague,10000.0,ci_lower,chp_operational,630,Adm_6_11,8,10.5
4.0,1.0,3,vague,10000.0,ci_lower,chp_operational,630,Adm_12_17,8,-17.5
4.0,1.0,3,vague,10000.0,ci_lower,chp_operational,630,Adm_18_49,6,-31.5
4.0,1.0,3,vague,10000.0,ci_lower,chp_operational,630,Adm_50_64,8,-17.5
4.0,1.0,3,vague,10000.0,ci_lower,chp_operational,630,Adm_65_higher,8,-3.5
4.0,1.0,3,vague,10000.0,ci_lower,data_derived,631,ILI_PMP,8,49.0
4.0,1.0,3,vague,10000.0,ci_lower,data_derived,631,ILI_AED,8,38.5
4.0,1.0,3,vague,10000.0,ci_lower,data_derived,631,ILI_CMP,8,31.5
4.0,1.0,3,vague,10000.0,ci_lower,data_derived,631,ILI_School,8,31.5
4.0,1.0,3,vague,10000.0,ci_lower,data_derived,631,ILI_NonSchool,8,10.5
4.0,1.0,3,vague,10000.0,ci_lower,data_derived,631,Fever_RCHE,0,
4.0,1.0,3,vague,10000.0,ci_lower,data_derived,631,Adm_All,8,-7.0
4.0,1.0,3,vague,10000.0,ci_lower,data_derived,631,Adm_0_5,8,21.0
4.0,1.0,3,vague,10000.0,ci_lower,data_derived,631,Adm_6_11,8,14.0
4.0,1.0,3,vague,10000.0,ci_lower,data_derived,631,Adm_12_17,8,-14.0
4.0,1.0,3,vague,10000.0,ci_lower,data_derived,631,Adm_18_49,6,-28.0
4.0,1.0,3,vague,10000.0,ci_lower,data_derived,631,Adm_50_64,8,-14.0
4.0,1.0,3,vague,10000.0,ci_lower,data_derived,631,Adm_65_higher,8,0.0
4.0,1.0,3,vague,100000.0,posterior_mean,chp_operational,632,ILI_PMP,8,49.0
4.0,1.0,3,vague,100000.0,posterior_mean,chp_operational,632,ILI_AED,8,38.5
4.0,1.0,3,vague,100000.0,posterior_mean,chp_operational,632,ILI_CMP,8,45.5
4.0,1.0,3,vague,100000.0,posterior_mean,chp_operational,632,ILI_School,8,31.5
4.0,1.0,3,vague,100000.0,posterior_mean,chp_operational,632,ILI_NonSchool,8,10.5
4.0,1.0,3,vague,100000.0,posterior_mean,chp_operational,632,Fever_RCHE,0,
4.0,1.0,3,vague,100000.0,posterior_mean,chp_operational,632,Adm_All,8,17.5
4.0,1.0,3,vague,100000.0,posterior_mean,chp_operational,632,Adm_0_5,8,38.5
4.0,1.0,3,vague,100000.0,posterior_mean,chp_operational,632,Adm_6_11,8,24.5
4.0,1.0,3,vague,100000.0,posterior_mean,chp_operational,632,Adm_12_17,8,24.5
4.0,1.0,3,vague,100000.0,posterior_mean,chp_operational,632,Adm_18_49,8,3.5
4.0,1.0,3,vague,100000.0,posterior_mean,chp_operational,632,Adm_50_64,8,10.5
4.0,1.0,3,vague,100000.0,posterior_mean,chp_operational,632,Adm_65_higher,8,24.5
4.0,1.0,3,vague,100000.0,posterior_mean,data_derived,633,ILI_PMP,8,49.0
4.0,1.0,3,vague,100000.0,posterior_mean,data_derived,633,ILI_AED,8,38.5
4.0,1.0,3,vague,100000.0,posterior_mean,data_derived,633,ILI_CMP,8,45.5
4.0,1.0,3,vague,100000.0,posterior_mean,data_derived,633,ILI_School,8,31.5
4.0,1.0,3,vague,100000.0,posterior_mean,data_derived,633,ILI_NonSchool,8,10.5
4.0,1.0,3,vague,100000.0,posterior_mean,data_derived,633,Fever_RCHE,0,
4.0,1.0,3,vague,100000.0,posterior_mean,data_derived,633,Adm_All,8,17.5
4.0,1.0,3,vague,100000.0,posterior_mean,data_derived,633,Adm_0_5,8,38.5
4.0,1.0,3,vague,100000.0,posterior_mean,data_derived,633,Adm_6_11,8,24.5
4.0,1.0,3,vague,100000.0,posterior_mean,data_derived,633,Adm_12_17,8,24.5
4.0,1.0,3,vague,100000.0,posterior_mean,data_derived,633,Adm_18_49,8,3.5
4.0,1.0,3,vague,100000.0,posterior_mean,data_derived,633,Adm_50_64,8,10.5
4.0,1.0,3,vague,100000.0,posterior_mean,data_derived,633,Adm_65_higher,8,24.5
4.0,1.0,3,vague,100000.0,ci_lower,chp_operational,634,ILI_PMP,8,49.0
4.0,1.0,3,vague,100000.0,ci_lower,chp_operational,634,ILI_AED,8,38.5
4.0,1.0,3,vague,100000.0,ci_lower,chp_operational,634,ILI_CMP,8,45.5
4.0,1.0,3,vague,100000.0,ci_lower,chp_operational,634,ILI_School,8,31.5
4.0,1.0,3,vague,100000.0,ci_lower,chp_operational,634,ILI_NonSchool,8,10.5
4.0,1.0,3,vague,100000.0,ci_lower,chp_operational,634,Fever_RCHE,0,
4.0,1.0,3,vague,100000.0,ci_lower,chp_operational,634,Adm_All,8,17.5
4.0,1.0,3,vague,100000.0,ci_lower,chp_operational,634,Adm_0_5,8,38.5
4.0,1.0,3,vague,100000.0,ci_lower,chp_operational,634,Adm_6_11,8,24.5
4.0,1.0,3,vague,100000.0,ci_lower,chp_operational,634,Adm_12_17,8,24.5
4.0,1.0,3,vague,100000.0,ci_lower,chp_operational,634,Adm_18_49,8,3.5
4.0,1.0,3,vague,100000.0,ci_lower,chp_operational,634,Adm_50_64,8,10.5
4.0,1.0,3,vague,100000.0,ci_lower,chp_operational,634,Adm_65_higher,8,24.5
4.0,1.0,3,vague,100000.0,ci_lower,data_derived,635,ILI_PMP,8,49.0
4.0,1.0,3,vague,100000.0,ci_lower,data_derived,635,ILI_AED,8,38.5
4.0,1.0,3,vague,100000.0,ci_lower,data_derived,635,ILI_CMP,8,45.5
4.0,1.0,3,vague,100000.0,ci_lower,data_derived,635,ILI_School,8,31.5
4.0,1.0,3,vague,100000.0,ci_lower,data_derived,635,ILI_NonSchool,8,10.5
4.0,1.0,3,vague,100000.0,ci_lower,data_derived,635,Fever_RCHE,0,
4.0,1.0,3,vague,100000.0,ci_lower,data_derived,635,Adm_All,8,17.5
4.0,1.0,3,vague,100000.0,ci_lower,data_derived,635,Adm_0_5,8,38.5
4.0,1.0,3,vague,100000.0,ci_lower,data_derived,635,Adm_6_11,8,24.5
4.0,1.0,3,vague,100000.0,ci_lower,data_derived,635,Adm_12_17,8,24.5
4.0,1.0,3,vague,100000.0,ci_lower,data_derived,635,Adm_18_49,8,3.5
4.0,1.0,3,vague,100000.0,ci_lower,data_derived,635,Adm_50_64,8,10.5
4.0,1.0,3,vague,100000.0,ci_lower,data_derived,635,Adm_65_higher,8,24.5
4.0,1.0,3,weak_wide,1000.0,posterior_mean,chp_operational,636,ILI_PMP,8,49.0
4.0,1.0,3,weak_wide,1000.0,posterior_mean,chp_operational,636,ILI_AED,8,38.5
4.0,1.0,3,weak_wide,1000.0,posterior_mean,chp_operational,636,ILI_CMP,8,45.5
4.0,1.0,3,weak_wide,1000.0,posterior_mean,chp_operational,636,ILI_School,8,31.5
4.0,1.0,3,weak_wide,1000.0,posterior_mean,chp_operational,636,ILI_NonSchool,8,28.0
4.0,1.0,3,weak_wide,1000.0,posterior_mean,chp_operational,636,Fever_RCHE,8,49.0
4.0,1.0,3,weak_wide,1000.0,posterior_mean,chp_operational,636,Adm_All,8,35.0
4.0,1.0,3,weak_wide,1000.0,posterior_mean,chp_operational,636,Adm_0_5,8,38.5
4.0,1.0,3,weak_wide,1000.0,posterior_mean,chp_operational,636,Adm_6_11,8,49.0
4.0,1.0,3,weak_wide,1000.0,posterior_mean,chp_operational,636,Adm_12_17,8,49.0
4.0,1.0,3,weak_wide,1000.0,posterior_mean,chp_operational,636,Adm_18_49,8,42.0
4.0,1.0,3,weak_wide,1000.0,posterior_mean,chp_operational,636,Adm_50_64,8,42.0
4.0,1.0,3,weak_wide,1000.0,posterior_mean,chp_operational,636,Adm_65_higher,8,28.0
4.0,1.0,3,weak_wide,1000.0,posterior_mean,data_derived,637,ILI_PMP,8,49.0
4.0,1.0,3,weak_wide,1000.0,posterior_mean,data_derived,637,ILI_AED,8,38.5
4.0,1.0,3,weak_wide,1000.0,posterior_mean,data_derived,637,ILI_CMP,8,45.5
4.0,1.0,3,weak_wide,1000.0,posterior_mean,data_derived,637,ILI_School,8,31.5
4.0,1.0,3,weak_wide,1000.0,posterior_mean,data_derived,637,ILI_NonSchool,8,28.0
4.0,1.0,3,weak_wide,1000.0,posterior_mean,data_derived,637,Fever_RCHE,8,49.0
4.0,1.0,3,weak_wide,1000.0,posterior_mean,data_derived,637,Adm_All,8,35.0
4.0,1.0,3,weak_wide,1000.0,posterior_mean,data_derived,637,Adm_0_5,8,38.5
4.0,1.0,3,weak_wide,1000.0,posterior_mean,data_derived,637,Adm_6_11,8,49.0
4.0,1.0,3,weak_wide,1000.0,posterior_mean,data_derived,637,Adm_12_17,8,49.0
4.0,1.0,3,weak_wide,1000.0,posterior_mean,data_derived,637,Adm_18_49,8,42.0
4.0,1.0,3,weak_wide,1000.0,posterior_mean,data_derived,637,Adm_50_64,8,42.0
4.0,1.0,3,weak_wide,1000.0,posterior_mean,data_derived,637,Adm_65_higher,8,28.0
4.0,1.0,3,weak_wide,1000.0,ci_lower,chp_operational,638,ILI_PMP,8,49.0
4.0,1.0,3,weak_wide,1000.0,ci_lower,chp_operational,638,ILI_AED,8,38.5
4.0,1.0,3,weak_wide,1000.0,ci_lower,chp_operational,638,ILI_CMP,8,31.5
4.0,1.0,3,weak_wide,1000.0,ci_lower,chp_operational,638,ILI_School,8,31.5
4.0,1.0,3,weak_wide,1000.0,ci_lower,chp_operational,638,ILI_NonSchool,8,10.5
4.0,1.0,3,weak_wide,1000.0,ci_lower,chp_operational,638,Fever_RCHE,0,
4.0,1.0,3,weak_wide,1000.0,ci_lower,chp_operational,638,Adm_All,8,17.5
4.0,1.0,3,weak_wide,1000.0,ci_lower,chp_operational,638,Adm_0_5,8,38.5
4.0,1.0,3,weak_wide,1000.0,ci_lower,chp_operational,638,Adm_6_11,8,24.5
4.0,1.0,3,weak_wide,1000.0,ci_lower,chp_operational,638,Adm_12_17,8,24.5
4.0,1.0,3,weak_wide,1000.0,ci_lower,chp_operational,638,Adm_18_49,8,10.5
4.0,1.0,3,weak_wide,1000.0,ci_lower,chp_operational,638,Adm_50_64,8,21.0
4.0,1.0,3,weak_wide,1000.0,ci_lower,chp_operational,638,Adm_65_higher,8,24.5
4.0,1.0,3,weak_wide,1000.0,ci_lower,data_derived,639,ILI_PMP,8,49.0
4.0,1.0,3,weak_wide,1000.0,ci_lower,data_derived,639,ILI_AED,8,38.5
4.0,1.0,3,weak_wide,1000.0,ci_lower,data_derived,639,ILI_CMP,8,31.5
4.0,1.0,3,weak_wide,1000.0,ci_lower,data_derived,639,ILI_School,8,31.5
4.0,1.0,3,weak_wide,1000.0,ci_lower,data_derived,639,ILI_NonSchool,8,10.5
4.0,1.0,3,weak_wide,1000.0,ci_lower,data_derived,639,Fever_RCHE,0,
4.0,1.0,3,weak_wide,1000.0,ci_lower,data_derived,639,Adm_All,8,21.0
4.0,1.0,3,weak_wide,1000.0,ci_lower,data_derived,639,Adm_0_5,8,38.5
4.0,1.0,3,weak_wide,1000.0,ci_lower,data_derived,639,Adm_6_11,8,24.5
4.0,1.0,3,weak_wide,1000.0,ci_lower,data_derived,639,Adm_12_17,8,24.5
4.0,1.0,3,weak_wide,1000.0,ci_lower,data_derived,639,Adm_18_49,8,10.5
4.0,1.0,3,weak_wide,1000.0,ci_lower,data_derived,639,Adm_50_64,8,21.0
4.0,1.0,3,weak_wide,1000.0,ci_lower,data_derived,639,Adm_65_higher,8,24.5
4.0,1.0,3,weak_wide,10000.0,posterior_mean,chp_operational,640,ILI_PMP,8,49.0
4.0,1.0,3,weak_wide,10000.0,posterior_mean,chp_operational,640,ILI_AED,8,38.5
4.0,1.0,3,weak_wide,10000.0,posterior_mean,chp_operational,640,ILI_CMP,8,45.5
4.0,1.0,3,weak_wide,10000.0,posterior_mean,chp_operational,640,ILI_School,8,31.5
4.0,1.0,3,weak_wide,10000.0,posterior_mean,chp_operational,640,ILI_NonSchool,8,28.0
4.0,1.0,3,weak_wide,10000.0,posterior_mean,chp_operational,640,Fever_RCHE,8,49.0
4.0,1.0,3,weak_wide,10000.0,posterior_mean,chp_operational,640,Adm_All,8,35.0
4.0,1.0,3,weak_wide,10000.0,posterior_mean,chp_operational,640,Adm_0_5,8,38.5
4.0,1.0,3,weak_wide,10000.0,posterior_mean,chp_operational,640,Adm_6_11,8,45.5
4.0,1.0,3,weak_wide,10000.0,posterior_mean,chp_operational,640,Adm_12_17,8,49.0
4.0,1.0,3,weak_wide,10000.0,posterior_mean,chp_operational,640,Adm_18_49,8,42.0
4.0,1.0,3,weak_wide,10000.0,posterior_mean,chp_operational,640,Adm_50_64,8,38.5
4.0,1.0,3,weak_wide,10000.0,posterior_mean,chp_operational,640,Adm_65_higher,8,28.0
4.0,1.0,3,weak_wide,10000.0,posterior_mean,data_derived,641,ILI_PMP,8,49.0
4.0,1.0,3,weak_wide,10000.0,posterior_mean,data_derived,641,ILI_AED,8,38.5
4.0,1.0,3,weak_wide,10000.0,posterior_mean,data_derived,641,ILI_CMP,8,45.5
4.0,1.0,3,weak_wide,10000.0,posterior_mean,data_derived,641,ILI_School,8,31.5
4.0,1.0,3,weak_wide,10000.0,posterior_mean,data_derived,641,ILI_NonSchool,8,28.0
4.0,1.0,3,weak_wide,10000.0,posterior_mean,data_derived,641,Fever_RCHE,8,49.0
4.0,1.0,3,weak_wide,10000.0,posterior_mean,data_derived,641,Adm_All,8,35.0
4.0,1.0,3,weak_wide,10000.0,posterior_mean,data_derived,641,Adm_0_5,8,38.5
4.0,1.0,3,weak_wide,10000.0,posterior_mean,data_derived,641,Adm_6_11,8,45.5
4.0,1.0,3,weak_wide,10000.0,posterior_mean,data_derived,641,Adm_12_17,8,49.0
4.0,1.0,3,weak_wide,10000.0,posterior_mean,data_derived,641,Adm_18_49,8,42.0
4.0,1.0,3,weak_wide,10000.0,posterior_mean,data_derived,641,Adm_50_64,8,38.5
4.0,1.0,3,weak_wide,10000.0,posterior_mean,data_derived,641,Adm_65_higher,8,28.0
4.0,1.0,3,weak_wide,10000.0,ci_lower,chp_operational,642,ILI_PMP,8,49.0
4.0,1.0,3,weak_wide,10000.0,ci_lower,chp_operational,642,ILI_AED,8,38.5
4.0,1.0,3,weak_wide,10000.0,ci_lower,chp_operational,642,ILI_CMP,8,45.5
4.0,1.0,3,weak_wide,10000.0,ci_lower,chp_operational,642,ILI_School,8,31.5
4.0,1.0,3,weak_wide,10000.0,ci_lower,chp_operational,642,ILI_NonSchool,8,10.5
4.0,1.0,3,weak_wide,10000.0,ci_lower,chp_operational,642,Fever_RCHE,2,-7.0
4.0,1.0,3,weak_wide,10000.0,ci_lower,chp_operational,642,Adm_All,8,24.5
4.0,1.0,3,weak_wide,10000.0,ci_lower,chp_operational,642,Adm_0_5,8,38.5
4.0,1.0,3,weak_wide,10000.0,ci_lower,chp_operational,642,Adm_6_11,8,24.5
4.0,1.0,3,weak_wide,10000.0,ci_lower,chp_operational,642,Adm_12_17,8,24.5
4.0,1.0,3,weak_wide,10000.0,ci_lower,chp_operational,642,Adm_18_49,8,28.0
4.0,1.0,3,weak_wide,10000.0,ci_lower,chp_operational,642,Adm_50_64,8,21.0
4.0,1.0,3,weak_wide,10000.0,ci_lower,chp_operational,642,Adm_65_higher,8,24.5
4.0,1.0,3,weak_wide,10000.0,ci_lower,data_derived,643,ILI_PMP,8,49.0
4.0,1.0,3,weak_wide,10000.0,ci_lower,data_derived,643,ILI_AED,8,38.5
4.0,1.0,3,weak_wide,10000.0,ci_lower,data_derived,643,ILI_CMP,8,45.5
4.0,1.0,3,weak_wide,10000.0,ci_lower,data_derived,643,ILI_School,8,31.5
4.0,1.0,3,weak_wide,10000.0,ci_lower,data_derived,643,ILI_NonSchool,8,10.5
4.0,1.0,3,weak_wide,10000.0,ci_lower,data_derived,643,Fever_RCHE,2,-3.5
4.0,1.0,3,weak_wide,10000.0,ci_lower,data_derived,643,Adm_All,8,24.5
4.0,1.0,3,weak_wide,10000.0,ci_lower,data_derived,643,Adm_0_5,8,38.5
4.0,1.0,3,weak_wide,10000.0,ci_lower,data_derived,643,Adm_6_11,8,24.5
4.0,1.0,3,weak_wide,10000.0,ci_lower,data_derived,643,Adm_12_17,8,24.5
4.0,1.0,3,weak_wide,10000.0,ci_lower,data_derived,643,Adm_18_49,8,28.0
4.0,1.0,3,weak_wide,10000.0,ci_lower,data_derived,643,Adm_50_64,8,21.0
4.0,1.0,3,weak_wide,10000.0,ci_lower,data_derived,643,Adm_65_higher,8,24.5
4.0,1.0,3,weak_wide,100000.0,posterior_mean,chp_operational,644,ILI_PMP,8,49.0
4.0,1.0,3,weak_wide,100000.0,posterior_mean,chp_operational,644,ILI_AED,8,38.5
4.0,1.0,3,weak_wide,100000.0,posterior_mean,chp_operational,644,ILI_CMP,8,45.5
4.0,1.0,3,weak_wide,100000.0,posterior_mean,chp_operational,644,ILI_School,8,31.5
4.0,1.0,3,weak_wide,100000.0,posterior_mean,chp_operational,644,ILI_NonSchool,8,28.0
4.0,1.0,3,weak_wide,100000.0,posterior_mean,chp_operational,644,Fever_RCHE,8,49.0
4.0,1.0,3,weak_wide,100000.0,posterior_mean,chp_operational,644,Adm_All,8,35.0
4.0,1.0,3,weak_wide,100000.0,posterior_mean,chp_operational,644,Adm_0_5,8,38.5
4.0,1.0,3,weak_wide,100000.0,posterior_mean,chp_operational,644,Adm_6_11,8,45.5
4.0,1.0,3,weak_wide,100000.0,posterior_mean,chp_operational,644,Adm_12_17,8,49.0
4.0,1.0,3,weak_wide,100000.0,posterior_mean,chp_operational,644,Adm_18_49,8,42.0
4.0,1.0,3,weak_wide,100000.0,posterior_mean,chp_operational,644,Adm_50_64,8,35.0
4.0,1.0,3,weak_wide,100000.0,posterior_mean,chp_operational,644,Adm_65_higher,8,24.5
4.0,1.0,3,weak_wide,100000.0,posterior_mean,data_derived,645,ILI_PMP,8,49.0
4.0,1.0,3,weak_wide,100000.0,posterior_mean,data_derived,645,ILI_AED,8,38.5
4.0,1.0,3,weak_wide,100000.0,posterior_mean,data_derived,645,ILI_CMP,8,45.5
4.0,1.0,3,weak_wide,100000.0,posterior_mean,data_derived,645,ILI_School,8,31.5
4.0,1.0,3,weak_wide,100000.0,posterior_mean,data_derived,645,ILI_NonSchool,8,28.0
4.0,1.0,3,weak_wide,100000.0,posterior_mean,data_derived,645,Fever_RCHE,8,49.0
4.0,1.0,3,weak_wide,100000.0,posterior_mean,data_derived,645,Adm_All,8,35.0
4.0,1.0,3,weak_wide,100000.0,posterior_mean,data_derived,645,Adm_0_5,8,38.5
4.0,1.0,3,weak_wide,100000.0,posterior_mean,data_derived,645,Adm_6_11,8,45.5
4.0,1.0,3,weak_wide,100000.0,posterior_mean,data_derived,645,Adm_12_17,8,49.0
4.0,1.0,3,weak_wide,100000.0,posterior_mean,data_derived,645,Adm_18_49,8,42.0
4.0,1.0,3,weak_wide,100000.0,posterior_mean,data_derived,645,Adm_50_64,8,35.0
4.0,1.0,3,weak_wide,100000.0,posterior_mean,data_derived,645,Adm_65_higher,8,24.5
4.0,1.0,3,weak_wide,100000.0,ci_lower,chp_operational,646,ILI_PMP,8,49.0
4.0,1.0,3,weak_wide,100000.0,ci_lower,chp_operational,646,ILI_AED,8,38.5
4.0,1.0,3,weak_wide,100000.0,ci_lower,chp_operational,646,ILI_CMP,8,45.5
4.0,1.0,3,weak_wide,100000.0,ci_lower,chp_operational,646,ILI_School,8,31.5
4.0,1.0,3,weak_wide,100000.0,ci_lower,chp_operational,646,ILI_NonSchool,8,10.5
4.0,1.0,3,weak_wide,100000.0,ci_lower,chp_operational,646,Fever_RCHE,8,7.0
4.0,1.0,3,weak_wide,100000.0,ci_lower,chp_operational,646,Adm_All,8,35.0
4.0,1.0,3,weak_wide,100000.0,ci_lower,chp_operational,646,Adm_0_5,8,38.5
4.0,1.0,3,weak_wide,100000.0,ci_lower,chp_operational,646,Adm_6_11,8,24.5
4.0,1.0,3,weak_wide,100000.0,ci_lower,chp_operational,646,Adm_12_17,8,24.5
4.0,1.0,3,weak_wide,100000.0,ci_lower,chp_operational,646,Adm_18_49,8,28.0
4.0,1.0,3,weak_wide,100000.0,ci_lower,chp_operational,646,Adm_50_64,8,21.0
4.0,1.0,3,weak_wide,100000.0,ci_lower,chp_operational,646,Adm_65_higher,8,24.5
4.0,1.0,3,weak_wide,100000.0,ci_lower,data_derived,647,ILI_PMP,8,49.0
4.0,1.0,3,weak_wide,100000.0,ci_lower,data_derived,647,ILI_AED,8,38.5
4.0,1.0,3,weak_wide,100000.0,ci_lower,data_derived,647,ILI_CMP,8,45.5
4.0,1.0,3,weak_wide,100000.0,ci_lower,data_derived,647,ILI_School,8,31.5
4.0,1.0,3,weak_wide,100000.0,ci_lower,data_derived,647,ILI_NonSchool,8,10.5
4.0,1.0,3,weak_wide,100000.0,ci_lower,data_derived,647,Fever_RCHE,8,10.5
4.0,1.0,3,weak_wide,100000.0,ci_lower,data_derived,647,Adm_All,8,35.0
4.0,1.0,3,weak_wide,100000.0,ci_lower,data_derived,647,Adm_0_5,8,38.5
4.0,1.0,3,weak_wide,100000.0,ci_lower,data_derived,647,Adm_6_11,8,24.5
4.0,1.0,3,weak_wide,100000.0,ci_lower,data_derived,647,Adm_12_17,8,24.5
4.0,1.0,3,weak_wide,100000.0,ci_lower,data_derived,647,Adm_18_49,8,28.0
4.0,1.0,3,weak_wide,100000.0,ci_lower,data_derived,647,Adm_50_64,8,21.0
4.0,1.0,3,weak_wide,100000.0,ci_lower,data_derived,647,Adm_65_higher,8,24.5
4.0,1.0,4,v7,1000.0,posterior_mean,chp_operational,648,ILI_PMP,8,42.0
4.0,1.0,4,v7,1000.0,posterior_mean,chp_operational,648,ILI_AED,8,35.0
4.0,1.0,4,v7,1000.0,posterior_mean,chp_operational,648,ILI_CMP,8,38.5
4.0,1.0,4,v7,1000.0,posterior_mean,chp_operational,648,ILI_School,8,28.0
4.0,1.0,4,v7,1000.0,posterior_mean,chp_operational,648,ILI_NonSchool,8,10.5
4.0,1.0,4,v7,1000.0,posterior_mean,chp_operational,648,Fever_RCHE,0,
4.0,1.0,4,v7,1000.0,posterior_mean,chp_operational,648,Adm_All,8,28.0
4.0,1.0,4,v7,1000.0,posterior_mean,chp_operational,648,Adm_0_5,8,24.5
4.0,1.0,4,v7,1000.0,posterior_mean,chp_operational,648,Adm_6_11,8,24.5
4.0,1.0,4,v7,1000.0,posterior_mean,chp_operational,648,Adm_12_17,8,24.5
4.0,1.0,4,v7,1000.0,posterior_mean,chp_operational,648,Adm_18_49,8,21.0
4.0,1.0,4,v7,1000.0,posterior_mean,chp_operational,648,Adm_50_64,8,17.5
4.0,1.0,4,v7,1000.0,posterior_mean,chp_operational,648,Adm_65_higher,8,24.5
4.0,1.0,4,v7,1000.0,posterior_mean,data_derived,649,ILI_PMP,8,42.0
4.0,1.0,4,v7,1000.0,posterior_mean,data_derived,649,ILI_AED,8,35.0
4.0,1.0,4,v7,1000.0,posterior_mean,data_derived,649,ILI_CMP,8,38.5
4.0,1.0,4,v7,1000.0,posterior_mean,data_derived,649,ILI_School,8,28.0
4.0,1.0,4,v7,1000.0,posterior_mean,data_derived,649,ILI_NonSchool,8,10.5
4.0,1.0,4,v7,1000.0,posterior_mean,data_derived,649,Fever_RCHE,0,
4.0,1.0,4,v7,1000.0,posterior_mean,data_derived,649,Adm_All,8,28.0
4.0,1.0,4,v7,1000.0,posterior_mean,data_derived,649,Adm_0_5,8,24.5
4.0,1.0,4,v7,1000.0,posterior_mean,data_derived,649,Adm_6_11,8,24.5
4.0,1.0,4,v7,1000.0,posterior_mean,data_derived,649,Adm_12_17,8,24.5
4.0,1.0,4,v7,1000.0,posterior_mean,data_derived,649,Adm_18_49,8,21.0
4.0,1.0,4,v7,1000.0,posterior_mean,data_derived,649,Adm_50_64,8,17.5
4.0,1.0,4,v7,1000.0,posterior_mean,data_derived,649,Adm_65_higher,8,24.5
4.0,1.0,4,v7,1000.0,ci_lower,chp_operational,650,ILI_PMP,8,42.0
4.0,1.0,4,v7,1000.0,ci_lower,chp_operational,650,ILI_AED,8,35.0
4.0,1.0,4,v7,1000.0,ci_lower,chp_operational,650,ILI_CMP,8,35.0
4.0,1.0,4,v7,1000.0,ci_lower,chp_operational,650,ILI_School,8,28.0
4.0,1.0,4,v7,1000.0,ci_lower,chp_operational,650,ILI_NonSchool,8,10.5
4.0,1.0,4,v7,1000.0,ci_lower,chp_operational,650,Fever_RCHE,0,
4.0,1.0,4,v7,1000.0,ci_lower,chp_operational,650,Adm_All,8,14.0
4.0,1.0,4,v7,1000.0,ci_lower,chp_operational,650,Adm_0_5,8,24.5
4.0,1.0,4,v7,1000.0,ci_lower,chp_operational,650,Adm_6_11,8,24.5
4.0,1.0,4,v7,1000.0,ci_lower,chp_operational,650,Adm_12_17,8,24.5
4.0,1.0,4,v7,1000.0,ci_lower,chp_operational,650,Adm_18_49,8,-3.5
4.0,1.0,4,v7,1000.0,ci_lower,chp_operational,650,Adm_50_64,8,3.5
4.0,1.0,4,v7,1000.0,ci_lower,chp_operational,650,Adm_65_higher,8,21.0
4.0,1.0,4,v7,1000.0,ci_lower,data_derived,651,ILI_PMP,8,42.0
4.0,1.0,4,v7,1000.0,ci_lower,data_derived,651,ILI_AED,8,35.0
4.0,1.0,4,v7,1000.0,ci_lower,data_derived,651,ILI_CMP,8,35.0
4.0,1.0,4,v7,1000.0,ci_lower,data_derived,651,ILI_School,8,28.0
4.0,1.0,4,v7,1000.0,ci_lower,data_derived,651,ILI_NonSchool,8,10.5
4.0,1.0,4,v7,1000.0,ci_lower,data_derived,651,Fever_RCHE,0,
4.0,1.0,4,v7,1000.0,ci_lower,data_derived,651,Adm_All,8,17.5
4.0,1.0,4,v7,1000.0,ci_lower,data_derived,651,Adm_0_5,8,24.5
4.0,1.0,4,v7,1000.0,ci_lower,data_derived,651,Adm_6_11,8,24.5
4.0,1.0,4,v7,1000.0,ci_lower,data_derived,651,Adm_12_17,8,24.5
4.0,1.0,4,v7,1000.0,ci_lower,data_derived,651,Adm_18_49,8,-3.5
4.0,1.0,4,v7,1000.0,ci_lower,data_derived,651,Adm_50_64,8,7.0
4.0,1.0,4,v7,1000.0,ci_lower,data_derived,651,Adm_65_higher,8,21.0
4.0,1.0,4,v7,10000.0,posterior_mean,chp_operational,652,ILI_PMP,8,42.0
4.0,1.0,4,v7,10000.0,posterior_mean,chp_operational,652,ILI_AED,8,35.0
4.0,1.0,4,v7,10000.0,posterior_mean,chp_operational,652,ILI_CMP,8,38.5
4.0,1.0,4,v7,10000.0,posterior_mean,chp_operational,652,ILI_School,8,28.0
4.0,1.0,4,v7,10000.0,posterior_mean,chp_operational,652,ILI_NonSchool,8,10.5
4.0,1.0,4,v7,10000.0,posterior_mean,chp_operational,652,Fever_RCHE,8,-14.0
4.0,1.0,4,v7,10000.0,posterior_mean,chp_operational,652,Adm_All,8,35.0
4.0,1.0,4,v7,10000.0,posterior_mean,chp_operational,652,Adm_0_5,8,24.5
4.0,1.0,4,v7,10000.0,posterior_mean,chp_operational,652,Adm_6_11,8,24.5
4.0,1.0,4,v7,10000.0,posterior_mean,chp_operational,652,Adm_12_17,8,24.5
4.0,1.0,4,v7,10000.0,posterior_mean,chp_operational,652,Adm_18_49,8,35.0
4.0,1.0,4,v7,10000.0,posterior_mean,chp_operational,652,Adm_50_64,8,17.5
4.0,1.0,4,v7,10000.0,posterior_mean,chp_operational,652,Adm_65_higher,8,24.5
4.0,1.0,4,v7,10000.0,posterior_mean,data_derived,653,ILI_PMP,8,42.0
4.0,1.0,4,v7,10000.0,posterior_mean,data_derived,653,ILI_AED,8,35.0
4.0,1.0,4,v7,10000.0,posterior_mean,data_derived,653,ILI_CMP,8,38.5
4.0,1.0,4,v7,10000.0,posterior_mean,data_derived,653,ILI_School,8,28.0
4.0,1.0,4,v7,10000.0,posterior_mean,data_derived,653,ILI_NonSchool,8,10.5
4.0,1.0,4,v7,10000.0,posterior_mean,data_derived,653,Fever_RCHE,8,-14.0
4.0,1.0,4,v7,10000.0,posterior_mean,data_derived,653,Adm_All,8,35.0
4.0,1.0,4,v7,10000.0,posterior_mean,data_derived,653,Adm_0_5,8,24.5
4.0,1.0,4,v7,10000.0,posterior_mean,data_derived,653,Adm_6_11,8,24.5
4.0,1.0,4,v7,10000.0,posterior_mean,data_derived,653,Adm_12_17,8,24.5
4.0,1.0,4,v7,10000.0,posterior_mean,data_derived,653,Adm_18_49,8,35.0
4.0,1.0,4,v7,10000.0,posterior_mean,data_derived,653,Adm_50_64,8,17.5
4.0,1.0,4,v7,10000.0,posterior_mean,data_derived,653,Adm_65_higher,8,24.5
4.0,1.0,4,v7,10000.0,ci_lower,chp_operational,654,ILI_PMP,8,42.0
4.0,1.0,4,v7,10000.0,ci_lower,chp_operational,654,ILI_AED,8,35.0
4.0,1.0,4,v7,10000.0,ci_lower,chp_operational,654,ILI_CMP,8,35.0
4.0,1.0,4,v7,10000.0,ci_lower,chp_operational,654,ILI_School,8,28.0
4.0,1.0,4,v7,10000.0,ci_lower,chp_operational,654,ILI_NonSchool,8,10.5
4.0,1.0,4,v7,10000.0,ci_lower,chp_operational,654,Fever_RCHE,0,
4.0,1.0,4,v7,10000.0,ci_lower,chp_operational,654,Adm_All,8,31.5
4.0,1.0,4,v7,10000.0,ci_lower,chp_operational,654,Adm_0_5,8,24.5
4.0,1.0,4,v7,10000.0,ci_lower,chp_operational,654,Adm_6_11,8,24.5
4.0,1.0,4,v7,10000.0,ci_lower,chp_operational,654,Adm_12_17,8,24.5
4.0,1.0,4,v7,10000.0,ci_lower,chp_operational,654,Adm_18_49,8,35.0
4.0,1.0,4,v7,10000.0,ci_lower,chp_operational,654,Adm_50_64,8,17.5
4.0,1.0,4,v7,10000.0,ci_lower,chp_operational,654,Adm_65_higher,8,24.5
4.0,1.0,4,v7,10000.0,ci_lower,data_derived,655,ILI_PMP,8,42.0
4.0,1.0,4,v7,10000.0,ci_lower,data_derived,655,ILI_AED,8,35.0
4.0,1.0,4,v7,10000.0,ci_lower,data_derived,655,ILI_CMP,8,35.0
4.0,1.0,4,v7,10000.0,ci_lower,data_derived,655,ILI_School,8,28.0
4.0,1.0,4,v7,10000.0,ci_lower,data_derived,655,ILI_NonSchool,8,10.5
4.0,1.0,4,v7,10000.0,ci_lower,data_derived,655,Fever_RCHE,0,
4.0,1.0,4,v7,10000.0,ci_lower,data_derived,655,Adm_All,8,31.5
4.0,1.0,4,v7,10000.0,ci_lower,data_derived,655,Adm_0_5,8,24.5
4.0,1.0,4,v7,10000.0,ci_lower,data_derived,655,Adm_6_11,8,24.5
4.0,1.0,4,v7,10000.0,ci_lower,data_derived,655,Adm_12_17,8,24.5
4.0,1.0,4,v7,10000.0,ci_lower,data_derived,655,Adm_18_49,8,35.0
4.0,1.0,4,v7,10000.0,ci_lower,data_derived,655,Adm_50_64,8,17.5
4.0,1.0,4,v7,10000.0,ci_lower,data_derived,655,Adm_65_higher,8,24.5
4.0,1.0,4,v7,100000.0,posterior_mean,chp_operational,656,ILI_PMP,8,42.0
4.0,1.0,4,v7,100000.0,posterior_mean,chp_operational,656,ILI_AED,8,35.0
4.0,1.0,4,v7,100000.0,posterior_mean,chp_operational,656,ILI_CMP,8,38.5
4.0,1.0,4,v7,100000.0,posterior_mean,chp_operational,656,ILI_School,8,28.0
4.0,1.0,4,v7,100000.0,posterior_mean,chp_operational,656,ILI_NonSchool,8,10.5
4.0,1.0,4,v7,100000.0,posterior_mean,chp_operational,656,Fever_RCHE,8,38.5
4.0,1.0,4,v7,100000.0,posterior_mean,chp_operational,656,Adm_All,8,35.0
4.0,1.0,4,v7,100000.0,posterior_mean,chp_operational,656,Adm_0_5,8,24.5
4.0,1.0,4,v7,100000.0,posterior_mean,chp_operational,656,Adm_6_11,8,24.5
4.0,1.0,4,v7,100000.0,posterior_mean,chp_operational,656,Adm_12_17,8,24.5
4.0,1.0,4,v7,100000.0,posterior_mean,chp_operational,656,Adm_18_49,8,35.0
4.0,1.0,4,v7,100000.0,posterior_mean,chp_operational,656,Adm_50_64,8,17.5
4.0,1.0,4,v7,100000.0,posterior_mean,chp_operational,656,Adm_65_higher,8,24.5
4.0,1.0,4,v7,100000.0,posterior_mean,data_derived,657,ILI_PMP,8,42.0
4.0,1.0,4,v7,100000.0,posterior_mean,data_derived,657,ILI_AED,8,35.0
4.0,1.0,4,v7,100000.0,posterior_mean,data_derived,657,ILI_CMP,8,38.5
4.0,1.0,4,v7,100000.0,posterior_mean,data_derived,657,ILI_School,8,28.0
4.0,1.0,4,v7,100000.0,posterior_mean,data_derived,657,ILI_NonSchool,8,10.5
4.0,1.0,4,v7,100000.0,posterior_mean,data_derived,657,Fever_RCHE,8,38.5
4.0,1.0,4,v7,100000.0,posterior_mean,data_derived,657,Adm_All,8,35.0
4.0,1.0,4,v7,100000.0,posterior_mean,data_derived,657,Adm_0_5,8,24.5
4.0,1.0,4,v7,100000.0,posterior_mean,data_derived,657,Adm_6_11,8,24.5
4.0,1.0,4,v7,100000.0,posterior_mean,data_derived,657,Adm_12_17,8,24.5
4.0,1.0,4,v7,100000.0,posterior_mean,data_derived,657,Adm_18_49,8,35.0
4.0,1.0,4,v7,100000.0,posterior_mean,data_derived,657,Adm_50_64,8,17.5
4.0,1.0,4,v7,100000.0,posterior_mean,data_derived,657,Adm_65_higher,8,24.5
4.0,1.0,4,v7,100000.0,ci_lower,chp_operational,658,ILI_PMP,8,42.0
4.0,1.0,4,v7,100000.0,ci_lower,chp_operational,658,ILI_AED,8,35.0
4.0,1.0,4,v7,100000.0,ci_lower,chp_operational,658,ILI_CMP,8,38.5
4.0,1.0,4,v7,100000.0,ci_lower,chp_operational,658,ILI_School,8,28.0
4.0,1.0,4,v7,100000.0,ci_lower,chp_operational,658,ILI_NonSchool,8,10.5
4.0,1.0,4,v7,100000.0,ci_lower,chp_operational,658,Fever_RCHE,8,7.0
4.0,1.0,4,v7,100000.0,ci_lower,chp_operational,658,Adm_All,8,31.5
4.0,1.0,4,v7,100000.0,ci_lower,chp_operational,658,Adm_0_5,8,24.5
4.0,1.0,4,v7,100000.0,ci_lower,chp_operational,658,Adm_6_11,8,24.5
4.0,1.0,4,v7,100000.0,ci_lower,chp_operational,658,Adm_12_17,8,24.5
4.0,1.0,4,v7,100000.0,ci_lower,chp_operational,658,Adm_18_49,8,35.0
4.0,1.0,4,v7,100000.0,ci_lower,chp_operational,658,Adm_50_64,8,17.5
4.0,1.0,4,v7,100000.0,ci_lower,chp_operational,658,Adm_65_higher,8,24.5
4.0,1.0,4,v7,100000.0,ci_lower,data_derived,659,ILI_PMP,8,42.0
4.0,1.0,4,v7,100000.0,ci_lower,data_derived,659,ILI_AED,8,35.0
4.0,1.0,4,v7,100000.0,ci_lower,data_derived,659,ILI_CMP,8,38.5
4.0,1.0,4,v7,100000.0,ci_lower,data_derived,659,ILI_School,8,28.0
4.0,1.0,4,v7,100000.0,ci_lower,data_derived,659,ILI_NonSchool,8,10.5
4.0,1.0,4,v7,100000.0,ci_lower,data_derived,659,Fever_RCHE,8,7.0
4.0,1.0,4,v7,100000.0,ci_lower,data_derived,659,Adm_All,8,31.5
4.0,1.0,4,v7,100000.0,ci_lower,data_derived,659,Adm_0_5,8,24.5
4.0,1.0,4,v7,100000.0,ci_lower,data_derived,659,Adm_6_11,8,24.5
4.0,1.0,4,v7,100000.0,ci_lower,data_derived,659,Adm_12_17,8,24.5
4.0,1.0,4,v7,100000.0,ci_lower,data_derived,659,Adm_18_49,8,35.0
4.0,1.0,4,v7,100000.0,ci_lower,data_derived,659,Adm_50_64,8,17.5
4.0,1.0,4,v7,100000.0,ci_lower,data_derived,659,Adm_65_higher,8,24.5
4.0,1.0,4,vague,1000.0,posterior_mean,chp_operational,660,ILI_PMP,8,42.0
4.0,1.0,4,vague,1000.0,posterior_mean,chp_operational,660,ILI_AED,8,35.0
4.0,1.0,4,vague,1000.0,posterior_mean,chp_operational,660,ILI_CMP,6,-45.5
4.0,1.0,4,vague,1000.0,posterior_mean,chp_operational,660,ILI_School,8,28.0
4.0,1.0,4,vague,1000.0,posterior_mean,chp_operational,660,ILI_NonSchool,8,7.0
4.0,1.0,4,vague,1000.0,posterior_mean,chp_operational,660,Fever_RCHE,0,
4.0,1.0,4,vague,1000.0,posterior_mean,chp_operational,660,Adm_All,3,-35.0
4.0,1.0,4,vague,1000.0,posterior_mean,chp_operational,660,Adm_0_5,8,-14.0
4.0,1.0,4,vague,1000.0,posterior_mean,chp_operational,660,Adm_6_11,5,-42.0
4.0,1.0,4,vague,1000.0,posterior_mean,chp_operational,660,Adm_12_17,1,-308.0
4.0,1.0,4,vague,1000.0,posterior_mean,chp_operational,660,Adm_18_49,0,
4.0,1.0,4,vague,1000.0,posterior_mean,chp_operational,660,Adm_50_64,0,
4.0,1.0,4,vague,1000.0,posterior_mean,chp_operational,660,Adm_65_higher,6,-24.5
4.0,1.0,4,vague,1000.0,posterior_mean,data_derived,661,ILI_PMP,8,42.0
4.0,1.0,4,vague,1000.0,posterior_mean,data_derived,661,ILI_AED,8,35.0
4.0,1.0,4,vague,1000.0,posterior_mean,data_derived,661,ILI_CMP,6,-45.5
4.0,1.0,4,vague,1000.0,posterior_mean,data_derived,661,ILI_School,8,28.0
4.0,1.0,4,vague,1000.0,posterior_mean,data_derived,661,ILI_NonSchool,8,7.0
4.0,1.0,4,vague,1000.0,posterior_mean,data_derived,661,Fever_RCHE,0,
4.0,1.0,4,vague,1000.0,posterior_mean,data_derived,661,Adm_All,3,-35.0
4.0,1.0,4,vague,1000.0,posterior_mean,data_derived,661,Adm_0_5,8,-10.5
4.0,1.0,4,vague,1000.0,posterior_mean,data_derived,661,Adm_6_11,5,-35.0
4.0,1.0,4,vague,1000.0,posterior_mean,data_derived,661,Adm_12_17,1,-301.0
4.0,1.0,4,vague,1000.0,posterior_mean,data_derived,661,Adm_18_49,0,
4.0,1.0,4,vague,1000.0,posterior_mean,data_derived,661,Adm_50_64,0,
4.0,1.0,4,vague,1000.0,posterior_mean,data_derived,661,Adm_65_higher,6,-24.5
4.0,1.0,4,vague,1000.0,ci_lower,chp_operational,662,ILI_PMP,8,42.0
4.0,1.0,4,vague,1000.0,ci_lower,chp_operational,662,ILI_AED,8,28.0
4.0,1.0,4,vague,1000.0,ci_lower,chp_operational,662,ILI_CMP,6,-45.5
4.0,1.0,4,vague,1000.0,ci_lower,chp_operational,662,ILI_School,8,21.0
4.0,1.0,4,vague,1000.0,ci_lower,chp_operational,662,ILI_NonSchool,8,-10.5
4.0,1.0,4,vague,1000.0,ci_lower,chp_operational,662,Fever_RCHE,0,
4.0,1.0,4,vague,1000.0,ci_lower,chp_operational,662,Adm_All,2,-66.5
4.0,1.0,4,vague,1000.0,ci_lower,chp_operational,662,Adm_0_5,7,-14.0
4.0,1.0,4,vague,1000.0,ci_lower,chp_operational,662,Adm_6_11,5,-42.0
4.0,1.0,4,vague,1000.0,ci_lower,chp_operational,662,Adm_12_17,0,
4.0,1.0,4,vague,1000.0,ci_lower,chp_operational,662,Adm_18_49,0,
4.0,1.0,4,vague,1000.0,ci_lower,chp_operational,662,Adm_50_64,0,
4.0,1.0,4,vague,1000.0,ci_lower,chp_operational,662,Adm_65_higher,6,-24.5
4.0,1.0,4,vague,1000.0,ci_lower,data_derived,663,ILI_PMP,8,42.0
4.0,1.0,4,vague,1000.0,ci_lower,data_derived,663,ILI_AED,8,28.0
4.0,1.0,4,vague,1000.0,ci_lower,data_derived,663,ILI_CMP,6,-45.5
4.0,1.0,4,vague,1000.0,ci_lower,data_derived,663,ILI_School,8,21.0
4.0,1.0,4,vague,1000.0,ci_lower,data_derived,663,ILI_NonSchool,8,-10.5
4.0,1.0,4,vague,1000.0,ci_lower,data_derived,663,Fever_RCHE,0,
4.0,1.0,4,vague,1000.0,ci_lower,data_derived,663,Adm_All,2,-63.0
4.0,1.0,4,vague,1000.0,ci_lower,data_derived,663,Adm_0_5,7,-7.0
4.0,1.0,4,vague,1000.0,ci_lower,data_derived,663,Adm_6_11,5,-35.0
4.0,1.0,4,vague,1000.0,ci_lower,data_derived,663,Adm_12_17,0,
4.0,1.0,4,vague,1000.0,ci_lower,data_derived,663,Adm_18_49,0,
4.0,1.0,4,vague,1000.0,ci_lower,data_derived,663,Adm_50_64,0,
4.0,1.0,4,vague,1000.0,ci_lower,data_derived,663,Adm_65_higher,6,-24.5
4.0,1.0,4,vague,10000.0,posterior_mean,chp_operational,664,ILI_PMP,8,42.0
4.0,1.0,4,vague,10000.0,posterior_mean,chp_operational,664,ILI_AED,8,35.0
4.0,1.0,4,vague,10000.0,posterior_mean,chp_operational,664,ILI_CMP,8,35.0
4.0,1.0,4,vague,10000.0,posterior_mean,chp_operational,664,ILI_School,8,28.0
4.0,1.0,4,vague,10000.0,posterior_mean,chp_operational,664,ILI_NonSchool,8,10.5
4.0,1.0,4,vague,10000.0,posterior_mean,chp_operational,664,Fever_RCHE,0,
4.0,1.0,4,vague,10000.0,posterior_mean,chp_operational,664,Adm_All,8,-10.5
4.0,1.0,4,vague,10000.0,posterior_mean,chp_operational,664,Adm_0_5,8,14.0
4.0,1.0,4,vague,10000.0,posterior_mean,chp_operational,664,Adm_6_11,8,10.5
4.0,1.0,4,vague,10000.0,posterior_mean,chp_operational,664,Adm_12_17,8,-17.5
4.0,1.0,4,vague,10000.0,posterior_mean,chp_operational,664,Adm_18_49,7,-28.0
4.0,1.0,4,vague,10000.0,posterior_mean,chp_operational,664,Adm_50_64,8,-17.5
4.0,1.0,4,vague,10000.0,posterior_mean,chp_operational,664,Adm_65_higher,8,-3.5
4.0,1.0,4,vague,10000.0,posterior_mean,data_derived,665,ILI_PMP,8,42.0
4.0,1.0,4,vague,10000.0,posterior_mean,data_derived,665,ILI_AED,8,35.0
4.0,1.0,4,vague,10000.0,posterior_mean,data_derived,665,ILI_CMP,8,35.0
4.0,1.0,4,vague,10000.0,posterior_mean,data_derived,665,ILI_School,8,28.0
4.0,1.0,4,vague,10000.0,posterior_mean,data_derived,665,ILI_NonSchool,8,10.5
4.0,1.0,4,vague,10000.0,posterior_mean,data_derived,665,Fever_RCHE,0,
4.0,1.0,4,vague,10000.0,posterior_mean,data_derived,665,Adm_All,8,-7.0
4.0,1.0,4,vague,10000.0,posterior_mean,data_derived,665,Adm_0_5,8,17.5
4.0,1.0,4,vague,10000.0,posterior_mean,data_derived,665,Adm_6_11,8,14.0
4.0,1.0,4,vague,10000.0,posterior_mean,data_derived,665,Adm_12_17,8,-14.0
4.0,1.0,4,vague,10000.0,posterior_mean,data_derived,665,Adm_18_49,7,-21.0
4.0,1.0,4,vague,10000.0,posterior_mean,data_derived,665,Adm_50_64,8,-14.0
4.0,1.0,4,vague,10000.0,posterior_mean,data_derived,665,Adm_65_higher,8,0.0
4.0,1.0,4,vague,10000.0,ci_lower,chp_operational,666,ILI_PMP,8,42.0
4.0,1.0,4,vague,10000.0,ci_lower,chp_operational,666,ILI_AED,8,35.0
4.0,1.0,4,vague,10000.0,ci_lower,chp_operational,666,ILI_CMP,8,35.0
4.0,1.0,4,vague,10000.0,ci_lower,chp_operational,666,ILI_School,8,28.0
4.0,1.0,4,vague,10000.0,ci_lower,chp_operational,666,ILI_NonSchool,8,10.5
4.0,1.0,4,vague,10000.0,ci_lower,chp_operational,666,Fever_RCHE,0,
4.0,1.0,4,vague,10000.0,ci_lower,chp_operational,666,Adm_All,8,-10.5
4.0,1.0,4,vague,10000.0,ci_lower,chp_operational,666,Adm_0_5,8,10.5
4.0,1.0,4,vague,10000.0,ci_lower,chp_operational,666,Adm_6_11,8,10.5
4.0,1.0,4,vague,10000.0,ci_lower,chp_operational,666,Adm_12_17,8,-17.5
4.0,1.0,4,vague,10000.0,ci_lower,chp_operational,666,Adm_18_49,7,-28.0
4.0,1.0,4,vague,10000.0,ci_lower,chp_operational,666,Adm_50_64,8,-17.5
4.0,1.0,4,vague,10000.0,ci_lower,chp_operational,666,Adm_65_higher,8,-3.5
4.0,1.0,4,vague,10000.0,ci_lower,data_derived,667,ILI_PMP,8,42.0
4.0,1.0,4,vague,10000.0,ci_lower,data_derived,667,ILI_AED,8,35.0
4.0,1.0,4,vague,10000.0,ci_lower,data_derived,667,ILI_CMP,8,35.0
4.0,1.0,4,vague,10000.0,ci_lower,data_derived,667,ILI_School,8,28.0
4.0,1.0,4,vague,10000.0,ci_lower,data_derived,667,ILI_NonSchool,8,10.5
4.0,1.0,4,vague,10000.0,ci_lower,data_derived,667,Fever_RCHE,0,
4.0,1.0,4,vague,10000.0,ci_lower,data_derived,667,Adm_All,8,-7.0
4.0,1.0,4,vague,10000.0,ci_lower,data_derived,667,Adm_0_5,8,10.5
4.0,1.0,4,vague,10000.0,ci_lower,data_derived,667,Adm_6_11,8,14.0
4.0,1.0,4,vague,10000.0,ci_lower,data_derived,667,Adm_12_17,8,-14.0
4.0,1.0,4,vague,10000.0,ci_lower,data_derived,667,Adm_18_49,7,-28.0
4.0,1.0,4,vague,10000.0,ci_lower,data_derived,667,Adm_50_64,8,-14.0
4.0,1.0,4,vague,10000.0,ci_lower,data_derived,667,Adm_65_higher,8,0.0
4.0,1.0,4,vague,100000.0,posterior_mean,chp_operational,668,ILI_PMP,8,42.0
4.0,1.0,4,vague,100000.0,posterior_mean,chp_operational,668,ILI_AED,8,35.0
4.0,1.0,4,vague,100000.0,posterior_mean,chp_operational,668,ILI_CMP,8,38.5
4.0,1.0,4,vague,100000.0,posterior_mean,chp_operational,668,ILI_School,8,28.0
4.0,1.0,4,vague,100000.0,posterior_mean,chp_operational,668,ILI_NonSchool,8,10.5
4.0,1.0,4,vague,100000.0,posterior_mean,chp_operational,668,Fever_RCHE,0,
4.0,1.0,4,vague,100000.0,posterior_mean,chp_operational,668,Adm_All,8,28.0
4.0,1.0,4,vague,100000.0,posterior_mean,chp_operational,668,Adm_0_5,8,24.5
4.0,1.0,4,vague,100000.0,posterior_mean,chp_operational,668,Adm_6_11,8,24.5
4.0,1.0,4,vague,100000.0,posterior_mean,chp_operational,668,Adm_12_17,8,24.5
4.0,1.0,4,vague,100000.0,posterior_mean,chp_operational,668,Adm_18_49,8,3.5
4.0,1.0,4,vague,100000.0,posterior_mean,chp_operational,668,Adm_50_64,8,10.5
4.0,1.0,4,vague,100000.0,posterior_mean,chp_operational,668,Adm_65_higher,8,24.5
4.0,1.0,4,vague,100000.0,posterior_mean,data_derived,669,ILI_PMP,8,42.0
4.0,1.0,4,vague,100000.0,posterior_mean,data_derived,669,ILI_AED,8,35.0
4.0,1.0,4,vague,100000.0,posterior_mean,data_derived,669,ILI_CMP,8,38.5
4.0,1.0,4,vague,100000.0,posterior_mean,data_derived,669,ILI_School,8,28.0
4.0,1.0,4,vague,100000.0,posterior_mean,data_derived,669,ILI_NonSchool,8,10.5
4.0,1.0,4,vague,100000.0,posterior_mean,data_derived,669,Fever_RCHE,0,
4.0,1.0,4,vague,100000.0,posterior_mean,data_derived,669,Adm_All,8,28.0
4.0,1.0,4,vague,100000.0,posterior_mean,data_derived,669,Adm_0_5,8,24.5
4.0,1.0,4,vague,100000.0,posterior_mean,data_derived,669,Adm_6_11,8,24.5
4.0,1.0,4,vague,100000.0,posterior_mean,data_derived,669,Adm_12_17,8,24.5
4.0,1.0,4,vague,100000.0,posterior_mean,data_derived,669,Adm_18_49,8,7.0
4.0,1.0,4,vague,100000.0,posterior_mean,data_derived,669,Adm_50_64,8,10.5
4.0,1.0,4,vague,100000.0,posterior_mean,data_derived,669,Adm_65_higher,8,24.5
4.0,1.0,4,vague,100000.0,ci_lower,chp_operational,670,ILI_PMP,8,42.0
4.0,1.0,4,vague,100000.0,ci_lower,chp_operational,670,ILI_AED,8,35.0
4.0,1.0,4,vague,100000.0,ci_lower,chp_operational,670,ILI_CMP,8,38.5
4.0,1.0,4,vague,100000.0,ci_lower,chp_operational,670,ILI_School,8,28.0
4.0,1.0,4,vague,100000.0,ci_lower,chp_operational,670,ILI_NonSchool,8,10.5
4.0,1.0,4,vague,100000.0,ci_lower,chp_operational,670,Fever_RCHE,0,
4.0,1.0,4,vague,100000.0,ci_lower,chp_operational,670,Adm_All,8,28.0
4.0,1.0,4,vague,100000.0,ci_lower,chp_operational,670,Adm_0_5,8,24.5
4.0,1.0,4,vague,100000.0,ci_lower,chp_operational,670,Adm_6_11,8,24.5
4.0,1.0,4,vague,100000.0,ci_lower,chp_operational,670,Adm_12_17,8,24.5
4.0,1.0,4,vague,100000.0,ci_lower,chp_operational,670,Adm_18_49,8,3.5
4.0,1.0,4,vague,100000.0,ci_lower,chp_operational,670,Adm_50_64,8,10.5
4.0,1.0,4,vague,100000.0,ci_lower,chp_operational,670,Adm_65_higher,8,24.5
4.0,1.0,4,vague,100000.0,ci_lower,data_derived,671,ILI_PMP,8,42.0
4.0,1.0,4,vague,100000.0,ci_lower,data_derived,671,ILI_AED,8,35.0
4.0,1.0,4,vague,100000.0,ci_lower,data_derived,671,ILI_CMP,8,38.5
4.0,1.0,4,vague,100000.0,ci_lower,data_derived,671,ILI_School,8,28.0
4.0,1.0,4,vague,100000.0,ci_lower,data_derived,671,ILI_NonSchool,8,10.5
4.0,1.0,4,vague,100000.0,ci_lower,data_derived,671,Fever_RCHE,0,
4.0,1.0,4,vague,100000.0,ci_lower,data_derived,671,Adm_All,8,28.0
4.0,1.0,4,vague,100000.0,ci_lower,data_derived,671,Adm_0_5,8,24.5
4.0,1.0,4,vague,100000.0,ci_lower,data_derived,671,Adm_6_11,8,24.5
4.0,1.0,4,vague,100000.0,ci_lower,data_derived,671,Adm_12_17,8,24.5
4.0,1.0,4,vague,100000.0,ci_lower,data_derived,671,Adm_18_49,8,7.0
4.0,1.0,4,vague,100000.0,ci_lower,data_derived,671,Adm_50_64,8,10.5
4.0,1.0,4,vague,100000.0,ci_lower,data_derived,671,Adm_65_higher,8,24.5
4.0,1.0,4,weak_wide,1000.0,posterior_mean,chp_operational,672,ILI_PMP,8,42.0
4.0,1.0,4,weak_wide,1000.0,posterior_mean,chp_operational,672,ILI_AED,8,35.0
4.0,1.0,4,weak_wide,1000.0,posterior_mean,chp_operational,672,ILI_CMP,8,38.5
4.0,1.0,4,weak_wide,1000.0,posterior_mean,chp_operational,672,ILI_School,8,28.0
4.0,1.0,4,weak_wide,1000.0,posterior_mean,chp_operational,672,ILI_NonSchool,8,24.5
4.0,1.0,4,weak_wide,1000.0,posterior_mean,chp_operational,672,Fever_RCHE,8,42.0
4.0,1.0,4,weak_wide,1000.0,posterior_mean,chp_operational,672,Adm_All,8,35.0
4.0,1.0,4,weak_wide,1000.0,posterior_mean,chp_operational,672,Adm_0_5,8,28.0
4.0,1.0,4,weak_wide,1000.0,posterior_mean,chp_operational,672,Adm_6_11,8,42.0
4.0,1.0,4,weak_wide,1000.0,posterior_mean,chp_operational,672,Adm_12_17,8,42.0
4.0,1.0,4,weak_wide,1000.0,posterior_mean,chp_operational,672,Adm_18_49,8,35.0
4.0,1.0,4,weak_wide,1000.0,posterior_mean,chp_operational,672,Adm_50_64,8,35.0
4.0,1.0,4,weak_wide,1000.0,posterior_mean,chp_operational,672,Adm_65_higher,8,24.5
4.0,1.0,4,weak_wide,1000.0,posterior_mean,data_derived,673,ILI_PMP,8,42.0
4.0,1.0,4,weak_wide,1000.0,posterior_mean,data_derived,673,ILI_AED,8,35.0
4.0,1.0,4,weak_wide,1000.0,posterior_mean,data_derived,673,ILI_CMP,8,38.5
4.0,1.0,4,weak_wide,1000.0,posterior_mean,data_derived,673,ILI_School,8,28.0
4.0,1.0,4,weak_wide,1000.0,posterior_mean,data_derived,673,ILI_NonSchool,8,24.5
4.0,1.0,4,weak_wide,1000.0,posterior_mean,data_derived,673,Fever_RCHE,8,42.0
4.0,1.0,4,weak_wide,1000.0,posterior_mean,data_derived,673,Adm_All,8,35.0
4.0,1.0,4,weak_wide,1000.0,posterior_mean,data_derived,673,Adm_0_5,8,28.0
4.0,1.0,4,weak_wide,1000.0,posterior_mean,data_derived,673,Adm_6_11,8,42.0
4.0,1.0,4,weak_wide,1000.0,posterior_mean,data_derived,673,Adm_12_17,8,42.0
4.0,1.0,4,weak_wide,1000.0,posterior_mean,data_derived,673,Adm_18_49,8,35.0
4.0,1.0,4,weak_wide,1000.0,posterior_mean,data_derived,673,Adm_50_64,8,35.0
4.0,1.0,4,weak_wide,1000.0,posterior_mean,data_derived,673,Adm_65_higher,8,24.5
4.0,1.0,4,weak_wide,1000.0,ci_lower,chp_operational,674,ILI_PMP,8,42.0
4.0,1.0,4,weak_wide,1000.0,ci_lower,chp_operational,674,ILI_AED,8,35.0
4.0,1.0,4,weak_wide,1000.0,ci_lower,chp_operational,674,ILI_CMP,8,35.0
4.0,1.0,4,weak_wide,1000.0,ci_lower,chp_operational,674,ILI_School,8,28.0
4.0,1.0,4,weak_wide,1000.0,ci_lower,chp_operational,674,ILI_NonSchool,8,10.5
4.0,1.0,4,weak_wide,1000.0,ci_lower,chp_operational,674,Fever_RCHE,0,
4.0,1.0,4,weak_wide,1000.0,ci_lower,chp_operational,674,Adm_All,8,17.5
4.0,1.0,4,weak_wide,1000.0,ci_lower,chp_operational,674,Adm_0_5,8,24.5
4.0,1.0,4,weak_wide,1000.0,ci_lower,chp_operational,674,Adm_6_11,8,24.5
4.0,1.0,4,weak_wide,1000.0,ci_lower,chp_operational,674,Adm_12_17,8,24.5
4.0,1.0,4,weak_wide,1000.0,ci_lower,chp_operational,674,Adm_18_49,8,7.0
4.0,1.0,4,weak_wide,1000.0,ci_lower,chp_operational,674,Adm_50_64,8,17.5
4.0,1.0,4,weak_wide,1000.0,ci_lower,chp_operational,674,Adm_65_higher,8,21.0
4.0,1.0,4,weak_wide,1000.0,ci_lower,data_derived,675,ILI_PMP,8,42.0
4.0,1.0,4,weak_wide,1000.0,ci_lower,data_derived,675,ILI_AED,8,35.0
4.0,1.0,4,weak_wide,1000.0,ci_lower,data_derived,675,ILI_CMP,8,35.0
4.0,1.0,4,weak_wide,1000.0,ci_lower,data_derived,675,ILI_School,8,28.0
4.0,1.0,4,weak_wide,1000.0,ci_lower,data_derived,675,ILI_NonSchool,8,10.5
4.0,1.0,4,weak_wide,1000.0,ci_lower,data_derived,675,Fever_RCHE,0,
4.0,1.0,4,weak_wide,1000.0,ci_lower,data_derived,675,Adm_All,8,17.5
4.0,1.0,4,weak_wide,1000.0,ci_lower,data_derived,675,Adm_0_5,8,24.5
4.0,1.0,4,weak_wide,1000.0,ci_lower,data_derived,675,Adm_6_11,8,24.5
4.0,1.0,4,weak_wide,1000.0,ci_lower,data_derived,675,Adm_12_17,8,24.5
4.0,1.0,4,weak_wide,1000.0,ci_lower,data_derived,675,Adm_18_49,8,7.0
4.0,1.0,4,weak_wide,1000.0,ci_lower,data_derived,675,Adm_50_64,8,17.5
4.0,1.0,4,weak_wide,1000.0,ci_lower,data_derived,675,Adm_65_higher,8,21.0
4.0,1.0,4,weak_wide,10000.0,posterior_mean,chp_operational,676,ILI_PMP,8,42.0
4.0,1.0,4,weak_wide,10000.0,posterior_mean,chp_operational,676,ILI_AED,8,35.0
4.0,1.0,4,weak_wide,10000.0,posterior_mean,chp_operational,676,ILI_CMP,8,38.5
4.0,1.0,4,weak_wide,10000.0,posterior_mean,chp_operational,676,ILI_School,8,28.0
4.0,1.0,4,weak_wide,10000.0,posterior_mean,chp_operational,676,ILI_NonSchool,8,24.5
4.0,1.0,4,weak_wide,10000.0,posterior_mean,chp_operational,676,Fever_RCHE,8,42.0
4.0,1.0,4,weak_wide,10000.0,posterior_mean,chp_operational,676,Adm_All,8,35.0
4.0,1.0,4,weak_wide,10000.0,posterior_mean,chp_operational,676,Adm_0_5,8,24.5
4.0,1.0,4,weak_wide,10000.0,posterior_mean,chp_operational,676,Adm_6_11,8,38.5
4.0,1.0,4,weak_wide,10000.0,posterior_mean,chp_operational,676,Adm_12_17,8,42.0
4.0,1.0,4,weak_wide,10000.0,posterior_mean,chp_operational,676,Adm_18_49,8,35.0
4.0,1.0,4,weak_wide,10000.0,posterior_mean,chp_operational,676,Adm_50_64,8,35.0
4.0,1.0,4,weak_wide,10000.0,posterior_mean,chp_operational,676,Adm_65_higher,8,24.5
4.0,1.0,4,weak_wide,10000.0,posterior_mean,data_derived,677,ILI_PMP,8,42.0
4.0,1.0,4,weak_wide,10000.0,posterior_mean,data_derived,677,ILI_AED,8,35.0
4.0,1.0,4,weak_wide,10000.0,posterior_mean,data_derived,677,ILI_CMP,8,38.5
4.0,1.0,4,weak_wide,10000.0,posterior_mean,data_derived,677,ILI_School,8,28.0
4.0,1.0,4,weak_wide,10000.0,posterior_mean,data_derived,677,ILI_NonSchool,8,24.5
4.0,1.0,4,weak_wide,10000.0,posterior_mean,data_derived,677,Fever_RCHE,8,42.0
4.0,1.0,4,weak_wide,10000.0,posterior_mean,data_derived,677,Adm_All,8,35.0
4.0,1.0,4,weak_wide,10000.0,posterior_mean,data_derived,677,Adm_0_5,8,24.5
4.0,1.0,4,weak_wide,10000.0,posterior_mean,data_derived,677,Adm_6_11,8,38.5
4.0,1.0,4,weak_wide,10000.0,posterior_mean,data_derived,677,Adm_12_17,8,42.0
4.0,1.0,4,weak_wide,10000.0,posterior_mean,data_derived,677,Adm_18_49,8,35.0
4.0,1.0,4,weak_wide,10000.0,posterior_mean,data_derived,677,Adm_50_64,8,35.0
4.0,1.0,4,weak_wide,10000.0,posterior_mean,data_derived,677,Adm_65_higher,8,24.5
4.0,1.0,4,weak_wide,10000.0,ci_lower,chp_operational,678,ILI_PMP,8,42.0
4.0,1.0,4,weak_wide,10000.0,ci_lower,chp_operational,678,ILI_AED,8,35.0
4.0,1.0,4,weak_wide,10000.0,ci_lower,chp_operational,678,ILI_CMP,8,35.0
4.0,1.0,4,weak_wide,10000.0,ci_lower,chp_operational,678,ILI_School,8,28.0
4.0,1.0,4,weak_wide,10000.0,ci_lower,chp_operational,678,ILI_NonSchool,8,10.5
4.0,1.0,4,weak_wide,10000.0,ci_lower,chp_operational,678,Fever_RCHE,4,-45.5
4.0,1.0,4,weak_wide,10000.0,ci_lower,chp_operational,678,Adm_All,8,31.5
4.0,1.0,4,weak_wide,10000.0,ci_lower,chp_operational,678,Adm_0_5,8,24.5
4.0,1.0,4,weak_wide,10000.0,ci_lower,chp_operational,678,Adm_6_11,8,24.5
4.0,1.0,4,weak_wide,10000.0,ci_lower,chp_operational,678,Adm_12_17,8,24.5
4.0,1.0,4,weak_wide,10000.0,ci_lower,chp_operational,678,Adm_18_49,8,35.0
4.0,1.0,4,weak_wide,10000.0,ci_lower,chp_operational,678,Adm_50_64,8,17.5
4.0,1.0,4,weak_wide,10000.0,ci_lower,chp_operational,678,Adm_65_higher,8,24.5
4.0,1.0,4,weak_wide,10000.0,ci_lower,data_derived,679,ILI_PMP,8,42.0
4.0,1.0,4,weak_wide,10000.0,ci_lower,data_derived,679,ILI_AED,8,35.0
4.0,1.0,4,weak_wide,10000.0,ci_lower,data_derived,679,ILI_CMP,8,35.0
4.0,1.0,4,weak_wide,10000.0,ci_lower,data_derived,679,ILI_School,8,28.0
4.0,1.0,4,weak_wide,10000.0,ci_lower,data_derived,679,ILI_NonSchool,8,10.5
4.0,1.0,4,weak_wide,10000.0,ci_lower,data_derived,679,Fever_RCHE,4,-38.5
4.0,1.0,4,weak_wide,10000.0,ci_lower,data_derived,679,Adm_All,8,31.5
4.0,1.0,4,weak_wide,10000.0,ci_lower,data_derived,679,Adm_0_5,8,24.5
4.0,1.0,4,weak_wide,10000.0,ci_lower,data_derived,679,Adm_6_11,8,24.5
4.0,1.0,4,weak_wide,10000.0,ci_lower,data_derived,679,Adm_12_17,8,24.5
4.0,1.0,4,weak_wide,10000.0,ci_lower,data_derived,679,Adm_18_49,8,35.0
4.0,1.0,4,weak_wide,10000.0,ci_lower,data_derived,679,Adm_50_64,8,17.5
4.0,1.0,4,weak_wide,10000.0,ci_lower,data_derived,679,Adm_65_higher,8,24.5
4.0,1.0,4,weak_wide,100000.0,posterior_mean,chp_operational,680,ILI_PMP,8,42.0
4.0,1.0,4,weak_wide,100000.0,posterior_mean,chp_operational,680,ILI_AED,8,35.0
4.0,1.0,4,weak_wide,100000.0,posterior_mean,chp_operational,680,ILI_CMP,8,38.5
4.0,1.0,4,weak_wide,100000.0,posterior_mean,chp_operational,680,ILI_School,8,28.0
4.0,1.0,4,weak_wide,100000.0,posterior_mean,chp_operational,680,ILI_NonSchool,8,24.5
4.0,1.0,4,weak_wide,100000.0,posterior_mean,chp_operational,680,Fever_RCHE,8,42.0
4.0,1.0,4,weak_wide,100000.0,posterior_mean,chp_operational,680,Adm_All,8,35.0
4.0,1.0,4,weak_wide,100000.0,posterior_mean,chp_operational,680,Adm_0_5,8,24.5
4.0,1.0,4,weak_wide,100000.0,posterior_mean,chp_operational,680,Adm_6_11,8,38.5
4.0,1.0,4,weak_wide,100000.0,posterior_mean,chp_operational,680,Adm_12_17,8,42.0
4.0,1.0,4,weak_wide,100000.0,posterior_mean,chp_operational,680,Adm_18_49,8,35.0
4.0,1.0,4,weak_wide,100000.0,posterior_mean,chp_operational,680,Adm_50_64,8,31.5
4.0,1.0,4,weak_wide,100000.0,posterior_mean,chp_operational,680,Adm_65_higher,8,24.5
4.0,1.0,4,weak_wide,100000.0,posterior_mean,data_derived,681,ILI_PMP,8,42.0
4.0,1.0,4,weak_wide,100000.0,posterior_mean,data_derived,681,ILI_AED,8,35.0
4.0,1.0,4,weak_wide,100000.0,posterior_mean,data_derived,681,ILI_CMP,8,38.5
4.0,1.0,4,weak_wide,100000.0,posterior_mean,data_derived,681,ILI_School,8,28.0
4.0,1.0,4,weak_wide,100000.0,posterior_mean,data_derived,681,ILI_NonSchool,8,24.5
4.0,1.0,4,weak_wide,100000.0,posterior_mean,data_derived,681,Fever_RCHE,8,42.0
4.0,1.0,4,weak_wide,100000.0,posterior_mean,data_derived,681,Adm_All,8,35.0
4.0,1.0,4,weak_wide,100000.0,posterior_mean,data_derived,681,Adm_0_5,8,24.5
4.0,1.0,4,weak_wide,100000.0,posterior_mean,data_derived,681,Adm_6_11,8,38.5
4.0,1.0,4,weak_wide,100000.0,posterior_mean,data_derived,681,Adm_12_17,8,42.0
4.0,1.0,4,weak_wide,100000.0,posterior_mean,data_derived,681,Adm_18_49,8,35.0
4.0,1.0,4,weak_wide,100000.0,posterior_mean,data_derived,681,Adm_50_64,8,31.5
4.0,1.0,4,weak_wide,100000.0,posterior_mean,data_derived,681,Adm_65_higher,8,24.5
4.0,1.0,4,weak_wide,100000.0,ci_lower,chp_operational,682,ILI_PMP,8,42.0
4.0,1.0,4,weak_wide,100000.0,ci_lower,chp_operational,682,ILI_AED,8,35.0
4.0,1.0,4,weak_wide,100000.0,ci_lower,chp_operational,682,ILI_CMP,8,38.5
4.0,1.0,4,weak_wide,100000.0,ci_lower,chp_operational,682,ILI_School,8,28.0
4.0,1.0,4,weak_wide,100000.0,ci_lower,chp_operational,682,ILI_NonSchool,8,10.5
4.0,1.0,4,weak_wide,100000.0,ci_lower,chp_operational,682,Fever_RCHE,8,7.0
4.0,1.0,4,weak_wide,100000.0,ci_lower,chp_operational,682,Adm_All,8,31.5
4.0,1.0,4,weak_wide,100000.0,ci_lower,chp_operational,682,Adm_0_5,8,24.5
4.0,1.0,4,weak_wide,100000.0,ci_lower,chp_operational,682,Adm_6_11,8,24.5
4.0,1.0,4,weak_wide,100000.0,ci_lower,chp_operational,682,Adm_12_17,8,24.5
4.0,1.0,4,weak_wide,100000.0,ci_lower,chp_operational,682,Adm_18_49,8,35.0
4.0,1.0,4,weak_wide,100000.0,ci_lower,chp_operational,682,Adm_50_64,8,17.5
4.0,1.0,4,weak_wide,100000.0,ci_lower,chp_operational,682,Adm_65_higher,8,24.5
4.0,1.0,4,weak_wide,100000.0,ci_lower,data_derived,683,ILI_PMP,8,42.0
4.0,1.0,4,weak_wide,100000.0,ci_lower,data_derived,683,ILI_AED,8,35.0
4.0,1.0,4,weak_wide,100000.0,ci_lower,data_derived,683,ILI_CMP,8,38.5
4.0,1.0,4,weak_wide,100000.0,ci_lower,data_derived,683,ILI_School,8,28.0
4.0,1.0,4,weak_wide,100000.0,ci_lower,data_derived,683,ILI_NonSchool,8,10.5
4.0,1.0,4,weak_wide,100000.0,ci_lower,data_derived,683,Fever_RCHE,8,7.0
4.0,1.0,4,weak_wide,100000.0,ci_lower,data_derived,683,Adm_All,8,31.5
4.0,1.0,4,weak_wide,100000.0,ci_lower,data_derived,683,Adm_0_5,8,24.5
4.0,1.0,4,weak_wide,100000.0,ci_lower,data_derived,683,Adm_6_11,8,24.5
4.0,1.0,4,weak_wide,100000.0,ci_lower,data_derived,683,Adm_12_17,8,24.5
4.0,1.0,4,weak_wide,100000.0,ci_lower,data_derived,683,Adm_18_49,8,35.0
4.0,1.0,4,weak_wide,100000.0,ci_lower,data_derived,683,Adm_50_64,8,17.5
4.0,1.0,4,weak_wide,100000.0,ci_lower,data_derived,683,Adm_65_higher,8,24.5
4.0,1.0,6,v7,1000.0,posterior_mean,chp_operational,684,ILI_PMP,8,28.0
4.0,1.0,6,v7,1000.0,posterior_mean,chp_operational,684,ILI_AED,8,28.0
4.0,1.0,6,v7,1000.0,posterior_mean,chp_operational,684,ILI_CMP,8,24.5
4.0,1.0,6,v7,1000.0,posterior_mean,chp_operational,684,ILI_School,8,21.0
4.0,1.0,6,v7,1000.0,posterior_mean,chp_operational,684,ILI_NonSchool,8,10.5
4.0,1.0,6,v7,1000.0,posterior_mean,chp_operational,684,Fever_RCHE,0,
4.0,1.0,6,v7,1000.0,posterior_mean,chp_operational,684,Adm_All,8,17.5
4.0,1.0,6,v7,1000.0,posterior_mean,chp_operational,684,Adm_0_5,8,21.0
4.0,1.0,6,v7,1000.0,posterior_mean,chp_operational,684,Adm_6_11,8,17.5
4.0,1.0,6,v7,1000.0,posterior_mean,chp_operational,684,Adm_12_17,8,14.0
4.0,1.0,6,v7,1000.0,posterior_mean,chp_operational,684,Adm_18_49,8,7.0
4.0,1.0,6,v7,1000.0,posterior_mean,chp_operational,684,Adm_50_64,8,21.0
4.0,1.0,6,v7,1000.0,posterior_mean,chp_operational,684,Adm_65_higher,8,17.5
4.0,1.0,6,v7,1000.0,posterior_mean,data_derived,685,ILI_PMP,8,28.0
4.0,1.0,6,v7,1000.0,posterior_mean,data_derived,685,ILI_AED,8,28.0
4.0,1.0,6,v7,1000.0,posterior_mean,data_derived,685,ILI_CMP,8,24.5
4.0,1.0,6,v7,1000.0,posterior_mean,data_derived,685,ILI_School,8,21.0
4.0,1.0,6,v7,1000.0,posterior_mean,data_derived,685,ILI_NonSchool,8,10.5
4.0,1.0,6,v7,1000.0,posterior_mean,data_derived,685,Fever_RCHE,0,
4.0,1.0,6,v7,1000.0,posterior_mean,data_derived,685,Adm_All,8,17.5
4.0,1.0,6,v7,1000.0,posterior_mean,data_derived,685,Adm_0_5,8,21.0
4.0,1.0,6,v7,1000.0,posterior_mean,data_derived,685,Adm_6_11,8,17.5
4.0,1.0,6,v7,1000.0,posterior_mean,data_derived,685,Adm_12_17,8,14.0
4.0,1.0,6,v7,1000.0,posterior_mean,data_derived,685,Adm_18_49,8,7.0
4.0,1.0,6,v7,1000.0,posterior_mean,data_derived,685,Adm_50_64,8,21.0
4.0,1.0,6,v7,1000.0,posterior_mean,data_derived,685,Adm_65_higher,8,17.5
4.0,1.0,6,v7,1000.0,ci_lower,chp_operational,686,ILI_PMP,8,28.0
4.0,1.0,6,v7,1000.0,ci_lower,chp_operational,686,ILI_AED,8,28.0
4.0,1.0,6,v7,1000.0,ci_lower,chp_operational,686,ILI_CMP,8,3.5
4.0,1.0,6,v7,1000.0,ci_lower,chp_operational,686,ILI_School,8,21.0
4.0,1.0,6,v7,1000.0,ci_lower,chp_operational,686,ILI_NonSchool,8,10.5
4.0,1.0,6,v7,1000.0,ci_lower,chp_operational,686,Fever_RCHE,0,
4.0,1.0,6,v7,1000.0,ci_lower,chp_operational,686,Adm_All,8,10.5
4.0,1.0,6,v7,1000.0,ci_lower,chp_operational,686,Adm_0_5,8,10.5
4.0,1.0,6,v7,1000.0,ci_lower,chp_operational,686,Adm_6_11,8,14.0
4.0,1.0,6,v7,1000.0,ci_lower,chp_operational,686,Adm_12_17,8,14.0
4.0,1.0,6,v7,1000.0,ci_lower,chp_operational,686,Adm_18_49,8,-7.0
4.0,1.0,6,v7,1000.0,ci_lower,chp_operational,686,Adm_50_64,8,3.5
4.0,1.0,6,v7,1000.0,ci_lower,chp_operational,686,Adm_65_higher,8,14.0
4.0,1.0,6,v7,1000.0,ci_lower,data_derived,687,ILI_PMP,8,28.0
4.0,1.0,6,v7,1000.0,ci_lower,data_derived,687,ILI_AED,8,28.0
4.0,1.0,6,v7,1000.0,ci_lower,data_derived,687,ILI_CMP,8,3.5
4.0,1.0,6,v7,1000.0,ci_lower,data_derived,687,ILI_School,8,21.0
4.0,1.0,6,v7,1000.0,ci_lower,data_derived,687,ILI_NonSchool,8,10.5
4.0,1.0,6,v7,1000.0,ci_lower,data_derived,687,Fever_RCHE,0,
4.0,1.0,6,v7,1000.0,ci_lower,data_derived,687,Adm_All,8,10.5
4.0,1.0,6,v7,1000.0,ci_lower,data_derived,687,Adm_0_5,8,10.5
4.0,1.0,6,v7,1000.0,ci_lower,data_derived,687,Adm_6_11,8,14.0
4.0,1.0,6,v7,1000.0,ci_lower,data_derived,687,Adm_12_17,8,14.0
4.0,1.0,6,v7,1000.0,ci_lower,data_derived,687,Adm_18_49,8,-3.5
4.0,1.0,6,v7,1000.0,ci_lower,data_derived,687,Adm_50_64,8,7.0
4.0,1.0,6,v7,1000.0,ci_lower,data_derived,687,Adm_65_higher,8,17.5
4.0,1.0,6,v7,10000.0,posterior_mean,chp_operational,688,ILI_PMP,8,28.0
4.0,1.0,6,v7,10000.0,posterior_mean,chp_operational,688,ILI_AED,8,28.0
4.0,1.0,6,v7,10000.0,posterior_mean,chp_operational,688,ILI_CMP,8,24.5
4.0,1.0,6,v7,10000.0,posterior_mean,chp_operational,688,ILI_School,8,21.0
4.0,1.0,6,v7,10000.0,posterior_mean,chp_operational,688,ILI_NonSchool,8,10.5
4.0,1.0,6,v7,10000.0,posterior_mean,chp_operational,688,Fever_RCHE,8,-31.5
4.0,1.0,6,v7,10000.0,posterior_mean,chp_operational,688,Adm_All,8,21.0
4.0,1.0,6,v7,10000.0,posterior_mean,chp_operational,688,Adm_0_5,8,21.0
4.0,1.0,6,v7,10000.0,posterior_mean,chp_operational,688,Adm_6_11,8,17.5
4.0,1.0,6,v7,10000.0,posterior_mean,chp_operational,688,Adm_12_17,8,14.0
4.0,1.0,6,v7,10000.0,posterior_mean,chp_operational,688,Adm_18_49,8,24.5
4.0,1.0,6,v7,10000.0,posterior_mean,chp_operational,688,Adm_50_64,8,21.0
4.0,1.0,6,v7,10000.0,posterior_mean,chp_operational,688,Adm_65_higher,8,17.5
4.0,1.0,6,v7,10000.0,posterior_mean,data_derived,689,ILI_PMP,8,28.0
4.0,1.0,6,v7,10000.0,posterior_mean,data_derived,689,ILI_AED,8,28.0
4.0,1.0,6,v7,10000.0,posterior_mean,data_derived,689,ILI_CMP,8,24.5
4.0,1.0,6,v7,10000.0,posterior_mean,data_derived,689,ILI_School,8,21.0
4.0,1.0,6,v7,10000.0,posterior_mean,data_derived,689,ILI_NonSchool,8,10.5
4.0,1.0,6,v7,10000.0,posterior_mean,data_derived,689,Fever_RCHE,8,-28.0
4.0,1.0,6,v7,10000.0,posterior_mean,data_derived,689,Adm_All,8,21.0
4.0,1.0,6,v7,10000.0,posterior_mean,data_derived,689,Adm_0_5,8,21.0
4.0,1.0,6,v7,10000.0,posterior_mean,data_derived,689,Adm_6_11,8,17.5
4.0,1.0,6,v7,10000.0,posterior_mean,data_derived,689,Adm_12_17,8,14.0
4.0,1.0,6,v7,10000.0,posterior_mean,data_derived,689,Adm_18_49,8,24.5
4.0,1.0,6,v7,10000.0,posterior_mean,data_derived,689,Adm_50_64,8,21.0
4.0,1.0,6,v7,10000.0,posterior_mean,data_derived,689,Adm_65_higher,8,17.5
4.0,1.0,6,v7,10000.0,ci_lower,chp_operational,690,ILI_PMP,8,28.0
4.0,1.0,6,v7,10000.0,ci_lower,chp_operational,690,ILI_AED,8,28.0
4.0,1.0,6,v7,10000.0,ci_lower,chp_operational,690,ILI_CMP,8,3.5
4.0,1.0,6,v7,10000.0,ci_lower,chp_operational,690,ILI_School,8,21.0
4.0,1.0,6,v7,10000.0,ci_lower,chp_operational,690,ILI_NonSchool,8,10.5
4.0,1.0,6,v7,10000.0,ci_lower,chp_operational,690,Fever_RCHE,0,
4.0,1.0,6,v7,10000.0,ci_lower,chp_operational,690,Adm_All,8,21.0
4.0,1.0,6,v7,10000.0,ci_lower,chp_operational,690,Adm_0_5,8,21.0
4.0,1.0,6,v7,10000.0,ci_lower,chp_operational,690,Adm_6_11,8,17.5
4.0,1.0,6,v7,10000.0,ci_lower,chp_operational,690,Adm_12_17,8,14.0
4.0,1.0,6,v7,10000.0,ci_lower,chp_operational,690,Adm_18_49,8,14.0
4.0,1.0,6,v7,10000.0,ci_lower,chp_operational,690,Adm_50_64,8,21.0
4.0,1.0,6,v7,10000.0,ci_lower,chp_operational,690,Adm_65_higher,8,17.5
4.0,1.0,6,v7,10000.0,ci_lower,data_derived,691,ILI_PMP,8,28.0
4.0,1.0,6,v7,10000.0,ci_lower,data_derived,691,ILI_AED,8,28.0
4.0,1.0,6,v7,10000.0,ci_lower,data_derived,691,ILI_CMP,8,3.5
4.0,1.0,6,v7,10000.0,ci_lower,data_derived,691,ILI_School,8,21.0
4.0,1.0,6,v7,10000.0,ci_lower,data_derived,691,ILI_NonSchool,8,10.5
4.0,1.0,6,v7,10000.0,ci_lower,data_derived,691,Fever_RCHE,0,
4.0,1.0,6,v7,10000.0,ci_lower,data_derived,691,Adm_All,8,21.0
4.0,1.0,6,v7,10000.0,ci_lower,data_derived,691,Adm_0_5,8,21.0
4.0,1.0,6,v7,10000.0,ci_lower,data_derived,691,Adm_6_11,8,17.5
4.0,1.0,6,v7,10000.0,ci_lower,data_derived,691,Adm_12_17,8,14.0
4.0,1.0,6,v7,10000.0,ci_lower,data_derived,691,Adm_18_49,8,14.0
4.0,1.0,6,v7,10000.0,ci_lower,data_derived,691,Adm_50_64,8,21.0
4.0,1.0,6,v7,10000.0,ci_lower,data_derived,691,Adm_65_higher,8,17.5
4.0,1.0,6,v7,100000.0,posterior_mean,chp_operational,692,ILI_PMP,8,28.0
4.0,1.0,6,v7,100000.0,posterior_mean,chp_operational,692,ILI_AED,8,28.0
4.0,1.0,6,v7,100000.0,posterior_mean,chp_operational,692,ILI_CMP,8,24.5
4.0,1.0,6,v7,100000.0,posterior_mean,chp_operational,692,ILI_School,8,21.0
4.0,1.0,6,v7,100000.0,posterior_mean,chp_operational,692,ILI_NonSchool,8,10.5
4.0,1.0,6,v7,100000.0,posterior_mean,chp_operational,692,Fever_RCHE,8,21.0
4.0,1.0,6,v7,100000.0,posterior_mean,chp_operational,692,Adm_All,8,21.0
4.0,1.0,6,v7,100000.0,posterior_mean,chp_operational,692,Adm_0_5,8,21.0
4.0,1.0,6,v7,100000.0,posterior_mean,chp_operational,692,Adm_6_11,8,17.5
4.0,1.0,6,v7,100000.0,posterior_mean,chp_operational,692,Adm_12_17,8,14.0
4.0,1.0,6,v7,100000.0,posterior_mean,chp_operational,692,Adm_18_49,8,24.5
4.0,1.0,6,v7,100000.0,posterior_mean,chp_operational,692,Adm_50_64,8,21.0
4.0,1.0,6,v7,100000.0,posterior_mean,chp_operational,692,Adm_65_higher,8,17.5
4.0,1.0,6,v7,100000.0,posterior_mean,data_derived,693,ILI_PMP,8,28.0
4.0,1.0,6,v7,100000.0,posterior_mean,data_derived,693,ILI_AED,8,28.0
4.0,1.0,6,v7,100000.0,posterior_mean,data_derived,693,ILI_CMP,8,24.5
4.0,1.0,6,v7,100000.0,posterior_mean,data_derived,693,ILI_School,8,21.0
4.0,1.0,6,v7,100000.0,posterior_mean,data_derived,693,ILI_NonSchool,8,10.5
4.0,1.0,6,v7,100000.0,posterior_mean,data_derived,693,Fever_RCHE,8,21.0
4.0,1.0,6,v7,100000.0,posterior_mean,data_derived,693,Adm_All,8,21.0
4.0,1.0,6,v7,100000.0,posterior_mean,data_derived,693,Adm_0_5,8,21.0
4.0,1.0,6,v7,100000.0,posterior_mean,data_derived,693,Adm_6_11,8,17.5
4.0,1.0,6,v7,100000.0,posterior_mean,data_derived,693,Adm_12_17,8,14.0
4.0,1.0,6,v7,100000.0,posterior_mean,data_derived,693,Adm_18_49,8,24.5
4.0,1.0,6,v7,100000.0,posterior_mean,data_derived,693,Adm_50_64,8,21.0
4.0,1.0,6,v7,100000.0,posterior_mean,data_derived,693,Adm_65_higher,8,17.5
4.0,1.0,6,v7,100000.0,ci_lower,chp_operational,694,ILI_PMP,8,28.0
4.0,1.0,6,v7,100000.0,ci_lower,chp_operational,694,ILI_AED,8,28.0
4.0,1.0,6,v7,100000.0,ci_lower,chp_operational,694,ILI_CMP,8,24.5
4.0,1.0,6,v7,100000.0,ci_lower,chp_operational,694,ILI_School,8,21.0
4.0,1.0,6,v7,100000.0,ci_lower,chp_operational,694,ILI_NonSchool,8,10.5
4.0,1.0,6,v7,100000.0,ci_lower,chp_operational,694,Fever_RCHE,8,-31.5
4.0,1.0,6,v7,100000.0,ci_lower,chp_operational,694,Adm_All,8,21.0
4.0,1.0,6,v7,100000.0,ci_lower,chp_operational,694,Adm_0_5,8,21.0
4.0,1.0,6,v7,100000.0,ci_lower,chp_operational,694,Adm_6_11,8,17.5
4.0,1.0,6,v7,100000.0,ci_lower,chp_operational,694,Adm_12_17,8,14.0
4.0,1.0,6,v7,100000.0,ci_lower,chp_operational,694,Adm_18_49,8,24.5
4.0,1.0,6,v7,100000.0,ci_lower,chp_operational,694,Adm_50_64,8,21.0
4.0,1.0,6,v7,100000.0,ci_lower,chp_operational,694,Adm_65_higher,8,17.5
4.0,1.0,6,v7,100000.0,ci_lower,data_derived,695,ILI_PMP,8,28.0
4.0,1.0,6,v7,100000.0,ci_lower,data_derived,695,ILI_AED,8,28.0
4.0,1.0,6,v7,100000.0,ci_lower,data_derived,695,ILI_CMP,8,24.5
4.0,1.0,6,v7,100000.0,ci_lower,data_derived,695,ILI_School,8,21.0
4.0,1.0,6,v7,100000.0,ci_lower,data_derived,695,ILI_NonSchool,8,10.5
4.0,1.0,6,v7,100000.0,ci_lower,data_derived,695,Fever_RCHE,8,-28.0
4.0,1.0,6,v7,100000.0,ci_lower,data_derived,695,Adm_All,8,21.0
4.0,1.0,6,v7,100000.0,ci_lower,data_derived,695,Adm_0_5,8,21.0
4.0,1.0,6,v7,100000.0,ci_lower,data_derived,695,Adm_6_11,8,17.5
4.0,1.0,6,v7,100000.0,ci_lower,data_derived,695,Adm_12_17,8,14.0
4.0,1.0,6,v7,100000.0,ci_lower,data_derived,695,Adm_18_49,8,24.5
4.0,1.0,6,v7,100000.0,ci_lower,data_derived,695,Adm_50_64,8,21.0
4.0,1.0,6,v7,100000.0,ci_lower,data_derived,695,Adm_65_higher,8,17.5
4.0,1.0,6,vague,1000.0,posterior_mean,chp_operational,696,ILI_PMP,8,28.0
4.0,1.0,6,vague,1000.0,posterior_mean,chp_operational,696,ILI_AED,8,28.0
4.0,1.0,6,vague,1000.0,posterior_mean,chp_operational,696,ILI_CMP,6,-45.5
4.0,1.0,6,vague,1000.0,posterior_mean,chp_operational,696,ILI_School,8,21.0
4.0,1.0,6,vague,1000.0,posterior_mean,chp_operational,696,ILI_NonSchool,8,7.0
4.0,1.0,6,vague,1000.0,posterior_mean,chp_operational,696,Fever_RCHE,0,
4.0,1.0,6,vague,1000.0,posterior_mean,chp_operational,696,Adm_All,4,-35.0
4.0,1.0,6,vague,1000.0,posterior_mean,chp_operational,696,Adm_0_5,8,-10.5
4.0,1.0,6,vague,1000.0,posterior_mean,chp_operational,696,Adm_6_11,6,-38.5
4.0,1.0,6,vague,1000.0,posterior_mean,chp_operational,696,Adm_12_17,4,-122.5
4.0,1.0,6,vague,1000.0,posterior_mean,chp_operational,696,Adm_18_49,0,
4.0,1.0,6,vague,1000.0,posterior_mean,chp_operational,696,Adm_50_64,0,
4.0,1.0,6,vague,1000.0,posterior_mean,chp_operational,696,Adm_65_higher,6,-24.5
4.0,1.0,6,vague,1000.0,posterior_mean,data_derived,697,ILI_PMP,8,28.0
4.0,1.0,6,vague,1000.0,posterior_mean,data_derived,697,ILI_AED,8,28.0
4.0,1.0,6,vague,1000.0,posterior_mean,data_derived,697,ILI_CMP,6,-45.5
4.0,1.0,6,vague,1000.0,posterior_mean,data_derived,697,ILI_School,8,21.0
4.0,1.0,6,vague,1000.0,posterior_mean,data_derived,697,ILI_NonSchool,8,7.0
4.0,1.0,6,vague,1000.0,posterior_mean,data_derived,697,Fever_RCHE,0,
4.0,1.0,6,vague,1000.0,posterior_mean,data_derived,697,Adm_All,4,-35.0
4.0,1.0,6,vague,1000.0,posterior_mean,data_derived,697,Adm_0_5,8,-10.5
4.0,1.0,6,vague,1000.0,posterior_mean,data_derived,697,Adm_6_11,6,-35.0
4.0,1.0,6,vague,1000.0,posterior_mean,data_derived,697,Adm_12_17,4,-122.5
4.0,1.0,6,vague,1000.0,posterior_mean,data_derived,697,Adm_18_49,0,
4.0,1.0,6,vague,1000.0,posterior_mean,data_derived,697,Adm_50_64,0,
4.0,1.0,6,vague,1000.0,posterior_mean,data_derived,697,Adm_65_higher,6,-24.5
4.0,1.0,6,vague,1000.0,ci_lower,chp_operational,698,ILI_PMP,8,28.0
4.0,1.0,6,vague,1000.0,ci_lower,chp_operational,698,ILI_AED,8,28.0
4.0,1.0,6,vague,1000.0,ci_lower,chp_operational,698,ILI_CMP,5,-49.0
4.0,1.0,6,vague,1000.0,ci_lower,chp_operational,698,ILI_School,8,17.5
4.0,1.0,6,vague,1000.0,ci_lower,chp_operational,698,ILI_NonSchool,8,-14.0
4.0,1.0,6,vague,1000.0,ci_lower,chp_operational,698,Fever_RCHE,0,
4.0,1.0,6,vague,1000.0,ci_lower,chp_operational,698,Adm_All,3,-35.0
4.0,1.0,6,vague,1000.0,ci_lower,chp_operational,698,Adm_0_5,8,-14.0
4.0,1.0,6,vague,1000.0,ci_lower,chp_operational,698,Adm_6_11,5,-42.0
4.0,1.0,6,vague,1000.0,ci_lower,chp_operational,698,Adm_12_17,2,-175.0
4.0,1.0,6,vague,1000.0,ci_lower,chp_operational,698,Adm_18_49,0,
4.0,1.0,6,vague,1000.0,ci_lower,chp_operational,698,Adm_50_64,0,
4.0,1.0,6,vague,1000.0,ci_lower,chp_operational,698,Adm_65_higher,6,-24.5
4.0,1.0,6,vague,1000.0,ci_lower,data_derived,699,ILI_PMP,8,28.0
4.0,1.0,6,vague,1000.0,ci_lower,data_derived,699,ILI_AED,8,28.0
4.0,1.0,6,vague,1000.0,ci_lower,data_derived,699,ILI_CMP,5,-49.0
4.0,1.0,6,vague,1000.0,ci_lower,data_derived,699,ILI_School,8,17.5
4.0,1.0,6,vague,1000.0,ci_lower,data_derived,699,ILI_NonSchool,8,-10.5
4.0,1.0,6,vague,1000.0,ci_lower,data_derived,699,Fever_RCHE,0,
4.0,1.0,6,vague,1000.0,ci_lower,data_derived,699,Adm_All,3,-35.0
4.0,1.0,6,vague,1000.0,ci_lower,data_derived,699,Adm_0_5,8,-10.5
4.0,1.0,6,vague,1000.0,ci_lower,data_derived,699,Adm_6_11,5,-35.0
4.0,1.0,6,vague,1000.0,ci_lower,data_derived,699,Adm_12_17,2,-171.5
4.0,1.0,6,vague,1000.0,ci_lower,data_derived,699,Adm_18_49,0,
4.0,1.0,6,vague,1000.0,ci_lower,data_derived,699,Adm_50_64,0,
4.0,1.0,6,vague,1000.0,ci_lower,data_derived,699,Adm_65_higher,6,-24.5
4.0,1.0,6,vague,10000.0,posterior_mean,chp_operational,700,ILI_PMP,8,28.0
4.0,1.0,6,vague,10000.0,posterior_mean,chp_operational,700,ILI_AED,8,28.0
4.0,1.0,6,vague,10000.0,posterior_mean,chp_operational,700,ILI_CMP,8,3.5
4.0,1.0,6,vague,10000.0,posterior_mean,chp_operational,700,ILI_School,8,21.0
4.0,1.0,6,vague,10000.0,posterior_mean,chp_operational,700,ILI_NonSchool,8,10.5
4.0,1.0,6,vague,10000.0,posterior_mean,chp_operational,700,Fever_RCHE,0,
4.0,1.0,6,vague,10000.0,posterior_mean,chp_operational,700,Adm_All,8,-3.5
4.0,1.0,6,vague,10000.0,posterior_mean,chp_operational,700,Adm_0_5,8,10.5
4.0,1.0,6,vague,10000.0,posterior_mean,chp_operational,700,Adm_6_11,8,7.0
4.0,1.0,6,vague,10000.0,posterior_mean,chp_operational,700,Adm_12_17,8,-17.5
4.0,1.0,6,vague,10000.0,posterior_mean,chp_operational,700,Adm_18_49,7,-21.0
4.0,1.0,6,vague,10000.0,posterior_mean,chp_operational,700,Adm_50_64,8,-17.5
4.0,1.0,6,vague,10000.0,posterior_mean,chp_operational,700,Adm_65_higher,8,0.0
4.0,1.0,6,vague,10000.0,posterior_mean,data_derived,701,ILI_PMP,8,28.0
4.0,1.0,6,vague,10000.0,posterior_mean,data_derived,701,ILI_AED,8,28.0
4.0,1.0,6,vague,10000.0,posterior_mean,data_derived,701,ILI_CMP,8,3.5
4.0,1.0,6,vague,10000.0,posterior_mean,data_derived,701,ILI_School,8,21.0
4.0,1.0,6,vague,10000.0,posterior_mean,data_derived,701,ILI_NonSchool,8,10.5
4.0,1.0,6,vague,10000.0,posterior_mean,data_derived,701,Fever_RCHE,0,
4.0,1.0,6,vague,10000.0,posterior_mean,data_derived,701,Adm_All,8,0.0
4.0,1.0,6,vague,10000.0,posterior_mean,data_derived,701,Adm_0_5,8,10.5
4.0,1.0,6,vague,10000.0,posterior_mean,data_derived,701,Adm_6_11,8,10.5
4.0,1.0,6,vague,10000.0,posterior_mean,data_derived,701,Adm_12_17,8,-14.0
4.0,1.0,6,vague,10000.0,posterior_mean,data_derived,701,Adm_18_49,7,-21.0
4.0,1.0,6,vague,10000.0,posterior_mean,data_derived,701,Adm_50_64,8,-14.0
4.0,1.0,6,vague,10000.0,posterior_mean,data_derived,701,Adm_65_higher,8,3.5
4.0,1.0,6,vague,10000.0,ci_lower,chp_operational,702,ILI_PMP,8,28.0
4.0,1.0,6,vague,10000.0,ci_lower,chp_operational,702,ILI_AED,8,28.0
4.0,1.0,6,vague,10000.0,ci_lower,chp_operational,702,ILI_CMP,8,3.5
4.0,1.0,6,vague,10000.0,ci_lower,chp_operational,702,ILI_School,8,21.0
4.0,1.0,6,vague,10000.0,ci_lower,chp_operational,702,ILI_NonSchool,8,10.5
4.0,1.0,6,vague,10000.0,ci_lower,chp_operational,702,Fever_RCHE,0,
4.0,1.0,6,vague,10000.0,ci_lower,chp_operational,702,Adm_All,8,-3.5
4.0,1.0,6,vague,10000.0,ci_lower,chp_operational,702,Adm_0_5,8,7.0
4.0,1.0,6,vague,10000.0,ci_lower,chp_operational,702,Adm_6_11,8,7.0
4.0,1.0,6,vague,10000.0,ci_lower,chp_operational,702,Adm_12_17,8,-17.5
4.0,1.0,6,vague,10000.0,ci_lower,chp_operational,702,Adm_18_49,7,-21.0
4.0,1.0,6,vague,10000.0,ci_lower,chp_operational,702,Adm_50_64,8,-17.5
4.0,1.0,6,vague,10000.0,ci_lower,chp_operational,702,Adm_65_higher,8,-3.5
4.0,1.0,6,vague,10000.0,ci_lower,data_derived,703,ILI_PMP,8,28.0
4.0,1.0,6,vague,10000.0,ci_lower,data_derived,703,ILI_AED,8,28.0
4.0,1.0,6,vague,10000.0,ci_lower,data_derived,703,ILI_CMP,8,3.5
4.0,1.0,6,vague,10000.0,ci_lower,data_derived,703,ILI_School,8,21.0
4.0,1.0,6,vague,10000.0,ci_lower,data_derived,703,ILI_NonSchool,8,10.5
4.0,1.0,6,vague,10000.0,ci_lower,data_derived,703,Fever_RCHE,0,
4.0,1.0,6,vague,10000.0,ci_lower,data_derived,703,Adm_All,8,0.0
4.0,1.0,6,vague,10000.0,ci_lower,data_derived,703,Adm_0_5,8,7.0
4.0,1.0,6,vague,10000.0,ci_lower,data_derived,703,Adm_6_11,8,7.0
4.0,1.0,6,vague,10000.0,ci_lower,data_derived,703,Adm_12_17,8,-14.0
4.0,1.0,6,vague,10000.0,ci_lower,data_derived,703,Adm_18_49,7,-21.0
4.0,1.0,6,vague,10000.0,ci_lower,data_derived,703,Adm_50_64,8,-14.0
4.0,1.0,6,vague,10000.0,ci_lower,data_derived,703,Adm_65_higher,8,0.0
4.0,1.0,6,vague,100000.0,posterior_mean,chp_operational,704,ILI_PMP,8,28.0
4.0,1.0,6,vague,100000.0,posterior_mean,chp_operational,704,ILI_AED,8,28.0
4.0,1.0,6,vague,100000.0,posterior_mean,chp_operational,704,ILI_CMP,8,24.5
4.0,1.0,6,vague,100000.0,posterior_mean,chp_operational,704,ILI_School,8,21.0
4.0,1.0,6,vague,100000.0,posterior_mean,chp_operational,704,ILI_NonSchool,8,10.5
4.0,1.0,6,vague,100000.0,posterior_mean,chp_operational,704,Fever_RCHE,0,
4.0,1.0,6,vague,100000.0,posterior_mean,chp_operational,704,Adm_All,8,17.5
4.0,1.0,6,vague,100000.0,posterior_mean,chp_operational,704,Adm_0_5,8,21.0
4.0,1.0,6,vague,100000.0,posterior_mean,chp_operational,704,Adm_6_11,8,17.5
4.0,1.0,6,vague,100000.0,posterior_mean,chp_operational,704,Adm_12_17,8,14.0
4.0,1.0,6,vague,100000.0,posterior_mean,chp_operational,704,Adm_18_49,8,3.5
4.0,1.0,6,vague,100000.0,posterior_mean,chp_operational,704,Adm_50_64,8,10.5
4.0,1.0,6,vague,100000.0,posterior_mean,chp_operational,704,Adm_65_higher,8,17.5
4.0,1.0,6,vague,100000.0,posterior_mean,data_derived,705,ILI_PMP,8,28.0
4.0,1.0,6,vague,100000.0,posterior_mean,data_derived,705,ILI_AED,8,28.0
4.0,1.0,6,vague,100000.0,posterior_mean,data_derived,705,ILI_CMP,8,24.5
4.0,1.0,6,vague,100000.0,posterior_mean,data_derived,705,ILI_School,8,21.0
4.0,1.0,6,vague,100000.0,posterior_mean,data_derived,705,ILI_NonSchool,8,10.5
4.0,1.0,6,vague,100000.0,posterior_mean,data_derived,705,Fever_RCHE,0,
4.0,1.0,6,vague,100000.0,posterior_mean,data_derived,705,Adm_All,8,17.5
4.0,1.0,6,vague,100000.0,posterior_mean,data_derived,705,Adm_0_5,8,21.0
4.0,1.0,6,vague,100000.0,posterior_mean,data_derived,705,Adm_6_11,8,17.5
4.0,1.0,6,vague,100000.0,posterior_mean,data_derived,705,Adm_12_17,8,14.0
4.0,1.0,6,vague,100000.0,posterior_mean,data_derived,705,Adm_18_49,8,3.5
4.0,1.0,6,vague,100000.0,posterior_mean,data_derived,705,Adm_50_64,8,10.5
4.0,1.0,6,vague,100000.0,posterior_mean,data_derived,705,Adm_65_higher,8,17.5
4.0,1.0,6,vague,100000.0,ci_lower,chp_operational,706,ILI_PMP,8,28.0
4.0,1.0,6,vague,100000.0,ci_lower,chp_operational,706,ILI_AED,8,28.0
4.0,1.0,6,vague,100000.0,ci_lower,chp_operational,706,ILI_CMP,8,24.5
4.0,1.0,6,vague,100000.0,ci_lower,chp_operational,706,ILI_School,8,21.0
4.0,1.0,6,vague,100000.0,ci_lower,chp_operational,706,ILI_NonSchool,8,10.5
4.0,1.0,6,vague,100000.0,ci_lower,chp_operational,706,Fever_RCHE,0,
4.0,1.0,6,vague,100000.0,ci_lower,chp_operational,706,Adm_All,8,14.0
4.0,1.0,6,vague,100000.0,ci_lower,chp_operational,706,Adm_0_5,8,21.0
4.0,1.0,6,vague,100000.0,ci_lower,chp_operational,706,Adm_6_11,8,17.5
4.0,1.0,6,vague,100000.0,ci_lower,chp_operational,706,Adm_12_17,8,14.0
4.0,1.0,6,vague,100000.0,ci_lower,chp_operational,706,Adm_18_49,8,3.5
4.0,1.0,6,vague,100000.0,ci_lower,chp_operational,706,Adm_50_64,8,3.5
4.0,1.0,6,vague,100000.0,ci_lower,chp_operational,706,Adm_65_higher,8,17.5
4.0,1.0,6,vague,100000.0,ci_lower,data_derived,707,ILI_PMP,8,28.0
4.0,1.0,6,vague,100000.0,ci_lower,data_derived,707,ILI_AED,8,28.0
4.0,1.0,6,vague,100000.0,ci_lower,data_derived,707,ILI_CMP,8,24.5
4.0,1.0,6,vague,100000.0,ci_lower,data_derived,707,ILI_School,8,21.0
4.0,1.0,6,vague,100000.0,ci_lower,data_derived,707,ILI_NonSchool,8,10.5
4.0,1.0,6,vague,100000.0,ci_lower,data_derived,707,Fever_RCHE,0,
4.0,1.0,6,vague,100000.0,ci_lower,data_derived,707,Adm_All,8,14.0
4.0,1.0,6,vague,100000.0,ci_lower,data_derived,707,Adm_0_5,8,21.0
4.0,1.0,6,vague,100000.0,ci_lower,data_derived,707,Adm_6_11,8,17.5
4.0,1.0,6,vague,100000.0,ci_lower,data_derived,707,Adm_12_17,8,14.0
4.0,1.0,6,vague,100000.0,ci_lower,data_derived,707,Adm_18_49,8,3.5
4.0,1.0,6,vague,100000.0,ci_lower,data_derived,707,Adm_50_64,8,7.0
4.0,1.0,6,vague,100000.0,ci_lower,data_derived,707,Adm_65_higher,8,17.5
4.0,1.0,6,weak_wide,1000.0,posterior_mean,chp_operational,708,ILI_PMP,8,28.0
4.0,1.0,6,weak_wide,1000.0,posterior_mean,chp_operational,708,ILI_AED,8,28.0
4.0,1.0,6,weak_wide,1000.0,posterior_mean,chp_operational,708,ILI_CMP,8,24.5
4.0,1.0,6,weak_wide,1000.0,posterior_mean,chp_operational,708,ILI_School,8,21.0
4.0,1.0,6,weak_wide,1000.0,posterior_mean,chp_operational,708,ILI_NonSchool,8,17.5
4.0,1.0,6,weak_wide,1000.0,posterior_mean,chp_operational,708,Fever_RCHE,8,28.0
4.0,1.0,6,weak_wide,1000.0,posterior_mean,chp_operational,708,Adm_All,8,21.0
4.0,1.0,6,weak_wide,1000.0,posterior_mean,chp_operational,708,Adm_0_5,8,21.0
4.0,1.0,6,weak_wide,1000.0,posterior_mean,chp_operational,708,Adm_6_11,8,28.0
4.0,1.0,6,weak_wide,1000.0,posterior_mean,chp_operational,708,Adm_12_17,8,28.0
4.0,1.0,6,weak_wide,1000.0,posterior_mean,chp_operational,708,Adm_18_49,8,28.0
4.0,1.0,6,weak_wide,1000.0,posterior_mean,chp_operational,708,Adm_50_64,8,21.0
4.0,1.0,6,weak_wide,1000.0,posterior_mean,chp_operational,708,Adm_65_higher,8,21.0
4.0,1.0,6,weak_wide,1000.0,posterior_mean,data_derived,709,ILI_PMP,8,28.0
4.0,1.0,6,weak_wide,1000.0,posterior_mean,data_derived,709,ILI_AED,8,28.0
4.0,1.0,6,weak_wide,1000.0,posterior_mean,data_derived,709,ILI_CMP,8,24.5
4.0,1.0,6,weak_wide,1000.0,posterior_mean,data_derived,709,ILI_School,8,21.0
4.0,1.0,6,weak_wide,1000.0,posterior_mean,data_derived,709,ILI_NonSchool,8,17.5
4.0,1.0,6,weak_wide,1000.0,posterior_mean,data_derived,709,Fever_RCHE,8,28.0
4.0,1.0,6,weak_wide,1000.0,posterior_mean,data_derived,709,Adm_All,8,21.0
4.0,1.0,6,weak_wide,1000.0,posterior_mean,data_derived,709,Adm_0_5,8,21.0
4.0,1.0,6,weak_wide,1000.0,posterior_mean,data_derived,709,Adm_6_11,8,28.0
4.0,1.0,6,weak_wide,1000.0,posterior_mean,data_derived,709,Adm_12_17,8,28.0
4.0,1.0,6,weak_wide,1000.0,posterior_mean,data_derived,709,Adm_18_49,8,28.0
4.0,1.0,6,weak_wide,1000.0,posterior_mean,data_derived,709,Adm_50_64,8,21.0
4.0,1.0,6,weak_wide,1000.0,posterior_mean,data_derived,709,Adm_65_higher,8,21.0
4.0,1.0,6,weak_wide,1000.0,ci_lower,chp_operational,710,ILI_PMP,8,28.0
4.0,1.0,6,weak_wide,1000.0,ci_lower,chp_operational,710,ILI_AED,8,28.0
4.0,1.0,6,weak_wide,1000.0,ci_lower,chp_operational,710,ILI_CMP,8,3.5
4.0,1.0,6,weak_wide,1000.0,ci_lower,chp_operational,710,ILI_School,8,21.0
4.0,1.0,6,weak_wide,1000.0,ci_lower,chp_operational,710,ILI_NonSchool,8,10.5
4.0,1.0,6,weak_wide,1000.0,ci_lower,chp_operational,710,Fever_RCHE,0,
4.0,1.0,6,weak_wide,1000.0,ci_lower,chp_operational,710,Adm_All,8,10.5
4.0,1.0,6,weak_wide,1000.0,ci_lower,chp_operational,710,Adm_0_5,8,10.5
4.0,1.0,6,weak_wide,1000.0,ci_lower,chp_operational,710,Adm_6_11,8,14.0
4.0,1.0,6,weak_wide,1000.0,ci_lower,chp_operational,710,Adm_12_17,8,14.0
4.0,1.0,6,weak_wide,1000.0,ci_lower,chp_operational,710,Adm_18_49,8,7.0
4.0,1.0,6,weak_wide,1000.0,ci_lower,chp_operational,710,Adm_50_64,8,3.5
4.0,1.0,6,weak_wide,1000.0,ci_lower,chp_operational,710,Adm_65_higher,8,17.5
4.0,1.0,6,weak_wide,1000.0,ci_lower,data_derived,711,ILI_PMP,8,28.0
4.0,1.0,6,weak_wide,1000.0,ci_lower,data_derived,711,ILI_AED,8,28.0
4.0,1.0,6,weak_wide,1000.0,ci_lower,data_derived,711,ILI_CMP,8,3.5
4.0,1.0,6,weak_wide,1000.0,ci_lower,data_derived,711,ILI_School,8,21.0
4.0,1.0,6,weak_wide,1000.0,ci_lower,data_derived,711,ILI_NonSchool,8,10.5
4.0,1.0,6,weak_wide,1000.0,ci_lower,data_derived,711,Fever_RCHE,0,
4.0,1.0,6,weak_wide,1000.0,ci_lower,data_derived,711,Adm_All,8,10.5
4.0,1.0,6,weak_wide,1000.0,ci_lower,data_derived,711,Adm_0_5,8,10.5
4.0,1.0,6,weak_wide,1000.0,ci_lower,data_derived,711,Adm_6_11,8,14.0
4.0,1.0,6,weak_wide,1000.0,ci_lower,data_derived,711,Adm_12_17,8,14.0
4.0,1.0,6,weak_wide,1000.0,ci_lower,data_derived,711,Adm_18_49,8,7.0
4.0,1.0,6,weak_wide,1000.0,ci_lower,data_derived,711,Adm_50_64,8,7.0
4.0,1.0,6,weak_wide,1000.0,ci_lower,data_derived,711,Adm_65_higher,8,17.5
4.0,1.0,6,weak_wide,10000.0,posterior_mean,chp_operational,712,ILI_PMP,8,28.0
4.0,1.0,6,weak_wide,10000.0,posterior_mean,chp_operational,712,ILI_AED,8,28.0
4.0,1.0,6,weak_wide,10000.0,posterior_mean,chp_operational,712,ILI_CMP,8,24.5
4.0,1.0,6,weak_wide,10000.0,posterior_mean,chp_operational,712,ILI_School,8,21.0
4.0,1.0,6,weak_wide,10000.0,posterior_mean,chp_operational,712,ILI_NonSchool,8,17.5
4.0,1.0,6,weak_wide,10000.0,posterior_mean,chp_operational,712,Fever_RCHE,8,24.5
4.0,1.0,6,weak_wide,10000.0,posterior_mean,chp_operational,712,Adm_All,8,21.0
4.0,1.0,6,weak_wide,10000.0,posterior_mean,chp_operational,712,Adm_0_5,8,21.0
4.0,1.0,6,weak_wide,10000.0,posterior_mean,chp_operational,712,Adm_6_11,8,24.5
4.0,1.0,6,weak_wide,10000.0,posterior_mean,chp_operational,712,Adm_12_17,8,28.0
4.0,1.0,6,weak_wide,10000.0,posterior_mean,chp_operational,712,Adm_18_49,8,28.0
4.0,1.0,6,weak_wide,10000.0,posterior_mean,chp_operational,712,Adm_50_64,8,21.0
4.0,1.0,6,weak_wide,10000.0,posterior_mean,chp_operational,712,Adm_65_higher,8,17.5
4.0,1.0,6,weak_wide,10000.0,posterior_mean,data_derived,713,ILI_PMP,8,28.0
4.0,1.0,6,weak_wide,10000.0,posterior_mean,data_derived,713,ILI_AED,8,28.0
4.0,1.0,6,weak_wide,10000.0,posterior_mean,data_derived,713,ILI_CMP,8,24.5
4.0,1.0,6,weak_wide,10000.0,posterior_mean,data_derived,713,ILI_School,8,21.0
4.0,1.0,6,weak_wide,10000.0,posterior_mean,data_derived,713,ILI_NonSchool,8,17.5
4.0,1.0,6,weak_wide,10000.0,posterior_mean,data_derived,713,Fever_RCHE,8,24.5
4.0,1.0,6,weak_wide,10000.0,posterior_mean,data_derived,713,Adm_All,8,21.0
4.0,1.0,6,weak_wide,10000.0,posterior_mean,data_derived,713,Adm_0_5,8,21.0
4.0,1.0,6,weak_wide,10000.0,posterior_mean,data_derived,713,Adm_6_11,8,24.5
4.0,1.0,6,weak_wide,10000.0,posterior_mean,data_derived,713,Adm_12_17,8,28.0
4.0,1.0,6,weak_wide,10000.0,posterior_mean,data_derived,713,Adm_18_49,8,28.0
4.0,1.0,6,weak_wide,10000.0,posterior_mean,data_derived,713,Adm_50_64,8,21.0
4.0,1.0,6,weak_wide,10000.0,posterior_mean,data_derived,713,Adm_65_higher,8,17.5
4.0,1.0,6,weak_wide,10000.0,ci_lower,chp_operational,714,ILI_PMP,8,28.0
4.0,1.0,6,weak_wide,10000.0,ci_lower,chp_operational,714,ILI_AED,8,28.0
4.0,1.0,6,weak_wide,10000.0,ci_lower,chp_operational,714,ILI_CMP,8,3.5
4.0,1.0,6,weak_wide,10000.0,ci_lower,chp_operational,714,ILI_School,8,21.0
4.0,1.0,6,weak_wide,10000.0,ci_lower,chp_operational,714,ILI_NonSchool,8,10.5
4.0,1.0,6,weak_wide,10000.0,ci_lower,chp_operational,714,Fever_RCHE,1,-35.0
4.0,1.0,6,weak_wide,10000.0,ci_lower,chp_operational,714,Adm_All,8,21.0
4.0,1.0,6,weak_wide,10000.0,ci_lower,chp_operational,714,Adm_0_5,8,21.0
4.0,1.0,6,weak_wide,10000.0,ci_lower,chp_operational,714,Adm_6_11,8,17.5
4.0,1.0,6,weak_wide,10000.0,ci_lower,chp_operational,714,Adm_12_17,8,14.0
4.0,1.0,6,weak_wide,10000.0,ci_lower,chp_operational,714,Adm_18_49,8,14.0
4.0,1.0,6,weak_wide,10000.0,ci_lower,chp_operational,714,Adm_50_64,8,21.0
4.0,1.0,6,weak_wide,10000.0,ci_lower,chp_operational,714,Adm_65_higher,8,17.5
4.0,1.0,6,weak_wide,10000.0,ci_lower,data_derived,715,ILI_PMP,8,28.0
4.0,1.0,6,weak_wide,10000.0,ci_lower,data_derived,715,ILI_AED,8,28.0
4.0,1.0,6,weak_wide,10000.0,ci_lower,data_derived,715,ILI_CMP,8,3.5
4.0,1.0,6,weak_wide,10000.0,ci_lower,data_derived,715,ILI_School,8,21.0
4.0,1.0,6,weak_wide,10000.0,ci_lower,data_derived,715,ILI_NonSchool,8,10.5
4.0,1.0,6,weak_wide,10000.0,ci_lower,data_derived,715,Fever_RCHE,1,-35.0
4.0,1.0,6,weak_wide,10000.0,ci_lower,data_derived,715,Adm_All,8,21.0
4.0,1.0,6,weak_wide,10000.0,ci_lower,data_derived,715,Adm_0_5,8,21.0
4.0,1.0,6,weak_wide,10000.0,ci_lower,data_derived,715,Adm_6_11,8,17.5
4.0,1.0,6,weak_wide,10000.0,ci_lower,data_derived,715,Adm_12_17,8,14.0
4.0,1.0,6,weak_wide,10000.0,ci_lower,data_derived,715,Adm_18_49,8,14.0
4.0,1.0,6,weak_wide,10000.0,ci_lower,data_derived,715,Adm_50_64,8,21.0
4.0,1.0,6,weak_wide,10000.0,ci_lower,data_derived,715,Adm_65_higher,8,17.5
4.0,1.0,6,weak_wide,100000.0,posterior_mean,chp_operational,716,ILI_PMP,8,28.0
4.0,1.0,6,weak_wide,100000.0,posterior_mean,chp_operational,716,ILI_AED,8,28.0
4.0,1.0,6,weak_wide,100000.0,posterior_mean,chp_operational,716,ILI_CMP,8,24.5
4.0,1.0,6,weak_wide,100000.0,posterior_mean,chp_operational,716,ILI_School,8,21.0
4.0,1.0,6,weak_wide,100000.0,posterior_mean,chp_operational,716,ILI_NonSchool,8,17.5
4.0,1.0,6,weak_wide,100000.0,posterior_mean,chp_operational,716,Fever_RCHE,8,24.5
4.0,1.0,6,weak_wide,100000.0,posterior_mean,chp_operational,716,Adm_All,8,21.0
4.0,1.0,6,weak_wide,100000.0,posterior_mean,chp_operational,716,Adm_0_5,8,21.0
4.0,1.0,6,weak_wide,100000.0,posterior_mean,chp_operational,716,Adm_6_11,8,24.5
4.0,1.0,6,weak_wide,100000.0,posterior_mean,chp_operational,716,Adm_12_17,8,28.0
4.0,1.0,6,weak_wide,100000.0,posterior_mean,chp_operational,716,Adm_18_49,8,28.0
4.0,1.0,6,weak_wide,100000.0,posterior_mean,chp_operational,716,Adm_50_64,8,21.0
4.0,1.0,6,weak_wide,100000.0,posterior_mean,chp_operational,716,Adm_65_higher,8,17.5
4.0,1.0,6,weak_wide,100000.0,posterior_mean,data_derived,717,ILI_PMP,8,28.0
4.0,1.0,6,weak_wide,100000.0,posterior_mean,data_derived,717,ILI_AED,8,28.0
4.0,1.0,6,weak_wide,100000.0,posterior_mean,data_derived,717,ILI_CMP,8,24.5
4.0,1.0,6,weak_wide,100000.0,posterior_mean,data_derived,717,ILI_School,8,21.0
4.0,1.0,6,weak_wide,100000.0,posterior_mean,data_derived,717,ILI_NonSchool,8,17.5
4.0,1.0,6,weak_wide,100000.0,posterior_mean,data_derived,717,Fever_RCHE,8,24.5
4.0,1.0,6,weak_wide,100000.0,posterior_mean,data_derived,717,Adm_All,8,21.0
4.0,1.0,6,weak_wide,100000.0,posterior_mean,data_derived,717,Adm_0_5,8,21.0
4.0,1.0,6,weak_wide,100000.0,posterior_mean,data_derived,717,Adm_6_11,8,24.5
4.0,1.0,6,weak_wide,100000.0,posterior_mean,data_derived,717,Adm_12_17,8,28.0
4.0,1.0,6,weak_wide,100000.0,posterior_mean,data_derived,717,Adm_18_49,8,28.0
4.0,1.0,6,weak_wide,100000.0,posterior_mean,data_derived,717,Adm_50_64,8,21.0
4.0,1.0,6,weak_wide,100000.0,posterior_mean,data_derived,717,Adm_65_higher,8,17.5
4.0,1.0,6,weak_wide,100000.0,ci_lower,chp_operational,718,ILI_PMP,8,28.0
4.0,1.0,6,weak_wide,100000.0,ci_lower,chp_operational,718,ILI_AED,8,28.0
4.0,1.0,6,weak_wide,100000.0,ci_lower,chp_operational,718,ILI_CMP,8,24.5
4.0,1.0,6,weak_wide,100000.0,ci_lower,chp_operational,718,ILI_School,8,21.0
4.0,1.0,6,weak_wide,100000.0,ci_lower,chp_operational,718,ILI_NonSchool,8,10.5
4.0,1.0,6,weak_wide,100000.0,ci_lower,chp_operational,718,Fever_RCHE,8,-31.5
4.0,1.0,6,weak_wide,100000.0,ci_lower,chp_operational,718,Adm_All,8,21.0
4.0,1.0,6,weak_wide,100000.0,ci_lower,chp_operational,718,Adm_0_5,8,21.0
4.0,1.0,6,weak_wide,100000.0,ci_lower,chp_operational,718,Adm_6_11,8,17.5
4.0,1.0,6,weak_wide,100000.0,ci_lower,chp_operational,718,Adm_12_17,8,14.0
4.0,1.0,6,weak_wide,100000.0,ci_lower,chp_operational,718,Adm_18_49,8,24.5
4.0,1.0,6,weak_wide,100000.0,ci_lower,chp_operational,718,Adm_50_64,8,21.0
4.0,1.0,6,weak_wide,100000.0,ci_lower,chp_operational,718,Adm_65_higher,8,17.5
4.0,1.0,6,weak_wide,100000.0,ci_lower,data_derived,719,ILI_PMP,8,28.0
4.0,1.0,6,weak_wide,100000.0,ci_lower,data_derived,719,ILI_AED,8,28.0
4.0,1.0,6,weak_wide,100000.0,ci_lower,data_derived,719,ILI_CMP,8,24.5
4.0,1.0,6,weak_wide,100000.0,ci_lower,data_derived,719,ILI_School,8,21.0
4.0,1.0,6,weak_wide,100000.0,ci_lower,data_derived,719,ILI_NonSchool,8,10.5
4.0,1.0,6,weak_wide,100000.0,ci_lower,data_derived,719,Fever_RCHE,8,-28.0
4.0,1.0,6,weak_wide,100000.0,ci_lower,data_derived,719,Adm_All,8,21.0
4.0,1.0,6,weak_wide,100000.0,ci_lower,data_derived,719,Adm_0_5,8,21.0
4.0,1.0,6,weak_wide,100000.0,ci_lower,data_derived,719,Adm_6_11,8,17.5
4.0,1.0,6,weak_wide,100000.0,ci_lower,data_derived,719,Adm_12_17,8,14.0
4.0,1.0,6,weak_wide,100000.0,ci_lower,data_derived,719,Adm_18_49,8,24.5
4.0,1.0,6,weak_wide,100000.0,ci_lower,data_derived,719,Adm_50_64,8,21.0
4.0,1.0,6,weak_wide,100000.0,ci_lower,data_derived,719,Adm_65_higher,8,17.5
4.0,2.0,2,v7,1000.0,posterior_mean,chp_operational,720,ILI_PMP,8,56.0
4.0,2.0,2,v7,1000.0,posterior_mean,chp_operational,720,ILI_AED,8,56.0
4.0,2.0,2,v7,1000.0,posterior_mean,chp_operational,720,ILI_CMP,8,52.5
4.0,2.0,2,v7,1000.0,posterior_mean,chp_operational,720,ILI_School,8,35.0
4.0,2.0,2,v7,1000.0,posterior_mean,chp_operational,720,ILI_NonSchool,8,10.5
4.0,2.0,2,v7,1000.0,posterior_mean,chp_operational,720,Fever_RCHE,0,
4.0,2.0,2,v7,1000.0,posterior_mean,chp_operational,720,Adm_All,8,42.0
4.0,2.0,2,v7,1000.0,posterior_mean,chp_operational,720,Adm_0_5,8,56.0
4.0,2.0,2,v7,1000.0,posterior_mean,chp_operational,720,Adm_6_11,8,28.0
4.0,2.0,2,v7,1000.0,posterior_mean,chp_operational,720,Adm_12_17,8,24.5
4.0,2.0,2,v7,1000.0,posterior_mean,chp_operational,720,Adm_18_49,8,45.5
4.0,2.0,2,v7,1000.0,posterior_mean,chp_operational,720,Adm_50_64,8,28.0
4.0,2.0,2,v7,1000.0,posterior_mean,chp_operational,720,Adm_65_higher,8,31.5
4.0,2.0,2,v7,1000.0,posterior_mean,data_derived,721,ILI_PMP,8,56.0
4.0,2.0,2,v7,1000.0,posterior_mean,data_derived,721,ILI_AED,8,56.0
4.0,2.0,2,v7,1000.0,posterior_mean,data_derived,721,ILI_CMP,8,52.5
4.0,2.0,2,v7,1000.0,posterior_mean,data_derived,721,ILI_School,8,35.0
4.0,2.0,2,v7,1000.0,posterior_mean,data_derived,721,ILI_NonSchool,8,10.5
4.0,2.0,2,v7,1000.0,posterior_mean,data_derived,721,Fever_RCHE,0,
4.0,2.0,2,v7,1000.0,posterior_mean,data_derived,721,Adm_All,8,42.0
4.0,2.0,2,v7,1000.0,posterior_mean,data_derived,721,Adm_0_5,8,56.0
4.0,2.0,2,v7,1000.0,posterior_mean,data_derived,721,Adm_6_11,8,31.5
4.0,2.0,2,v7,1000.0,posterior_mean,data_derived,721,Adm_12_17,8,28.0
4.0,2.0,2,v7,1000.0,posterior_mean,data_derived,721,Adm_18_49,8,45.5
4.0,2.0,2,v7,1000.0,posterior_mean,data_derived,721,Adm_50_64,8,28.0
4.0,2.0,2,v7,1000.0,posterior_mean,data_derived,721,Adm_65_higher,8,31.5
4.0,2.0,2,v7,1000.0,ci_lower,chp_operational,722,ILI_PMP,8,56.0
4.0,2.0,2,v7,1000.0,ci_lower,chp_operational,722,ILI_AED,8,56.0
4.0,2.0,2,v7,1000.0,ci_lower,chp_operational,722,ILI_CMP,8,52.5
4.0,2.0,2,v7,1000.0,ci_lower,chp_operational,722,ILI_School,8,35.0
4.0,2.0,2,v7,1000.0,ci_lower,chp_operational,722,ILI_NonSchool,8,10.5
4.0,2.0,2,v7,1000.0,ci_lower,chp_operational,722,Fever_RCHE,0,
4.0,2.0,2,v7,1000.0,ci_lower,chp_operational,722,Adm_All,8,24.5
4.0,2.0,2,v7,1000.0,ci_lower,chp_operational,722,Adm_0_5,8,42.0
4.0,2.0,2,v7,1000.0,ci_lower,chp_operational,722,Adm_6_11,8,28.0
4.0,2.0,2,v7,1000.0,ci_lower,chp_operational,722,Adm_12_17,8,24.5
4.0,2.0,2,v7,1000.0,ci_lower,chp_operational,722,Adm_18_49,8,3.5
4.0,2.0,2,v7,1000.0,ci_lower,chp_operational,722,Adm_50_64,8,21.0
4.0,2.0,2,v7,1000.0,ci_lower,chp_operational,722,Adm_65_higher,8,24.5
4.0,2.0,2,v7,1000.0,ci_lower,data_derived,723,ILI_PMP,8,56.0
4.0,2.0,2,v7,1000.0,ci_lower,data_derived,723,ILI_AED,8,56.0
4.0,2.0,2,v7,1000.0,ci_lower,data_derived,723,ILI_CMP,8,52.5
4.0,2.0,2,v7,1000.0,ci_lower,data_derived,723,ILI_School,8,35.0
4.0,2.0,2,v7,1000.0,ci_lower,data_derived,723,ILI_NonSchool,8,10.5
4.0,2.0,2,v7,1000.0,ci_lower,data_derived,723,Fever_RCHE,0,
4.0,2.0,2,v7,1000.0,ci_lower,data_derived,723,Adm_All,8,28.0
4.0,2.0,2,v7,1000.0,ci_lower,data_derived,723,Adm_0_5,8,42.0
4.0,2.0,2,v7,1000.0,ci_lower,data_derived,723,Adm_6_11,8,31.5
4.0,2.0,2,v7,1000.0,ci_lower,data_derived,723,Adm_12_17,8,28.0
4.0,2.0,2,v7,1000.0,ci_lower,data_derived,723,Adm_18_49,8,3.5
4.0,2.0,2,v7,1000.0,ci_lower,data_derived,723,Adm_50_64,8,24.5
4.0,2.0,2,v7,1000.0,ci_lower,data_derived,723,Adm_65_higher,8,24.5
4.0,2.0,2,v7,10000.0,posterior_mean,chp_operational,724,ILI_PMP,8,56.0
4.0,2.0,2,v7,10000.0,posterior_mean,chp_operational,724,ILI_AED,8,56.0
4.0,2.0,2,v7,10000.0,posterior_mean,chp_operational,724,ILI_CMP,8,52.5
4.0,2.0,2,v7,10000.0,posterior_mean,chp_operational,724,ILI_School,8,35.0
4.0,2.0,2,v7,10000.0,posterior_mean,chp_operational,724,ILI_NonSchool,8,28.0
4.0,2.0,2,v7,10000.0,posterior_mean,chp_operational,724,Fever_RCHE,8,7.0
4.0,2.0,2,v7,10000.0,posterior_mean,chp_operational,724,Adm_All,8,56.0
4.0,2.0,2,v7,10000.0,posterior_mean,chp_operational,724,Adm_0_5,8,56.0
4.0,2.0,2,v7,10000.0,posterior_mean,chp_operational,724,Adm_6_11,8,31.5
4.0,2.0,2,v7,10000.0,posterior_mean,chp_operational,724,Adm_12_17,8,24.5
4.0,2.0,2,v7,10000.0,posterior_mean,chp_operational,724,Adm_18_49,8,45.5
4.0,2.0,2,v7,10000.0,posterior_mean,chp_operational,724,Adm_50_64,8,42.0
4.0,2.0,2,v7,10000.0,posterior_mean,chp_operational,724,Adm_65_higher,8,31.5
4.0,2.0,2,v7,10000.0,posterior_mean,data_derived,725,ILI_PMP,8,56.0
4.0,2.0,2,v7,10000.0,posterior_mean,data_derived,725,ILI_AED,8,56.0
4.0,2.0,2,v7,10000.0,posterior_mean,data_derived,725,ILI_CMP,8,52.5
4.0,2.0,2,v7,10000.0,posterior_mean,data_derived,725,ILI_School,8,35.0
4.0,2.0,2,v7,10000.0,posterior_mean,data_derived,725,ILI_NonSchool,8,28.0
4.0,2.0,2,v7,10000.0,posterior_mean,data_derived,725,Fever_RCHE,8,10.5
4.0,2.0,2,v7,10000.0,posterior_mean,data_derived,725,Adm_All,8,56.0
4.0,2.0,2,v7,10000.0,posterior_mean,data_derived,725,Adm_0_5,8,56.0
4.0,2.0,2,v7,10000.0,posterior_mean,data_derived,725,Adm_6_11,8,31.5
4.0,2.0,2,v7,10000.0,posterior_mean,data_derived,725,Adm_12_17,8,28.0
4.0,2.0,2,v7,10000.0,posterior_mean,data_derived,725,Adm_18_49,8,45.5
4.0,2.0,2,v7,10000.0,posterior_mean,data_derived,725,Adm_50_64,8,42.0
4.0,2.0,2,v7,10000.0,posterior_mean,data_derived,725,Adm_65_higher,8,31.5
4.0,2.0,2,v7,10000.0,ci_lower,chp_operational,726,ILI_PMP,8,56.0
4.0,2.0,2,v7,10000.0,ci_lower,chp_operational,726,ILI_AED,8,56.0
4.0,2.0,2,v7,10000.0,ci_lower,chp_operational,726,ILI_CMP,8,52.5
4.0,2.0,2,v7,10000.0,ci_lower,chp_operational,726,ILI_School,8,35.0
4.0,2.0,2,v7,10000.0,ci_lower,chp_operational,726,ILI_NonSchool,8,10.5
4.0,2.0,2,v7,10000.0,ci_lower,chp_operational,726,Fever_RCHE,0,
4.0,2.0,2,v7,10000.0,ci_lower,chp_operational,726,Adm_All,8,42.0
4.0,2.0,2,v7,10000.0,ci_lower,chp_operational,726,Adm_0_5,8,42.0
4.0,2.0,2,v7,10000.0,ci_lower,chp_operational,726,Adm_6_11,8,28.0
4.0,2.0,2,v7,10000.0,ci_lower,chp_operational,726,Adm_12_17,8,24.5
4.0,2.0,2,v7,10000.0,ci_lower,chp_operational,726,Adm_18_49,8,45.5
4.0,2.0,2,v7,10000.0,ci_lower,chp_operational,726,Adm_50_64,8,28.0
4.0,2.0,2,v7,10000.0,ci_lower,chp_operational,726,Adm_65_higher,8,31.5
4.0,2.0,2,v7,10000.0,ci_lower,data_derived,727,ILI_PMP,8,56.0
4.0,2.0,2,v7,10000.0,ci_lower,data_derived,727,ILI_AED,8,56.0
4.0,2.0,2,v7,10000.0,ci_lower,data_derived,727,ILI_CMP,8,52.5
4.0,2.0,2,v7,10000.0,ci_lower,data_derived,727,ILI_School,8,35.0
4.0,2.0,2,v7,10000.0,ci_lower,data_derived,727,ILI_NonSchool,8,10.5
4.0,2.0,2,v7,10000.0,ci_lower,data_derived,727,Fever_RCHE,0,
4.0,2.0,2,v7,10000.0,ci_lower,data_derived,727,Adm_All,8,42.0
4.0,2.0,2,v7,10000.0,ci_lower,data_derived,727,Adm_0_5,8,42.0
4.0,2.0,2,v7,10000.0,ci_lower,data_derived,727,Adm_6_11,8,31.5
4.0,2.0,2,v7,10000.0,ci_lower,data_derived,727,Adm_12_17,8,28.0
4.0,2.0,2,v7,10000.0,ci_lower,data_derived,727,Adm_18_49,8,45.5
4.0,2.0,2,v7,10000.0,ci_lower,data_derived,727,Adm_50_64,8,28.0
4.0,2.0,2,v7,10000.0,ci_lower,data_derived,727,Adm_65_higher,8,31.5
4.0,2.0,2,v7,100000.0,posterior_mean,chp_operational,728,ILI_PMP,8,56.0
4.0,2.0,2,v7,100000.0,posterior_mean,chp_operational,728,ILI_AED,8,56.0
4.0,2.0,2,v7,100000.0,posterior_mean,chp_operational,728,ILI_CMP,8,52.5
4.0,2.0,2,v7,100000.0,posterior_mean,chp_operational,728,ILI_School,8,35.0
4.0,2.0,2,v7,100000.0,posterior_mean,chp_operational,728,ILI_NonSchool,8,28.0
4.0,2.0,2,v7,100000.0,posterior_mean,chp_operational,728,Fever_RCHE,8,52.5
4.0,2.0,2,v7,100000.0,posterior_mean,chp_operational,728,Adm_All,8,56.0
4.0,2.0,2,v7,100000.0,posterior_mean,chp_operational,728,Adm_0_5,8,56.0
4.0,2.0,2,v7,100000.0,posterior_mean,chp_operational,728,Adm_6_11,8,31.5
4.0,2.0,2,v7,100000.0,posterior_mean,chp_operational,728,Adm_12_17,8,24.5
4.0,2.0,2,v7,100000.0,posterior_mean,chp_operational,728,Adm_18_49,8,45.5
4.0,2.0,2,v7,100000.0,posterior_mean,chp_operational,728,Adm_50_64,8,42.0
4.0,2.0,2,v7,100000.0,posterior_mean,chp_operational,728,Adm_65_higher,8,31.5
4.0,2.0,2,v7,100000.0,posterior_mean,data_derived,729,ILI_PMP,8,56.0
4.0,2.0,2,v7,100000.0,posterior_mean,data_derived,729,ILI_AED,8,56.0
4.0,2.0,2,v7,100000.0,posterior_mean,data_derived,729,ILI_CMP,8,52.5
4.0,2.0,2,v7,100000.0,posterior_mean,data_derived,729,ILI_School,8,35.0
4.0,2.0,2,v7,100000.0,posterior_mean,data_derived,729,ILI_NonSchool,8,28.0
4.0,2.0,2,v7,100000.0,posterior_mean,data_derived,729,Fever_RCHE,8,52.5
4.0,2.0,2,v7,100000.0,posterior_mean,data_derived,729,Adm_All,8,56.0
4.0,2.0,2,v7,100000.0,posterior_mean,data_derived,729,Adm_0_5,8,56.0
4.0,2.0,2,v7,100000.0,posterior_mean,data_derived,729,Adm_6_11,8,31.5
4.0,2.0,2,v7,100000.0,posterior_mean,data_derived,729,Adm_12_17,8,28.0
4.0,2.0,2,v7,100000.0,posterior_mean,data_derived,729,Adm_18_49,8,45.5
4.0,2.0,2,v7,100000.0,posterior_mean,data_derived,729,Adm_50_64,8,42.0
4.0,2.0,2,v7,100000.0,posterior_mean,data_derived,729,Adm_65_higher,8,31.5
4.0,2.0,2,v7,100000.0,ci_lower,chp_operational,730,ILI_PMP,8,56.0
4.0,2.0,2,v7,100000.0,ci_lower,chp_operational,730,ILI_AED,8,56.0
4.0,2.0,2,v7,100000.0,ci_lower,chp_operational,730,ILI_CMP,8,52.5
4.0,2.0,2,v7,100000.0,ci_lower,chp_operational,730,ILI_School,8,35.0
4.0,2.0,2,v7,100000.0,ci_lower,chp_operational,730,ILI_NonSchool,8,10.5
4.0,2.0,2,v7,100000.0,ci_lower,chp_operational,730,Fever_RCHE,8,7.0
4.0,2.0,2,v7,100000.0,ci_lower,chp_operational,730,Adm_All,8,52.5
4.0,2.0,2,v7,100000.0,ci_lower,chp_operational,730,Adm_0_5,8,56.0
4.0,2.0,2,v7,100000.0,ci_lower,chp_operational,730,Adm_6_11,8,31.5
4.0,2.0,2,v7,100000.0,ci_lower,chp_operational,730,Adm_12_17,8,24.5
4.0,2.0,2,v7,100000.0,ci_lower,chp_operational,730,Adm_18_49,8,45.5
4.0,2.0,2,v7,100000.0,ci_lower,chp_operational,730,Adm_50_64,8,42.0
4.0,2.0,2,v7,100000.0,ci_lower,chp_operational,730,Adm_65_higher,8,31.5
4.0,2.0,2,v7,100000.0,ci_lower,data_derived,731,ILI_PMP,8,56.0
4.0,2.0,2,v7,100000.0,ci_lower,data_derived,731,ILI_AED,8,56.0
4.0,2.0,2,v7,100000.0,ci_lower,data_derived,731,ILI_CMP,8,52.5
4.0,2.0,2,v7,100000.0,ci_lower,data_derived,731,ILI_School,8,35.0
4.0,2.0,2,v7,100000.0,ci_lower,data_derived,731,ILI_NonSchool,8,10.5
4.0,2.0,2,v7,100000.0,ci_lower,data_derived,731,Fever_RCHE,8,10.5
4.0,2.0,2,v7,100000.0,ci_lower,data_derived,731,Adm_All,8,56.0
4.0,2.0,2,v7,100000.0,ci_lower,data_derived,731,Adm_0_5,8,56.0
4.0,2.0,2,v7,100000.0,ci_lower,data_derived,731,Adm_6_11,8,31.5
4.0,2.0,2,v7,100000.0,ci_lower,data_derived,731,Adm_12_17,8,28.0
4.0,2.0,2,v7,100000.0,ci_lower,data_derived,731,Adm_18_49,8,45.5
4.0,2.0,2,v7,100000.0,ci_lower,data_derived,731,Adm_50_64,8,42.0
4.0,2.0,2,v7,100000.0,ci_lower,data_derived,731,Adm_65_higher,8,31.5
4.0,2.0,2,vague,1000.0,posterior_mean,chp_operational,732,ILI_PMP,8,56.0
4.0,2.0,2,vague,1000.0,posterior_mean,chp_operational,732,ILI_AED,8,56.0
4.0,2.0,2,vague,1000.0,posterior_mean,chp_operational,732,ILI_CMP,6,-35.0
4.0,2.0,2,vague,1000.0,posterior_mean,chp_operational,732,ILI_School,8,31.5
4.0,2.0,2,vague,1000.0,posterior_mean,chp_operational,732,ILI_NonSchool,8,7.0
4.0,2.0,2,vague,1000.0,posterior_mean,chp_operational,732,Fever_RCHE,0,
4.0,2.0,2,vague,1000.0,posterior_mean,chp_operational,732,Adm_All,0,
4.0,2.0,2,vague,1000.0,posterior_mean,chp_operational,732,Adm_0_5,7,-14.0
4.0,2.0,2,vague,1000.0,posterior_mean,chp_operational,732,Adm_6_11,5,-49.0
4.0,2.0,2,vague,1000.0,posterior_mean,chp_operational,732,Adm_12_17,0,
4.0,2.0,2,vague,1000.0,posterior_mean,chp_operational,732,Adm_18_49,0,
4.0,2.0,2,vague,1000.0,posterior_mean,chp_operational,732,Adm_50_64,0,
4.0,2.0,2,vague,1000.0,posterior_mean,chp_operational,732,Adm_65_higher,6,-28.0
4.0,2.0,2,vague,1000.0,posterior_mean,data_derived,733,ILI_PMP,8,56.0
4.0,2.0,2,vague,1000.0,posterior_mean,data_derived,733,ILI_AED,8,56.0
4.0,2.0,2,vague,1000.0,posterior_mean,data_derived,733,ILI_CMP,6,-31.5
4.0,2.0,2,vague,1000.0,posterior_mean,data_derived,733,ILI_School,8,31.5
4.0,2.0,2,vague,1000.0,posterior_mean,data_derived,733,ILI_NonSchool,8,7.0
4.0,2.0,2,vague,1000.0,posterior_mean,data_derived,733,Fever_RCHE,0,
4.0,2.0,2,vague,1000.0,posterior_mean,data_derived,733,Adm_All,0,
4.0,2.0,2,vague,1000.0,posterior_mean,data_derived,733,Adm_0_5,7,-14.0
4.0,2.0,2,vague,1000.0,posterior_mean,data_derived,733,Adm_6_11,5,-42.0
4.0,2.0,2,vague,1000.0,posterior_mean,data_derived,733,Adm_12_17,0,
4.0,2.0,2,vague,1000.0,posterior_mean,data_derived,733,Adm_18_49,0,
4.0,2.0,2,vague,1000.0,posterior_mean,data_derived,733,Adm_50_64,0,
4.0,2.0,2,vague,1000.0,posterior_mean,data_derived,733,Adm_65_higher,6,-28.0
4.0,2.0,2,vague,1000.0,ci_lower,chp_operational,734,ILI_PMP,8,56.0
4.0,2.0,2,vague,1000.0,ci_lower,chp_operational,734,ILI_AED,8,56.0
4.0,2.0,2,vague,1000.0,ci_lower,chp_operational,734,ILI_CMP,5,-28.0
4.0,2.0,2,vague,1000.0,ci_lower,chp_operational,734,ILI_School,8,14.0
4.0,2.0,2,vague,1000.0,ci_lower,chp_operational,734,ILI_NonSchool,8,-10.5
4.0,2.0,2,vague,1000.0,ci_lower,chp_operational,734,Fever_RCHE,0,
4.0,2.0,2,vague,1000.0,ci_lower,chp_operational,734,Adm_All,0,
4.0,2.0,2,vague,1000.0,ci_lower,chp_operational,734,Adm_0_5,7,-14.0
4.0,2.0,2,vague,1000.0,ci_lower,chp_operational,734,Adm_6_11,3,-84.0
4.0,2.0,2,vague,1000.0,ci_lower,chp_operational,734,Adm_12_17,0,
4.0,2.0,2,vague,1000.0,ci_lower,chp_operational,734,Adm_18_49,0,
4.0,2.0,2,vague,1000.0,ci_lower,chp_operational,734,Adm_50_64,0,
4.0,2.0,2,vague,1000.0,ci_lower,chp_operational,734,Adm_65_higher,5,-35.0
4.0,2.0,2,vague,1000.0,ci_lower,data_derived,735,ILI_PMP,8,56.0
4.0,2.0,2,vague,1000.0,ci_lower,data_derived,735,ILI_AED,8,56.0
4.0,2.0,2,vague,1000.0,ci_lower,data_derived,735,ILI_CMP,5,-28.0
4.0,2.0,2,vague,1000.0,ci_lower,data_derived,735,ILI_School,8,14.0
4.0,2.0,2,vague,1000.0,ci_lower,data_derived,735,ILI_NonSchool,8,-10.5
4.0,2.0,2,vague,1000.0,ci_lower,data_derived,735,Fever_RCHE,0,
4.0,2.0,2,vague,1000.0,ci_lower,data_derived,735,Adm_All,0,
4.0,2.0,2,vague,1000.0,ci_lower,data_derived,735,Adm_0_5,7,-14.0
4.0,2.0,2,vague,1000.0,ci_lower,data_derived,735,Adm_6_11,3,-77.0
4.0,2.0,2,vague,1000.0,ci_lower,data_derived,735,Adm_12_17,0,
4.0,2.0,2,vague,1000.0,ci_lower,data_derived,735,Adm_18_49,0,
4.0,2.0,2,vague,1000.0,ci_lower,data_derived,735,Adm_50_64,0,
4.0,2.0,2,vague,1000.0,ci_lower,data_derived,735,Adm_65_higher,5,-35.0
4.0,2.0,2,vague,10000.0,posterior_mean,chp_operational,736,ILI_PMP,8,56.0
4.0,2.0,2,vague,10000.0,posterior_mean,chp_operational,736,ILI_AED,8,56.0
4.0,2.0,2,vague,10000.0,posterior_mean,chp_operational,736,ILI_CMP,8,52.5
4.0,2.0,2,vague,10000.0,posterior_mean,chp_operational,736,ILI_School,8,31.5
4.0,2.0,2,vague,10000.0,posterior_mean,chp_operational,736,ILI_NonSchool,8,10.5
4.0,2.0,2,vague,10000.0,posterior_mean,chp_operational,736,Fever_RCHE,0,
4.0,2.0,2,vague,10000.0,posterior_mean,chp_operational,736,Adm_All,8,-17.5
4.0,2.0,2,vague,10000.0,posterior_mean,chp_operational,736,Adm_0_5,8,24.5
4.0,2.0,2,vague,10000.0,posterior_mean,chp_operational,736,Adm_6_11,8,14.0
4.0,2.0,2,vague,10000.0,posterior_mean,chp_operational,736,Adm_12_17,8,-17.5
4.0,2.0,2,vague,10000.0,posterior_mean,chp_operational,736,Adm_18_49,5,-28.0
4.0,2.0,2,vague,10000.0,posterior_mean,chp_operational,736,Adm_50_64,8,-21.0
4.0,2.0,2,vague,10000.0,posterior_mean,chp_operational,736,Adm_65_higher,8,-3.5
4.0,2.0,2,vague,10000.0,posterior_mean,data_derived,737,ILI_PMP,8,56.0
4.0,2.0,2,vague,10000.0,posterior_mean,data_derived,737,ILI_AED,8,56.0
4.0,2.0,2,vague,10000.0,posterior_mean,data_derived,737,ILI_CMP,8,52.5
4.0,2.0,2,vague,10000.0,posterior_mean,data_derived,737,ILI_School,8,31.5
4.0,2.0,2,vague,10000.0,posterior_mean,data_derived,737,ILI_NonSchool,8,10.5
4.0,2.0,2,vague,10000.0,posterior_mean,data_derived,737,Fever_RCHE,0,
4.0,2.0,2,vague,10000.0,posterior_mean,data_derived,737,Adm_All,8,-14.0
4.0,2.0,2,vague,10000.0,posterior_mean,data_derived,737,Adm_0_5,8,28.0
4.0,2.0,2,vague,10000.0,posterior_mean,data_derived,737,Adm_6_11,8,17.5
4.0,2.0,2,vague,10000.0,posterior_mean,data_derived,737,Adm_12_17,8,-14.0
4.0,2.0,2,vague,10000.0,posterior_mean,data_derived,737,Adm_18_49,5,-28.0
4.0,2.0,2,vague,10000.0,posterior_mean,data_derived,737,Adm_50_64,8,-17.5
4.0,2.0,2,vague,10000.0,posterior_mean,data_derived,737,Adm_65_higher,8,0.0
4.0,2.0,2,vague,10000.0,ci_lower,chp_operational,738,ILI_PMP,8,56.0
4.0,2.0,2,vague,10000.0,ci_lower,chp_operational,738,ILI_AED,8,56.0
4.0,2.0,2,vague,10000.0,ci_lower,chp_operational,738,ILI_CMP,8,52.5
4.0,2.0,2,vague,10000.0,ci_lower,chp_operational,738,ILI_School,8,31.5
4.0,2.0,2,vague,10000.0,ci_lower,chp_operational,738,ILI_NonSchool,8,10.5
4.0,2.0,2,vague,10000.0,ci_lower,chp_operational,738,Fever_RCHE,0,
4.0,2.0,2,vague,10000.0,ci_lower,chp_operational,738,Adm_All,8,-17.5
4.0,2.0,2,vague,10000.0,ci_lower,chp_operational,738,Adm_0_5,8,24.5
4.0,2.0,2,vague,10000.0,ci_lower,chp_operational,738,Adm_6_11,8,14.0
4.0,2.0,2,vague,10000.0,ci_lower,chp_operational,738,Adm_12_17,8,-17.5
4.0,2.0,2,vague,10000.0,ci_lower,chp_operational,738,Adm_18_49,5,-28.0
4.0,2.0,2,vague,10000.0,ci_lower,chp_operational,738,Adm_50_64,8,-21.0
4.0,2.0,2,vague,10000.0,ci_lower,chp_operational,738,Adm_65_higher,8,-3.5
4.0,2.0,2,vague,10000.0,ci_lower,data_derived,739,ILI_PMP,8,56.0
4.0,2.0,2,vague,10000.0,ci_lower,data_derived,739,ILI_AED,8,56.0
4.0,2.0,2,vague,10000.0,ci_lower,data_derived,739,ILI_CMP,8,52.5
4.0,2.0,2,vague,10000.0,ci_lower,data_derived,739,ILI_School,8,31.5
4.0,2.0,2,vague,10000.0,ci_lower,data_derived,739,ILI_NonSchool,8,10.5
4.0,2.0,2,vague,10000.0,ci_lower,data_derived,739,Fever_RCHE,0,
4.0,2.0,2,vague,10000.0,ci_lower,data_derived,739,Adm_All,8,-14.0
4.0,2.0,2,vague,10000.0,ci_lower,data_derived,739,Adm_0_5,8,28.0
4.0,2.0,2,vague,10000.0,ci_lower,data_derived,739,Adm_6_11,8,17.5
4.0,2.0,2,vague,10000.0,ci_lower,data_derived,739,Adm_12_17,8,-14.0
4.0,2.0,2,vague,10000.0,ci_lower,data_derived,739,Adm_18_49,5,-28.0
4.0,2.0,2,vague,10000.0,ci_lower,data_derived,739,Adm_50_64,8,-17.5
4.0,2.0,2,vague,10000.0,ci_lower,data_derived,739,Adm_65_higher,8,0.0
4.0,2.0,2,vague,100000.0,posterior_mean,chp_operational,740,ILI_PMP,8,56.0
4.0,2.0,2,vague,100000.0,posterior_mean,chp_operational,740,ILI_AED,8,56.0
4.0,2.0,2,vague,100000.0,posterior_mean,chp_operational,740,ILI_CMP,8,52.5
4.0,2.0,2,vague,100000.0,posterior_mean,chp_operational,740,ILI_School,8,35.0
4.0,2.0,2,vague,100000.0,posterior_mean,chp_operational,740,ILI_NonSchool,8,10.5
4.0,2.0,2,vague,100000.0,posterior_mean,chp_operational,740,Fever_RCHE,0,
4.0,2.0,2,vague,100000.0,posterior_mean,chp_operational,740,Adm_All,8,28.0
4.0,2.0,2,vague,100000.0,posterior_mean,chp_operational,740,Adm_0_5,8,42.0
4.0,2.0,2,vague,100000.0,posterior_mean,chp_operational,740,Adm_6_11,8,28.0
4.0,2.0,2,vague,100000.0,posterior_mean,chp_operational,740,Adm_12_17,8,24.5
4.0,2.0,2,vague,100000.0,posterior_mean,chp_operational,740,Adm_18_49,8,10.5
4.0,2.0,2,vague,100000.0,posterior_mean,chp_operational,740,Adm_50_64,8,24.5
4.0,2.0,2,vague,100000.0,posterior_mean,chp_operational,740,Adm_65_higher,8,31.5
4.0,2.0,2,vague,100000.0,posterior_mean,data_derived,741,ILI_PMP,8,56.0
4.0,2.0,2,vague,100000.0,posterior_mean,data_derived,741,ILI_AED,8,56.0
4.0,2.0,2,vague,100000.0,posterior_mean,data_derived,741,ILI_CMP,8,52.5
4.0,2.0,2,vague,100000.0,posterior_mean,data_derived,741,ILI_School,8,35.0
4.0,2.0,2,vague,100000.0,posterior_mean,data_derived,741,ILI_NonSchool,8,10.5
4.0,2.0,2,vague,100000.0,posterior_mean,data_derived,741,Fever_RCHE,0,
4.0,2.0,2,vague,100000.0,posterior_mean,data_derived,741,Adm_All,8,31.5
4.0,2.0,2,vague,100000.0,posterior_mean,data_derived,741,Adm_0_5,8,42.0
4.0,2.0,2,vague,100000.0,posterior_mean,data_derived,741,Adm_6_11,8,31.5
4.0,2.0,2,vague,100000.0,posterior_mean,data_derived,741,Adm_12_17,8,28.0
4.0,2.0,2,vague,100000.0,posterior_mean,data_derived,741,Adm_18_49,8,14.0
4.0,2.0,2,vague,100000.0,posterior_mean,data_derived,741,Adm_50_64,8,24.5
4.0,2.0,2,vague,100000.0,posterior_mean,data_derived,741,Adm_65_higher,8,31.5
4.0,2.0,2,vague,100000.0,ci_lower,chp_operational,742,ILI_PMP,8,56.0
4.0,2.0,2,vague,100000.0,ci_lower,chp_operational,742,ILI_AED,8,56.0
4.0,2.0,2,vague,100000.0,ci_lower,chp_operational,742,ILI_CMP,8,52.5
4.0,2.0,2,vague,100000.0,ci_lower,chp_operational,742,ILI_School,8,35.0
4.0,2.0,2,vague,100000.0,ci_lower,chp_operational,742,ILI_NonSchool,8,10.5
4.0,2.0,2,vague,100000.0,ci_lower,chp_operational,742,Fever_RCHE,0,
4.0,2.0,2,vague,100000.0,ci_lower,chp_operational,742,Adm_All,8,28.0
4.0,2.0,2,vague,100000.0,ci_lower,chp_operational,742,Adm_0_5,8,42.0
4.0,2.0,2,vague,100000.0,ci_lower,chp_operational,742,Adm_6_11,8,28.0
4.0,2.0,2,vague,100000.0,ci_lower,chp_operational,742,Adm_12_17,8,24.5
4.0,2.0,2,vague,100000.0,ci_lower,chp_operational,742,Adm_18_49,8,10.5
4.0,2.0,2,vague,100000.0,ci_lower,chp_operational,742,Adm_50_64,8,24.5
4.0,2.0,2,vague,100000.0,ci_lower,chp_operational,742,Adm_65_higher,8,24.5
4.0,2.0,2,vague,100000.0,ci_lower,data_derived,743,ILI_PMP,8,56.0
4.0,2.0,2,vague,100000.0,ci_lower,data_derived,743,ILI_AED,8,56.0
4.0,2.0,2,vague,100000.0,ci_lower,data_derived,743,ILI_CMP,8,52.5
4.0,2.0,2,vague,100000.0,ci_lower,data_derived,743,ILI_School,8,35.0
4.0,2.0,2,vague,100000.0,ci_lower,data_derived,743,ILI_NonSchool,8,10.5
4.0,2.0,2,vague,100000.0,ci_lower,data_derived,743,Fever_RCHE,0,
4.0,2.0,2,vague,100000.0,ci_lower,data_derived,743,Adm_All,8,31.5
4.0,2.0,2,vague,100000.0,ci_lower,data_derived,743,Adm_0_5,8,42.0
4.0,2.0,2,vague,100000.0,ci_lower,data_derived,743,Adm_6_11,8,31.5
4.0,2.0,2,vague,100000.0,ci_lower,data_derived,743,Adm_12_17,8,28.0
4.0,2.0,2,vague,100000.0,ci_lower,data_derived,743,Adm_18_49,8,14.0
4.0,2.0,2,vague,100000.0,ci_lower,data_derived,743,Adm_50_64,8,24.5
4.0,2.0,2,vague,100000.0,ci_lower,data_derived,743,Adm_65_higher,8,24.5
4.0,2.0,2,weak_wide,1000.0,posterior_mean,chp_operational,744,ILI_PMP,8,56.0
4.0,2.0,2,weak_wide,1000.0,posterior_mean,chp_operational,744,ILI_AED,8,56.0
4.0,2.0,2,weak_wide,1000.0,posterior_mean,chp_operational,744,ILI_CMP,8,52.5
4.0,2.0,2,weak_wide,1000.0,posterior_mean,chp_operational,744,ILI_School,8,38.5
4.0,2.0,2,weak_wide,1000.0,posterior_mean,chp_operational,744,ILI_NonSchool,8,42.0
4.0,2.0,2,weak_wide,1000.0,posterior_mean,chp_operational,744,Fever_RCHE,8,56.0
4.0,2.0,2,weak_wide,1000.0,posterior_mean,chp_operational,744,Adm_All,8,56.0
4.0,2.0,2,weak_wide,1000.0,posterior_mean,chp_operational,744,Adm_0_5,8,56.0
4.0,2.0,2,weak_wide,1000.0,posterior_mean,chp_operational,744,Adm_6_11,8,52.5
4.0,2.0,2,weak_wide,1000.0,posterior_mean,chp_operational,744,Adm_12_17,8,56.0
4.0,2.0,2,weak_wide,1000.0,posterior_mean,chp_operational,744,Adm_18_49,8,45.5
4.0,2.0,2,weak_wide,1000.0,posterior_mean,chp_operational,744,Adm_50_64,8,42.0
4.0,2.0,2,weak_wide,1000.0,posterior_mean,chp_operational,744,Adm_65_higher,8,35.0
4.0,2.0,2,weak_wide,1000.0,posterior_mean,data_derived,745,ILI_PMP,8,56.0
4.0,2.0,2,weak_wide,1000.0,posterior_mean,data_derived,745,ILI_AED,8,56.0
4.0,2.0,2,weak_wide,1000.0,posterior_mean,data_derived,745,ILI_CMP,8,52.5
4.0,2.0,2,weak_wide,1000.0,posterior_mean,data_derived,745,ILI_School,8,38.5
4.0,2.0,2,weak_wide,1000.0,posterior_mean,data_derived,745,ILI_NonSchool,8,45.5
4.0,2.0,2,weak_wide,1000.0,posterior_mean,data_derived,745,Fever_RCHE,8,56.0
4.0,2.0,2,weak_wide,1000.0,posterior_mean,data_derived,745,Adm_All,8,56.0
4.0,2.0,2,weak_wide,1000.0,posterior_mean,data_derived,745,Adm_0_5,8,56.0
4.0,2.0,2,weak_wide,1000.0,posterior_mean,data_derived,745,Adm_6_11,8,52.5
4.0,2.0,2,weak_wide,1000.0,posterior_mean,data_derived,745,Adm_12_17,8,56.0
4.0,2.0,2,weak_wide,1000.0,posterior_mean,data_derived,745,Adm_18_49,8,45.5
4.0,2.0,2,weak_wide,1000.0,posterior_mean,data_derived,745,Adm_50_64,8,42.0
4.0,2.0,2,weak_wide,1000.0,posterior_mean,data_derived,745,Adm_65_higher,8,35.0
4.0,2.0,2,weak_wide,1000.0,ci_lower,chp_operational,746,ILI_PMP,8,56.0
4.0,2.0,2,weak_wide,1000.0,ci_lower,chp_operational,746,ILI_AED,8,56.0
4.0,2.0,2,weak_wide,1000.0,ci_lower,chp_operational,746,ILI_CMP,8,52.5
4.0,2.0,2,weak_wide,1000.0,ci_lower,chp_operational,746,ILI_School,8,35.0
4.0,2.0,2,weak_wide,1000.0,ci_lower,chp_operational,746,ILI_NonSchool,8,10.5
4.0,2.0,2,weak_wide,1000.0,ci_lower,chp_operational,746,Fever_RCHE,0,
4.0,2.0,2,weak_wide,1000.0,ci_lower,chp_operational,746,Adm_All,8,31.5
4.0,2.0,2,weak_wide,1000.0,ci_lower,chp_operational,746,Adm_0_5,8,42.0
4.0,2.0,2,weak_wide,1000.0,ci_lower,chp_operational,746,Adm_6_11,8,28.0
4.0,2.0,2,weak_wide,1000.0,ci_lower,chp_operational,746,Adm_12_17,8,24.5
4.0,2.0,2,weak_wide,1000.0,ci_lower,chp_operational,746,Adm_18_49,8,45.5
4.0,2.0,2,weak_wide,1000.0,ci_lower,chp_operational,746,Adm_50_64,8,28.0
4.0,2.0,2,weak_wide,1000.0,ci_lower,chp_operational,746,Adm_65_higher,8,31.5
4.0,2.0,2,weak_wide,1000.0,ci_lower,data_derived,747,ILI_PMP,8,56.0
4.0,2.0,2,weak_wide,1000.0,ci_lower,data_derived,747,ILI_AED,8,56.0
4.0,2.0,2,weak_wide,1000.0,ci_lower,data_derived,747,ILI_CMP,8,52.5
4.0,2.0,2,weak_wide,1000.0,ci_lower,data_derived,747,ILI_School,8,35.0
4.0,2.0,2,weak_wide,1000.0,ci_lower,data_derived,747,ILI_NonSchool,8,10.5
4.0,2.0,2,weak_wide,1000.0,ci_lower,data_derived,747,Fever_RCHE,0,
4.0,2.0,2,weak_wide,1000.0,ci_lower,data_derived,747,Adm_All,8,35.0
4.0,2.0,2,weak_wide,1000.0,ci_lower,data_derived,747,Adm_0_5,8,42.0
4.0,2.0,2,weak_wide,1000.0,ci_lower,data_derived,747,Adm_6_11,8,31.5
4.0,2.0,2,weak_wide,1000.0,ci_lower,data_derived,747,Adm_12_17,8,28.0
4.0,2.0,2,weak_wide,1000.0,ci_lower,data_derived,747,Adm_18_49,8,45.5
4.0,2.0,2,weak_wide,1000.0,ci_lower,data_derived,747,Adm_50_64,8,28.0
4.0,2.0,2,weak_wide,1000.0,ci_lower,data_derived,747,Adm_65_higher,8,31.5
4.0,2.0,2,weak_wide,10000.0,posterior_mean,chp_operational,748,ILI_PMP,8,56.0
4.0,2.0,2,weak_wide,10000.0,posterior_mean,chp_operational,748,ILI_AED,8,56.0
4.0,2.0,2,weak_wide,10000.0,posterior_mean,chp_operational,748,ILI_CMP,8,52.5
4.0,2.0,2,weak_wide,10000.0,posterior_mean,chp_operational,748,ILI_School,8,35.0
4.0,2.0,2,weak_wide,10000.0,posterior_mean,chp_operational,748,ILI_NonSchool,8,42.0
4.0,2.0,2,weak_wide,10000.0,posterior_mean,chp_operational,748,Fever_RCHE,8,56.0
4.0,2.0,2,weak_wide,10000.0,posterior_mean,chp_operational,748,Adm_All,8,56.0
4.0,2.0,2,weak_wide,10000.0,posterior_mean,chp_operational,748,Adm_0_5,8,56.0
4.0,2.0,2,weak_wide,10000.0,posterior_mean,chp_operational,748,Adm_6_11,8,52.5
4.0,2.0,2,weak_wide,10000.0,posterior_mean,chp_operational,748,Adm_12_17,8,56.0
4.0,2.0,2,weak_wide,10000.0,posterior_mean,chp_operational,748,Adm_18_49,8,45.5
4.0,2.0,2,weak_wide,10000.0,posterior_mean,chp_operational,748,Adm_50_64,8,42.0
4.0,2.0,2,weak_wide,10000.0,posterior_mean,chp_operational,748,Adm_65_higher,8,31.5
4.0,2.0,2,weak_wide,10000.0,posterior_mean,data_derived,749,ILI_PMP,8,56.0
4.0,2.0,2,weak_wide,10000.0,posterior_mean,data_derived,749,ILI_AED,8,56.0
4.0,2.0,2,weak_wide,10000.0,posterior_mean,data_derived,749,ILI_CMP,8,52.5
4.0,2.0,2,weak_wide,10000.0,posterior_mean,data_derived,749,ILI_School,8,35.0
4.0,2.0,2,weak_wide,10000.0,posterior_mean,data_derived,749,ILI_NonSchool,8,45.5
4.0,2.0,2,weak_wide,10000.0,posterior_mean,data_derived,749,Fever_RCHE,8,56.0
4.0,2.0,2,weak_wide,10000.0,posterior_mean,data_derived,749,Adm_All,8,56.0
4.0,2.0,2,weak_wide,10000.0,posterior_mean,data_derived,749,Adm_0_5,8,56.0
4.0,2.0,2,weak_wide,10000.0,posterior_mean,data_derived,749,Adm_6_11,8,52.5
4.0,2.0,2,weak_wide,10000.0,posterior_mean,data_derived,749,Adm_12_17,8,56.0
4.0,2.0,2,weak_wide,10000.0,posterior_mean,data_derived,749,Adm_18_49,8,45.5
4.0,2.0,2,weak_wide,10000.0,posterior_mean,data_derived,749,Adm_50_64,8,42.0
4.0,2.0,2,weak_wide,10000.0,posterior_mean,data_derived,749,Adm_65_higher,8,31.5
4.0,2.0,2,weak_wide,10000.0,ci_lower,chp_operational,750,ILI_PMP,8,56.0
4.0,2.0,2,weak_wide,10000.0,ci_lower,chp_operational,750,ILI_AED,8,56.0
4.0,2.0,2,weak_wide,10000.0,ci_lower,chp_operational,750,ILI_CMP,8,52.5
4.0,2.0,2,weak_wide,10000.0,ci_lower,chp_operational,750,ILI_School,8,35.0
4.0,2.0,2,weak_wide,10000.0,ci_lower,chp_operational,750,ILI_NonSchool,8,10.5
4.0,2.0,2,weak_wide,10000.0,ci_lower,chp_operational,750,Fever_RCHE,6,-35.0
4.0,2.0,2,weak_wide,10000.0,ci_lower,chp_operational,750,Adm_All,8,45.5
4.0,2.0,2,weak_wide,10000.0,ci_lower,chp_operational,750,Adm_0_5,8,42.0
4.0,2.0,2,weak_wide,10000.0,ci_lower,chp_operational,750,Adm_6_11,8,28.0
4.0,2.0,2,weak_wide,10000.0,ci_lower,chp_operational,750,Adm_12_17,8,24.5
4.0,2.0,2,weak_wide,10000.0,ci_lower,chp_operational,750,Adm_18_49,8,45.5
4.0,2.0,2,weak_wide,10000.0,ci_lower,chp_operational,750,Adm_50_64,8,28.0
4.0,2.0,2,weak_wide,10000.0,ci_lower,chp_operational,750,Adm_65_higher,8,31.5
4.0,2.0,2,weak_wide,10000.0,ci_lower,data_derived,751,ILI_PMP,8,56.0
4.0,2.0,2,weak_wide,10000.0,ci_lower,data_derived,751,ILI_AED,8,56.0
4.0,2.0,2,weak_wide,10000.0,ci_lower,data_derived,751,ILI_CMP,8,52.5
4.0,2.0,2,weak_wide,10000.0,ci_lower,data_derived,751,ILI_School,8,35.0
4.0,2.0,2,weak_wide,10000.0,ci_lower,data_derived,751,ILI_NonSchool,8,10.5
4.0,2.0,2,weak_wide,10000.0,ci_lower,data_derived,751,Fever_RCHE,6,-31.5
4.0,2.0,2,weak_wide,10000.0,ci_lower,data_derived,751,Adm_All,8,45.5
4.0,2.0,2,weak_wide,10000.0,ci_lower,data_derived,751,Adm_0_5,8,42.0
4.0,2.0,2,weak_wide,10000.0,ci_lower,data_derived,751,Adm_6_11,8,31.5
4.0,2.0,2,weak_wide,10000.0,ci_lower,data_derived,751,Adm_12_17,8,28.0
4.0,2.0,2,weak_wide,10000.0,ci_lower,data_derived,751,Adm_18_49,8,45.5
4.0,2.0,2,weak_wide,10000.0,ci_lower,data_derived,751,Adm_50_64,8,28.0
4.0,2.0,2,weak_wide,10000.0,ci_lower,data_derived,751,Adm_65_higher,8,31.5
4.0,2.0,2,weak_wide,100000.0,posterior_mean,chp_operational,752,ILI_PMP,8,56.0
4.0,2.0,2,weak_wide,100000.0,posterior_mean,chp_operational,752,ILI_AED,8,56.0
4.0,2.0,2,weak_wide,100000.0,posterior_mean,chp_operational,752,ILI_CMP,8,52.5
4.0,2.0,2,weak_wide,100000.0,posterior_mean,chp_operational,752,ILI_School,8,35.0
4.0,2.0,2,weak_wide,100000.0,posterior_mean,chp_operational,752,ILI_NonSchool,8,42.0
4.0,2.0,2,weak_wide,100000.0,posterior_mean,chp_operational,752,Fever_RCHE,8,52.5
4.0,2.0,2,weak_wide,100000.0,posterior_mean,chp_operational,752,Adm_All,8,56.0
4.0,2.0,2,weak_wide,100000.0,posterior_mean,chp_operational,752,Adm_0_5,8,56.0
4.0,2.0,2,weak_wide,100000.0,posterior_mean,chp_operational,752,Adm_6_11,8,49.0
4.0,2.0,2,weak_wide,100000.0,posterior_mean,chp_operational,752,Adm_12_17,8,56.0
4.0,2.0,2,weak_wide,100000.0,posterior_mean,chp_operational,752,Adm_18_49,8,45.5
4.0,2.0,2,weak_wide,100000.0,posterior_mean,chp_operational,752,Adm_50_64,8,42.0
4.0,2.0,2,weak_wide,100000.0,posterior_mean,chp_operational,752,Adm_65_higher,8,31.5
4.0,2.0,2,weak_wide,100000.0,posterior_mean,data_derived,753,ILI_PMP,8,56.0
4.0,2.0,2,weak_wide,100000.0,posterior_mean,data_derived,753,ILI_AED,8,56.0
4.0,2.0,2,weak_wide,100000.0,posterior_mean,data_derived,753,ILI_CMP,8,52.5
4.0,2.0,2,weak_wide,100000.0,posterior_mean,data_derived,753,ILI_School,8,35.0
4.0,2.0,2,weak_wide,100000.0,posterior_mean,data_derived,753,ILI_NonSchool,8,45.5
4.0,2.0,2,weak_wide,100000.0,posterior_mean,data_derived,753,Fever_RCHE,8,52.5
4.0,2.0,2,weak_wide,100000.0,posterior_mean,data_derived,753,Adm_All,8,56.0
4.0,2.0,2,weak_wide,100000.0,posterior_mean,data_derived,753,Adm_0_5,8,56.0
4.0,2.0,2,weak_wide,100000.0,posterior_mean,data_derived,753,Adm_6_11,8,49.0
4.0,2.0,2,weak_wide,100000.0,posterior_mean,data_derived,753,Adm_12_17,8,56.0
4.0,2.0,2,weak_wide,100000.0,posterior_mean,data_derived,753,Adm_18_49,8,45.5
4.0,2.0,2,weak_wide,100000.0,posterior_mean,data_derived,753,Adm_50_64,8,42.0
4.0,2.0,2,weak_wide,100000.0,posterior_mean,data_derived,753,Adm_65_higher,8,31.5
4.0,2.0,2,weak_wide,100000.0,ci_lower,chp_operational,754,ILI_PMP,8,56.0
4.0,2.0,2,weak_wide,100000.0,ci_lower,chp_operational,754,ILI_AED,8,56.0
4.0,2.0,2,weak_wide,100000.0,ci_lower,chp_operational,754,ILI_CMP,8,52.5
4.0,2.0,2,weak_wide,100000.0,ci_lower,chp_operational,754,ILI_School,8,35.0
4.0,2.0,2,weak_wide,100000.0,ci_lower,chp_operational,754,ILI_NonSchool,8,10.5
4.0,2.0,2,weak_wide,100000.0,ci_lower,chp_operational,754,Fever_RCHE,8,38.5
4.0,2.0,2,weak_wide,100000.0,ci_lower,chp_operational,754,Adm_All,8,52.5
4.0,2.0,2,weak_wide,100000.0,ci_lower,chp_operational,754,Adm_0_5,8,56.0
4.0,2.0,2,weak_wide,100000.0,ci_lower,chp_operational,754,Adm_6_11,8,31.5
4.0,2.0,2,weak_wide,100000.0,ci_lower,chp_operational,754,Adm_12_17,8,24.5
4.0,2.0,2,weak_wide,100000.0,ci_lower,chp_operational,754,Adm_18_49,8,45.5
4.0,2.0,2,weak_wide,100000.0,ci_lower,chp_operational,754,Adm_50_64,8,42.0
4.0,2.0,2,weak_wide,100000.0,ci_lower,chp_operational,754,Adm_65_higher,8,31.5
4.0,2.0,2,weak_wide,100000.0,ci_lower,data_derived,755,ILI_PMP,8,56.0
4.0,2.0,2,weak_wide,100000.0,ci_lower,data_derived,755,ILI_AED,8,56.0
4.0,2.0,2,weak_wide,100000.0,ci_lower,data_derived,755,ILI_CMP,8,52.5
4.0,2.0,2,weak_wide,100000.0,ci_lower,data_derived,755,ILI_School,8,35.0
4.0,2.0,2,weak_wide,100000.0,ci_lower,data_derived,755,ILI_NonSchool,8,10.5
4.0,2.0,2,weak_wide,100000.0,ci_lower,data_derived,755,Fever_RCHE,8,38.5
4.0,2.0,2,weak_wide,100000.0,ci_lower,data_derived,755,Adm_All,8,56.0
4.0,2.0,2,weak_wide,100000.0,ci_lower,data_derived,755,Adm_0_5,8,56.0
4.0,2.0,2,weak_wide,100000.0,ci_lower,data_derived,755,Adm_6_11,8,31.5
4.0,2.0,2,weak_wide,100000.0,ci_lower,data_derived,755,Adm_12_17,8,28.0
4.0,2.0,2,weak_wide,100000.0,ci_lower,data_derived,755,Adm_18_49,8,45.5
4.0,2.0,2,weak_wide,100000.0,ci_lower,data_derived,755,Adm_50_64,8,42.0
4.0,2.0,2,weak_wide,100000.0,ci_lower,data_derived,755,Adm_65_higher,8,31.5
4.0,2.0,3,v7,1000.0,posterior_mean,chp_operational,756,ILI_PMP,8,49.0
4.0,2.0,3,v7,1000.0,posterior_mean,chp_operational,756,ILI_AED,8,49.0
4.0,2.0,3,v7,1000.0,posterior_mean,chp_operational,756,ILI_CMP,8,45.5
4.0,2.0,3,v7,1000.0,posterior_mean,chp_operational,756,ILI_School,8,31.5
4.0,2.0,3,v7,1000.0,posterior_mean,chp_operational,756,ILI_NonSchool,8,10.5
4.0,2.0,3,v7,1000.0,posterior_mean,chp_operational,756,Fever_RCHE,0,
4.0,2.0,3,v7,1000.0,posterior_mean,chp_operational,756,Adm_All,8,38.5
4.0,2.0,3,v7,1000.0,posterior_mean,chp_operational,756,Adm_0_5,8,38.5
4.0,2.0,3,v7,1000.0,posterior_mean,chp_operational,756,Adm_6_11,8,28.0
4.0,2.0,3,v7,1000.0,posterior_mean,chp_operational,756,Adm_12_17,8,24.5
4.0,2.0,3,v7,1000.0,posterior_mean,chp_operational,756,Adm_18_49,8,7.0
4.0,2.0,3,v7,1000.0,posterior_mean,chp_operational,756,Adm_50_64,8,17.5
4.0,2.0,3,v7,1000.0,posterior_mean,chp_operational,756,Adm_65_higher,8,24.5
4.0,2.0,3,v7,1000.0,posterior_mean,data_derived,757,ILI_PMP,8,49.0
4.0,2.0,3,v7,1000.0,posterior_mean,data_derived,757,ILI_AED,8,49.0
4.0,2.0,3,v7,1000.0,posterior_mean,data_derived,757,ILI_CMP,8,45.5
4.0,2.0,3,v7,1000.0,posterior_mean,data_derived,757,ILI_School,8,31.5
4.0,2.0,3,v7,1000.0,posterior_mean,data_derived,757,ILI_NonSchool,8,10.5
4.0,2.0,3,v7,1000.0,posterior_mean,data_derived,757,Fever_RCHE,0,
4.0,2.0,3,v7,1000.0,posterior_mean,data_derived,757,Adm_All,8,38.5
4.0,2.0,3,v7,1000.0,posterior_mean,data_derived,757,Adm_0_5,8,38.5
4.0,2.0,3,v7,1000.0,posterior_mean,data_derived,757,Adm_6_11,8,28.0
4.0,2.0,3,v7,1000.0,posterior_mean,data_derived,757,Adm_12_17,8,28.0
4.0,2.0,3,v7,1000.0,posterior_mean,data_derived,757,Adm_18_49,8,7.0
4.0,2.0,3,v7,1000.0,posterior_mean,data_derived,757,Adm_50_64,8,17.5
4.0,2.0,3,v7,1000.0,posterior_mean,data_derived,757,Adm_65_higher,8,24.5
4.0,2.0,3,v7,1000.0,ci_lower,chp_operational,758,ILI_PMP,8,49.0
4.0,2.0,3,v7,1000.0,ci_lower,chp_operational,758,ILI_AED,8,42.0
4.0,2.0,3,v7,1000.0,ci_lower,chp_operational,758,ILI_CMP,8,45.5
4.0,2.0,3,v7,1000.0,ci_lower,chp_operational,758,ILI_School,8,31.5
4.0,2.0,3,v7,1000.0,ci_lower,chp_operational,758,ILI_NonSchool,8,10.5
4.0,2.0,3,v7,1000.0,ci_lower,chp_operational,758,Fever_RCHE,0,
4.0,2.0,3,v7,1000.0,ci_lower,chp_operational,758,Adm_All,8,14.0
4.0,2.0,3,v7,1000.0,ci_lower,chp_operational,758,Adm_0_5,8,38.5
4.0,2.0,3,v7,1000.0,ci_lower,chp_operational,758,Adm_6_11,8,24.5
4.0,2.0,3,v7,1000.0,ci_lower,chp_operational,758,Adm_12_17,8,24.5
4.0,2.0,3,v7,1000.0,ci_lower,chp_operational,758,Adm_18_49,8,3.5
4.0,2.0,3,v7,1000.0,ci_lower,chp_operational,758,Adm_50_64,8,10.5
4.0,2.0,3,v7,1000.0,ci_lower,chp_operational,758,Adm_65_higher,8,24.5
4.0,2.0,3,v7,1000.0,ci_lower,data_derived,759,ILI_PMP,8,49.0
4.0,2.0,3,v7,1000.0,ci_lower,data_derived,759,ILI_AED,8,42.0
4.0,2.0,3,v7,1000.0,ci_lower,data_derived,759,ILI_CMP,8,45.5
4.0,2.0,3,v7,1000.0,ci_lower,data_derived,759,ILI_School,8,31.5
4.0,2.0,3,v7,1000.0,ci_lower,data_derived,759,ILI_NonSchool,8,10.5
4.0,2.0,3,v7,1000.0,ci_lower,data_derived,759,Fever_RCHE,0,
4.0,2.0,3,v7,1000.0,ci_lower,data_derived,759,Adm_All,8,17.5
4.0,2.0,3,v7,1000.0,ci_lower,data_derived,759,Adm_0_5,8,38.5
4.0,2.0,3,v7,1000.0,ci_lower,data_derived,759,Adm_6_11,8,24.5
4.0,2.0,3,v7,1000.0,ci_lower,data_derived,759,Adm_12_17,8,24.5
4.0,2.0,3,v7,1000.0,ci_lower,data_derived,759,Adm_18_49,8,3.5
4.0,2.0,3,v7,1000.0,ci_lower,data_derived,759,Adm_50_64,8,10.5
4.0,2.0,3,v7,1000.0,ci_lower,data_derived,759,Adm_65_higher,8,24.5
4.0,2.0,3,v7,10000.0,posterior_mean,chp_operational,760,ILI_PMP,8,49.0
4.0,2.0,3,v7,10000.0,posterior_mean,chp_operational,760,ILI_AED,8,49.0
4.0,2.0,3,v7,10000.0,posterior_mean,chp_operational,760,ILI_CMP,8,45.5
4.0,2.0,3,v7,10000.0,posterior_mean,chp_operational,760,ILI_School,8,31.5
4.0,2.0,3,v7,10000.0,posterior_mean,chp_operational,760,ILI_NonSchool,8,10.5
4.0,2.0,3,v7,10000.0,posterior_mean,chp_operational,760,Fever_RCHE,8,7.0
4.0,2.0,3,v7,10000.0,posterior_mean,chp_operational,760,Adm_All,8,38.5
4.0,2.0,3,v7,10000.0,posterior_mean,chp_operational,760,Adm_0_5,8,38.5
4.0,2.0,3,v7,10000.0,posterior_mean,chp_operational,760,Adm_6_11,8,28.0
4.0,2.0,3,v7,10000.0,posterior_mean,chp_operational,760,Adm_12_17,8,24.5
4.0,2.0,3,v7,10000.0,posterior_mean,chp_operational,760,Adm_18_49,8,42.0
4.0,2.0,3,v7,10000.0,posterior_mean,chp_operational,760,Adm_50_64,8,24.5
4.0,2.0,3,v7,10000.0,posterior_mean,chp_operational,760,Adm_65_higher,8,24.5
4.0,2.0,3,v7,10000.0,posterior_mean,data_derived,761,ILI_PMP,8,49.0
4.0,2.0,3,v7,10000.0,posterior_mean,data_derived,761,ILI_AED,8,49.0
4.0,2.0,3,v7,10000.0,posterior_mean,data_derived,761,ILI_CMP,8,45.5
4.0,2.0,3,v7,10000.0,posterior_mean,data_derived,761,ILI_School,8,31.5
4.0,2.0,3,v7,10000.0,posterior_mean,data_derived,761,ILI_NonSchool,8,10.5
4.0,2.0,3,v7,10000.0,posterior_mean,data_derived,761,Fever_RCHE,8,10.5
4.0,2.0,3,v7,10000.0,posterior_mean,data_derived,761,Adm_All,8,38.5
4.0,2.0,3,v7,10000.0,posterior_mean,data_derived,761,Adm_0_5,8,38.5
4.0,2.0,3,v7,10000.0,posterior_mean,data_derived,761,Adm_6_11,8,28.0
4.0,2.0,3,v7,10000.0,posterior_mean,data_derived,761,Adm_12_17,8,28.0
4.0,2.0,3,v7,10000.0,posterior_mean,data_derived,761,Adm_18_49,8,42.0
4.0,2.0,3,v7,10000.0,posterior_mean,data_derived,761,Adm_50_64,8,24.5
4.0,2.0,3,v7,10000.0,posterior_mean,data_derived,761,Adm_65_higher,8,24.5
4.0,2.0,3,v7,10000.0,ci_lower,chp_operational,762,ILI_PMP,8,49.0
4.0,2.0,3,v7,10000.0,ci_lower,chp_operational,762,ILI_AED,8,49.0
4.0,2.0,3,v7,10000.0,ci_lower,chp_operational,762,ILI_CMP,8,45.5
4.0,2.0,3,v7,10000.0,ci_lower,chp_operational,762,ILI_School,8,31.5
4.0,2.0,3,v7,10000.0,ci_lower,chp_operational,762,ILI_NonSchool,8,10.5
4.0,2.0,3,v7,10000.0,ci_lower,chp_operational,762,Fever_RCHE,0,
4.0,2.0,3,v7,10000.0,ci_lower,chp_operational,762,Adm_All,8,35.0
4.0,2.0,3,v7,10000.0,ci_lower,chp_operational,762,Adm_0_5,8,38.5
4.0,2.0,3,v7,10000.0,ci_lower,chp_operational,762,Adm_6_11,8,28.0
4.0,2.0,3,v7,10000.0,ci_lower,chp_operational,762,Adm_12_17,8,24.5
4.0,2.0,3,v7,10000.0,ci_lower,chp_operational,762,Adm_18_49,8,24.5
4.0,2.0,3,v7,10000.0,ci_lower,chp_operational,762,Adm_50_64,8,21.0
4.0,2.0,3,v7,10000.0,ci_lower,chp_operational,762,Adm_65_higher,8,24.5
4.0,2.0,3,v7,10000.0,ci_lower,data_derived,763,ILI_PMP,8,49.0
4.0,2.0,3,v7,10000.0,ci_lower,data_derived,763,ILI_AED,8,49.0
4.0,2.0,3,v7,10000.0,ci_lower,data_derived,763,ILI_CMP,8,45.5
4.0,2.0,3,v7,10000.0,ci_lower,data_derived,763,ILI_School,8,31.5
4.0,2.0,3,v7,10000.0,ci_lower,data_derived,763,ILI_NonSchool,8,10.5
4.0,2.0,3,v7,10000.0,ci_lower,data_derived,763,Fever_RCHE,0,
4.0,2.0,3,v7,10000.0,ci_lower,data_derived,763,Adm_All,8,35.0
4.0,2.0,3,v7,10000.0,ci_lower,data_derived,763,Adm_0_5,8,38.5
4.0,2.0,3,v7,10000.0,ci_lower,data_derived,763,Adm_6_11,8,28.0
4.0,2.0,3,v7,10000.0,ci_lower,data_derived,763,Adm_12_17,8,24.5
4.0,2.0,3,v7,10000.0,ci_lower,data_derived,763,Adm_18_49,8,24.5
4.0,2.0,3,v7,10000.0,ci_lower,data_derived,763,Adm_50_64,8,21.0
4.0,2.0,3,v7,10000.0,ci_lower,data_derived,763,Adm_65_higher,8,24.5
4.0,2.0,3,v7,100000.0,posterior_mean,chp_operational,764,ILI_PMP,8,49.0
4.0,2.0,3,v7,100000.0,posterior_mean,chp_operational,764,ILI_AED,8,49.0
4.0,2.0,3,v7,100000.0,posterior_mean,chp_operational,764,ILI_CMP,8,45.5
4.0,2.0,3,v7,100000.0,posterior_mean,chp_operational,764,ILI_School,8,31.5
4.0,2.0,3,v7,100000.0,posterior_mean,chp_operational,764,ILI_NonSchool,8,10.5
4.0,2.0,3,v7,100000.0,posterior_mean,chp_operational,764,Fever_RCHE,8,49.0
4.0,2.0,3,v7,100000.0,posterior_mean,chp_operational,764,Adm_All,8,38.5
4.0,2.0,3,v7,100000.0,posterior_mean,chp_operational,764,Adm_0_5,8,38.5
4.0,2.0,3,v7,100000.0,posterior_mean,chp_operational,764,Adm_6_11,8,28.0
4.0,2.0,3,v7,100000.0,posterior_mean,chp_operational,764,Adm_12_17,8,24.5
4.0,2.0,3,v7,100000.0,posterior_mean,chp_operational,764,Adm_18_49,8,42.0
4.0,2.0,3,v7,100000.0,posterior_mean,chp_operational,764,Adm_50_64,8,24.5
4.0,2.0,3,v7,100000.0,posterior_mean,chp_operational,764,Adm_65_higher,8,24.5
4.0,2.0,3,v7,100000.0,posterior_mean,data_derived,765,ILI_PMP,8,49.0
4.0,2.0,3,v7,100000.0,posterior_mean,data_derived,765,ILI_AED,8,49.0
4.0,2.0,3,v7,100000.0,posterior_mean,data_derived,765,ILI_CMP,8,45.5
4.0,2.0,3,v7,100000.0,posterior_mean,data_derived,765,ILI_School,8,31.5
4.0,2.0,3,v7,100000.0,posterior_mean,data_derived,765,ILI_NonSchool,8,10.5
4.0,2.0,3,v7,100000.0,posterior_mean,data_derived,765,Fever_RCHE,8,49.0
4.0,2.0,3,v7,100000.0,posterior_mean,data_derived,765,Adm_All,8,38.5
4.0,2.0,3,v7,100000.0,posterior_mean,data_derived,765,Adm_0_5,8,38.5
4.0,2.0,3,v7,100000.0,posterior_mean,data_derived,765,Adm_6_11,8,28.0
4.0,2.0,3,v7,100000.0,posterior_mean,data_derived,765,Adm_12_17,8,28.0
4.0,2.0,3,v7,100000.0,posterior_mean,data_derived,765,Adm_18_49,8,42.0
4.0,2.0,3,v7,100000.0,posterior_mean,data_derived,765,Adm_50_64,8,24.5
4.0,2.0,3,v7,100000.0,posterior_mean,data_derived,765,Adm_65_higher,8,24.5
4.0,2.0,3,v7,100000.0,ci_lower,chp_operational,766,ILI_PMP,8,49.0
4.0,2.0,3,v7,100000.0,ci_lower,chp_operational,766,ILI_AED,8,49.0
4.0,2.0,3,v7,100000.0,ci_lower,chp_operational,766,ILI_CMP,8,45.5
4.0,2.0,3,v7,100000.0,ci_lower,chp_operational,766,ILI_School,8,31.5
4.0,2.0,3,v7,100000.0,ci_lower,chp_operational,766,ILI_NonSchool,8,10.5
4.0,2.0,3,v7,100000.0,ci_lower,chp_operational,766,Fever_RCHE,8,7.0
4.0,2.0,3,v7,100000.0,ci_lower,chp_operational,766,Adm_All,8,38.5
4.0,2.0,3,v7,100000.0,ci_lower,chp_operational,766,Adm_0_5,8,38.5
4.0,2.0,3,v7,100000.0,ci_lower,chp_operational,766,Adm_6_11,8,28.0
4.0,2.0,3,v7,100000.0,ci_lower,chp_operational,766,Adm_12_17,8,24.5
4.0,2.0,3,v7,100000.0,ci_lower,chp_operational,766,Adm_18_49,8,28.0
4.0,2.0,3,v7,100000.0,ci_lower,chp_operational,766,Adm_50_64,8,24.5
4.0,2.0,3,v7,100000.0,ci_lower,chp_operational,766,Adm_65_higher,8,24.5
4.0,2.0,3,v7,100000.0,ci_lower,data_derived,767,ILI_PMP,8,49.0
4.0,2.0,3,v7,100000.0,ci_lower,data_derived,767,ILI_AED,8,49.0
4.0,2.0,3,v7,100000.0,ci_lower,data_derived,767,ILI_CMP,8,45.5
4.0,2.0,3,v7,100000.0,ci_lower,data_derived,767,ILI_School,8,31.5
4.0,2.0,3,v7,100000.0,ci_lower,data_derived,767,ILI_NonSchool,8,10.5
4.0,2.0,3,v7,100000.0,ci_lower,data_derived,767,Fever_RCHE,8,10.5
4.0,2.0,3,v7,100000.0,ci_lower,data_derived,767,Adm_All,8,38.5
4.0,2.0,3,v7,100000.0,ci_lower,data_derived,767,Adm_0_5,8,38.5
4.0,2.0,3,v7,100000.0,ci_lower,data_derived,767,Adm_6_11,8,28.0
4.0,2.0,3,v7,100000.0,ci_lower,data_derived,767,Adm_12_17,8,28.0
4.0,2.0,3,v7,100000.0,ci_lower,data_derived,767,Adm_18_49,8,28.0
4.0,2.0,3,v7,100000.0,ci_lower,data_derived,767,Adm_50_64,8,24.5
4.0,2.0,3,v7,100000.0,ci_lower,data_derived,767,Adm_65_higher,8,24.5
4.0,2.0,3,vague,1000.0,posterior_mean,chp_operational,768,ILI_PMP,8,49.0
4.0,2.0,3,vague,1000.0,posterior_mean,chp_operational,768,ILI_AED,8,49.0
4.0,2.0,3,vague,1000.0,posterior_mean,chp_operational,768,ILI_CMP,7,-49.0
4.0,2.0,3,vague,1000.0,posterior_mean,chp_operational,768,ILI_School,8,31.5
4.0,2.0,3,vague,1000.0,posterior_mean,chp_operational,768,ILI_NonSchool,8,7.0
4.0,2.0,3,vague,1000.0,posterior_mean,chp_operational,768,Fever_RCHE,0,
4.0,2.0,3,vague,1000.0,posterior_mean,chp_operational,768,Adm_All,2,-63.0
4.0,2.0,3,vague,1000.0,posterior_mean,chp_operational,768,Adm_0_5,8,-14.0
4.0,2.0,3,vague,1000.0,posterior_mean,chp_operational,768,Adm_6_11,5,-35.0
4.0,2.0,3,vague,1000.0,posterior_mean,chp_operational,768,Adm_12_17,3,-70.0
4.0,2.0,3,vague,1000.0,posterior_mean,chp_operational,768,Adm_18_49,0,
4.0,2.0,3,vague,1000.0,posterior_mean,chp_operational,768,Adm_50_64,0,
4.0,2.0,3,vague,1000.0,posterior_mean,chp_operational,768,Adm_65_higher,6,-24.5
4.0,2.0,3,vague,1000.0,posterior_mean,data_derived,769,ILI_PMP,8,49.0
4.0,2.0,3,vague,1000.0,posterior_mean,data_derived,769,ILI_AED,8,49.0
4.0,2.0,3,vague,1000.0,posterior_mean,data_derived,769,ILI_CMP,7,-49.0
4.0,2.0,3,vague,1000.0,posterior_mean,data_derived,769,ILI_School,8,31.5
4.0,2.0,3,vague,1000.0,posterior_mean,data_derived,769,ILI_NonSchool,8,7.0
4.0,2.0,3,vague,1000.0,posterior_mean,data_derived,769,Fever_RCHE,0,
4.0,2.0,3,vague,1000.0,posterior_mean,data_derived,769,Adm_All,2,-59.5
4.0,2.0,3,vague,1000.0,posterior_mean,data_derived,769,Adm_0_5,8,-10.5
4.0,2.0,3,vague,1000.0,posterior_mean,data_derived,769,Adm_6_11,5,-35.0
4.0,2.0,3,vague,1000.0,posterior_mean,data_derived,769,Adm_12_17,3,-70.0
4.0,2.0,3,vague,1000.0,posterior_mean,data_derived,769,Adm_18_49,0,
4.0,2.0,3,vague,1000.0,posterior_mean,data_derived,769,Adm_50_64,0,
4.0,2.0,3,vague,1000.0,posterior_mean,data_derived,769,Adm_65_higher,6,-24.5
4.0,2.0,3,vague,1000.0,ci_lower,chp_operational,770,ILI_PMP,8,49.0
4.0,2.0,3,vague,1000.0,ci_lower,chp_operational,770,ILI_AED,8,42.0
4.0,2.0,3,vague,1000.0,ci_lower,chp_operational,770,ILI_CMP,4,-10.5
4.0,2.0,3,vague,1000.0,ci_lower,chp_operational,770,ILI_School,8,28.0
4.0,2.0,3,vague,1000.0,ci_lower,chp_operational,770,ILI_NonSchool,8,-14.0
4.0,2.0,3,vague,1000.0,ci_lower,chp_operational,770,Fever_RCHE,0,
4.0,2.0,3,vague,1000.0,ci_lower,chp_operational,770,Adm_All,1,-98.0
4.0,2.0,3,vague,1000.0,ci_lower,chp_operational,770,Adm_0_5,7,-14.0
4.0,2.0,3,vague,1000.0,ci_lower,chp_operational,770,Adm_6_11,4,-59.5
4.0,2.0,3,vague,1000.0,ci_lower,chp_operational,770,Adm_12_17,0,
4.0,2.0,3,vague,1000.0,ci_lower,chp_operational,770,Adm_18_49,0,
4.0,2.0,3,vague,1000.0,ci_lower,chp_operational,770,Adm_50_64,0,
4.0,2.0,3,vague,1000.0,ci_lower,chp_operational,770,Adm_65_higher,6,-24.5
4.0,2.0,3,vague,1000.0,ci_lower,data_derived,771,ILI_PMP,8,49.0
4.0,2.0,3,vague,1000.0,ci_lower,data_derived,771,ILI_AED,8,42.0
4.0,2.0,3,vague,1000.0,ci_lower,data_derived,771,ILI_CMP,4,-7.0
4.0,2.0,3,vague,1000.0,ci_lower,data_derived,771,ILI_School,8,31.5
4.0,2.0,3,vague,1000.0,ci_lower,data_derived,771,ILI_NonSchool,8,-10.5
4.0,2.0,3,vague,1000.0,ci_lower,data_derived,771,Fever_RCHE,0,
4.0,2.0,3,vague,1000.0,ci_lower,data_derived,771,Adm_All,1,-91.0
4.0,2.0,3,vague,1000.0,ci_lower,data_derived,771,Adm_0_5,7,-7.0
4.0,2.0,3,vague,1000.0,ci_lower,data_derived,771,Adm_6_11,4,-56.0
4.0,2.0,3,vague,1000.0,ci_lower,data_derived,771,Adm_12_17,0,
4.0,2.0,3,vague,1000.0,ci_lower,data_derived,771,Adm_18_49,0,
4.0,2.0,3,vague,1000.0,ci_lower,data_derived,771,Adm_50_64,0,
4.0,2.0,3,vague,1000.0,ci_lower,data_derived,771,Adm_65_higher,6,-24.5
4.0,2.0,3,vague,10000.0,posterior_mean,chp_operational,772,ILI_PMP,8,49.0
4.0,2.0,3,vague,10000.0,posterior_mean,chp_operational,772,ILI_AED,8,49.0
4.0,2.0,3,vague,10000.0,posterior_mean,chp_operational,772,ILI_CMP,8,45.5
4.0,2.0,3,vague,10000.0,posterior_mean,chp_operational,772,ILI_School,8,31.5
4.0,2.0,3,vague,10000.0,posterior_mean,chp_operational,772,ILI_NonSchool,8,10.5
4.0,2.0,3,vague,10000.0,posterior_mean,chp_operational,772,Fever_RCHE,0,
4.0,2.0,3,vague,10000.0,posterior_mean,chp_operational,772,Adm_All,8,-10.5
4.0,2.0,3,vague,10000.0,posterior_mean,chp_operational,772,Adm_0_5,8,24.5
4.0,2.0,3,vague,10000.0,posterior_mean,chp_operational,772,Adm_6_11,8,10.5
4.0,2.0,3,vague,10000.0,posterior_mean,chp_operational,772,Adm_12_17,8,-17.5
4.0,2.0,3,vague,10000.0,posterior_mean,chp_operational,772,Adm_18_49,7,-28.0
4.0,2.0,3,vague,10000.0,posterior_mean,chp_operational,772,Adm_50_64,8,-17.5
4.0,2.0,3,vague,10000.0,posterior_mean,chp_operational,772,Adm_65_higher,8,-3.5
4.0,2.0,3,vague,10000.0,posterior_mean,data_derived,773,ILI_PMP,8,49.0
4.0,2.0,3,vague,10000.0,posterior_mean,data_derived,773,ILI_AED,8,49.0
4.0,2.0,3,vague,10000.0,posterior_mean,data_derived,773,ILI_CMP,8,45.5
4.0,2.0,3,vague,10000.0,posterior_mean,data_derived,773,ILI_School,8,31.5
4.0,2.0,3,vague,10000.0,posterior_mean,data_derived,773,ILI_NonSchool,8,10.5
4.0,2.0,3,vague,10000.0,posterior_mean,data_derived,773,Fever_RCHE,0,
4.0,2.0,3,vague,10000.0,posterior_mean,data_derived,773,Adm_All,8,-7.0
4.0,2.0,3,vague,10000.0,posterior_mean,data_derived,773,Adm_0_5,8,28.0
4.0,2.0,3,vague,10000.0,posterior_mean,data_derived,773,Adm_6_11,8,14.0
4.0,2.0,3,vague,10000.0,posterior_mean,data_derived,773,Adm_12_17,8,-14.0
4.0,2.0,3,vague,10000.0,posterior_mean,data_derived,773,Adm_18_49,7,-21.0
4.0,2.0,3,vague,10000.0,posterior_mean,data_derived,773,Adm_50_64,8,-14.0
4.0,2.0,3,vague,10000.0,posterior_mean,data_derived,773,Adm_65_higher,8,0.0
4.0,2.0,3,vague,10000.0,ci_lower,chp_operational,774,ILI_PMP,8,49.0
4.0,2.0,3,vague,10000.0,ci_lower,chp_operational,774,ILI_AED,8,49.0
4.0,2.0,3,vague,10000.0,ci_lower,chp_operational,774,ILI_CMP,8,45.5
4.0,2.0,3,vague,10000.0,ci_lower,chp_operational,774,ILI_School,8,31.5
4.0,2.0,3,vague,10000.0,ci_lower,chp_operational,774,ILI_NonSchool,8,10.5
4.0,2.0,3,vague,10000.0,ci_lower,chp_operational,774,Fever_RCHE,0,
4.0,2.0,3,vague,10000.0,ci_lower,chp_operational,774,Adm_All,8,-10.5
4.0,2.0,3,vague,10000.0,ci_lower,chp_operational,774,Adm_0_5,8,24.5
4.0,2.0,3,vague,10000.0,ci_lower,chp_operational,774,Adm_6_11,8,10.5
4.0,2.0,3,vague,10000.0,ci_lower,chp_operational,774,Adm_12_17,8,-17.5
4.0,2.0,3,vague,10000.0,ci_lower,chp_operational,774,Adm_18_49,6,-31.5
4.0,2.0,3,vague,10000.0,ci_lower,chp_operational,774,Adm_50_64,8,-17.5
4.0,2.0,3,vague,10000.0,ci_lower,chp_operational,774,Adm_65_higher,8,-3.5
4.0,2.0,3,vague,10000.0,ci_lower,data_derived,775,ILI_PMP,8,49.0
4.0,2.0,3,vague,10000.0,ci_lower,data_derived,775,ILI_AED,8,49.0
4.0,2.0,3,vague,10000.0,ci_lower,data_derived,775,ILI_CMP,8,45.5
4.0,2.0,3,vague,10000.0,ci_lower,data_derived,775,ILI_School,8,31.5
4.0,2.0,3,vague,10000.0,ci_lower,data_derived,775,ILI_NonSchool,8,10.5
4.0,2.0,3,vague,10000.0,ci_lower,data_derived,775,Fever_RCHE,0,
4.0,2.0,3,vague,10000.0,ci_lower,data_derived,775,Adm_All,8,-7.0
4.0,2.0,3,vague,10000.0,ci_lower,data_derived,775,Adm_0_5,8,28.0
4.0,2.0,3,vague,10000.0,ci_lower,data_derived,775,Adm_6_11,8,14.0
4.0,2.0,3,vague,10000.0,ci_lower,data_derived,775,Adm_12_17,8,-14.0
4.0,2.0,3,vague,10000.0,ci_lower,data_derived,775,Adm_18_49,6,-28.0
4.0,2.0,3,vague,10000.0,ci_lower,data_derived,775,Adm_50_64,8,-14.0
4.0,2.0,3,vague,10000.0,ci_lower,data_derived,775,Adm_65_higher,8,0.0
4.0,2.0,3,vague,100000.0,posterior_mean,chp_operational,776,ILI_PMP,8,49.0
4.0,2.0,3,vague,100000.0,posterior_mean,chp_operational,776,ILI_AED,8,49.0
4.0,2.0,3,vague,100000.0,posterior_mean,chp_operational,776,ILI_CMP,8,45.5
4.0,2.0,3,vague,100000.0,posterior_mean,chp_operational,776,ILI_School,8,31.5
4.0,2.0,3,vague,100000.0,posterior_mean,chp_operational,776,ILI_NonSchool,8,10.5
4.0,2.0,3,vague,100000.0,posterior_mean,chp_operational,776,Fever_RCHE,0,
4.0,2.0,3,vague,100000.0,posterior_mean,chp_operational,776,Adm_All,8,17.5
4.0,2.0,3,vague,100000.0,posterior_mean,chp_operational,776,Adm_0_5,8,38.5
4.0,2.0,3,vague,100000.0,posterior_mean,chp_operational,776,Adm_6_11,8,28.0
4.0,2.0,3,vague,100000.0,posterior_mean,chp_operational,776,Adm_12_17,8,24.5
4.0,2.0,3,vague,100000.0,posterior_mean,chp_operational,776,Adm_18_49,8,3.5
4.0,2.0,3,vague,100000.0,posterior_mean,chp_operational,776,Adm_50_64,8,10.5
4.0,2.0,3,vague,100000.0,posterior_mean,chp_operational,776,Adm_65_higher,8,24.5
4.0,2.0,3,vague,100000.0,posterior_mean,data_derived,777,ILI_PMP,8,49.0
4.0,2.0,3,vague,100000.0,posterior_mean,data_derived,777,ILI_AED,8,49.0
4.0,2.0,3,vague,100000.0,posterior_mean,data_derived,777,ILI_CMP,8,45.5
4.0,2.0,3,vague,100000.0,posterior_mean,data_derived,777,ILI_School,8,31.5
4.0,2.0,3,vague,100000.0,posterior_mean,data_derived,777,ILI_NonSchool,8,10.5
4.0,2.0,3,vague,100000.0,posterior_mean,data_derived,777,Fever_RCHE,0,
4.0,2.0,3,vague,100000.0,posterior_mean,data_derived,777,Adm_All,8,17.5
4.0,2.0,3,vague,100000.0,posterior_mean,data_derived,777,Adm_0_5,8,38.5
4.0,2.0,3,vague,100000.0,posterior_mean,data_derived,777,Adm_6_11,8,28.0
4.0,2.0,3,vague,100000.0,posterior_mean,data_derived,777,Adm_12_17,8,24.5
4.0,2.0,3,vague,100000.0,posterior_mean,data_derived,777,Adm_18_49,8,3.5
4.0,2.0,3,vague,100000.0,posterior_mean,data_derived,777,Adm_50_64,8,10.5
4.0,2.0,3,vague,100000.0,posterior_mean,data_derived,777,Adm_65_higher,8,24.5
4.0,2.0,3,vague,100000.0,ci_lower,chp_operational,778,ILI_PMP,8,49.0
4.0,2.0,3,vague,100000.0,ci_lower,chp_operational,778,ILI_AED,8,49.0
4.0,2.0,3,vague,100000.0,ci_lower,chp_operational,778,ILI_CMP,8,45.5
4.0,2.0,3,vague,100000.0,ci_lower,chp_operational,778,ILI_School,8,31.5
4.0,2.0,3,vague,100000.0,ci_lower,chp_operational,778,ILI_NonSchool,8,10.5
4.0,2.0,3,vague,100000.0,ci_lower,chp_operational,778,Fever_RCHE,0,
4.0,2.0,3,vague,100000.0,ci_lower,chp_operational,778,Adm_All,8,17.5
4.0,2.0,3,vague,100000.0,ci_lower,chp_operational,778,Adm_0_5,8,38.5
4.0,2.0,3,vague,100000.0,ci_lower,chp_operational,778,Adm_6_11,8,28.0
4.0,2.0,3,vague,100000.0,ci_lower,chp_operational,778,Adm_12_17,8,24.5
4.0,2.0,3,vague,100000.0,ci_lower,chp_operational,778,Adm_18_49,8,3.5
4.0,2.0,3,vague,100000.0,ci_lower,chp_operational,778,Adm_50_64,8,10.5
4.0,2.0,3,vague,100000.0,ci_lower,chp_operational,778,Adm_65_higher,8,24.5
4.0,2.0,3,vague,100000.0,ci_lower,data_derived,779,ILI_PMP,8,49.0
4.0,2.0,3,vague,100000.0,ci_lower,data_derived,779,ILI_AED,8,49.0
4.0,2.0,3,vague,100000.0,ci_lower,data_derived,779,ILI_CMP,8,45.5
4.0,2.0,3,vague,100000.0,ci_lower,data_derived,779,ILI_School,8,31.5
4.0,2.0,3,vague,100000.0,ci_lower,data_derived,779,ILI_NonSchool,8,10.5
4.0,2.0,3,vague,100000.0,ci_lower,data_derived,779,Fever_RCHE,0,
4.0,2.0,3,vague,100000.0,ci_lower,data_derived,779,Adm_All,8,17.5
4.0,2.0,3,vague,100000.0,ci_lower,data_derived,779,Adm_0_5,8,38.5
4.0,2.0,3,vague,100000.0,ci_lower,data_derived,779,Adm_6_11,8,28.0
4.0,2.0,3,vague,100000.0,ci_lower,data_derived,779,Adm_12_17,8,24.5
4.0,2.0,3,vague,100000.0,ci_lower,data_derived,779,Adm_18_49,8,3.5
4.0,2.0,3,vague,100000.0,ci_lower,data_derived,779,Adm_50_64,8,10.5
4.0,2.0,3,vague,100000.0,ci_lower,data_derived,779,Adm_65_higher,8,24.5
4.0,2.0,3,weak_wide,1000.0,posterior_mean,chp_operational,780,ILI_PMP,8,49.0
4.0,2.0,3,weak_wide,1000.0,posterior_mean,chp_operational,780,ILI_AED,8,49.0
4.0,2.0,3,weak_wide,1000.0,posterior_mean,chp_operational,780,ILI_CMP,8,45.5
4.0,2.0,3,weak_wide,1000.0,posterior_mean,chp_operational,780,ILI_School,8,31.5
4.0,2.0,3,weak_wide,1000.0,posterior_mean,chp_operational,780,ILI_NonSchool,8,28.0
4.0,2.0,3,weak_wide,1000.0,posterior_mean,chp_operational,780,Fever_RCHE,8,49.0
4.0,2.0,3,weak_wide,1000.0,posterior_mean,chp_operational,780,Adm_All,8,38.5
4.0,2.0,3,weak_wide,1000.0,posterior_mean,chp_operational,780,Adm_0_5,8,38.5
4.0,2.0,3,weak_wide,1000.0,posterior_mean,chp_operational,780,Adm_6_11,8,45.5
4.0,2.0,3,weak_wide,1000.0,posterior_mean,chp_operational,780,Adm_12_17,8,49.0
4.0,2.0,3,weak_wide,1000.0,posterior_mean,chp_operational,780,Adm_18_49,8,42.0
4.0,2.0,3,weak_wide,1000.0,posterior_mean,chp_operational,780,Adm_50_64,8,38.5
4.0,2.0,3,weak_wide,1000.0,posterior_mean,chp_operational,780,Adm_65_higher,8,24.5
4.0,2.0,3,weak_wide,1000.0,posterior_mean,data_derived,781,ILI_PMP,8,49.0
4.0,2.0,3,weak_wide,1000.0,posterior_mean,data_derived,781,ILI_AED,8,49.0
4.0,2.0,3,weak_wide,1000.0,posterior_mean,data_derived,781,ILI_CMP,8,45.5
4.0,2.0,3,weak_wide,1000.0,posterior_mean,data_derived,781,ILI_School,8,31.5
4.0,2.0,3,weak_wide,1000.0,posterior_mean,data_derived,781,ILI_NonSchool,8,28.0
4.0,2.0,3,weak_wide,1000.0,posterior_mean,data_derived,781,Fever_RCHE,8,49.0
4.0,2.0,3,weak_wide,1000.0,posterior_mean,data_derived,781,Adm_All,8,38.5
4.0,2.0,3,weak_wide,1000.0,posterior_mean,data_derived,781,Adm_0_5,8,38.5
4.0,2.0,3,weak_wide,1000.0,posterior_mean,data_derived,781,Adm_6_11,8,45.5
4.0,2.0,3,weak_wide,1000.0,posterior_mean,data_derived,781,Adm_12_17,8,49.0
4.0,2.0,3,weak_wide,1000.0,posterior_mean,data_derived,781,Adm_18_49,8,42.0
4.0,2.0,3,weak_wide,1000.0,posterior_mean,data_derived,781,Adm_50_64,8,38.5
4.0,2.0,3,weak_wide,1000.0,posterior_mean,data_derived,781,Adm_65_higher,8,24.5
4.0,2.0,3,weak_wide,1000.0,ci_lower,chp_operational,782,ILI_PMP,8,49.0
4.0,2.0,3,weak_wide,1000.0,ci_lower,chp_operational,782,ILI_AED,8,42.0
4.0,2.0,3,weak_wide,1000.0,ci_lower,chp_operational,782,ILI_CMP,8,45.5
4.0,2.0,3,weak_wide,1000.0,ci_lower,chp_operational,782,ILI_School,8,31.5
4.0,2.0,3,weak_wide,1000.0,ci_lower,chp_operational,782,ILI_NonSchool,8,10.5
4.0,2.0,3,weak_wide,1000.0,ci_lower,chp_operational,782,Fever_RCHE,0,
4.0,2.0,3,weak_wide,1000.0,ci_lower,chp_operational,782,Adm_All,8,21.0
4.0,2.0,3,weak_wide,1000.0,ci_lower,chp_operational,782,Adm_0_5,8,38.5
4.0,2.0,3,weak_wide,1000.0,ci_lower,chp_operational,782,Adm_6_11,8,24.5
4.0,2.0,3,weak_wide,1000.0,ci_lower,chp_operational,782,Adm_12_17,8,24.5
4.0,2.0,3,weak_wide,1000.0,ci_lower,chp_operational,782,Adm_18_49,8,10.5
4.0,2.0,3,weak_wide,1000.0,ci_lower,chp_operational,782,Adm_50_64,8,21.0
4.0,2.0,3,weak_wide,1000.0,ci_lower,chp_operational,782,Adm_65_higher,8,24.5
4.0,2.0,3,weak_wide,1000.0,ci_lower,data_derived,783,ILI_PMP,8,49.0
4.0,2.0,3,weak_wide,1000.0,ci_lower,data_derived,783,ILI_AED,8,42.0
4.0,2.0,3,weak_wide,1000.0,ci_lower,data_derived,783,ILI_CMP,8,45.5
4.0,2.0,3,weak_wide,1000.0,ci_lower,data_derived,783,ILI_School,8,31.5
4.0,2.0,3,weak_wide,1000.0,ci_lower,data_derived,783,ILI_NonSchool,8,10.5
4.0,2.0,3,weak_wide,1000.0,ci_lower,data_derived,783,Fever_RCHE,0,
4.0,2.0,3,weak_wide,1000.0,ci_lower,data_derived,783,Adm_All,8,21.0
4.0,2.0,3,weak_wide,1000.0,ci_lower,data_derived,783,Adm_0_5,8,38.5
4.0,2.0,3,weak_wide,1000.0,ci_lower,data_derived,783,Adm_6_11,8,24.5
4.0,2.0,3,weak_wide,1000.0,ci_lower,data_derived,783,Adm_12_17,8,24.5
4.0,2.0,3,weak_wide,1000.0,ci_lower,data_derived,783,Adm_18_49,8,10.5
4.0,2.0,3,weak_wide,1000.0,ci_lower,data_derived,783,Adm_50_64,8,21.0
4.0,2.0,3,weak_wide,1000.0,ci_lower,data_derived,783,Adm_65_higher,8,24.5
4.0,2.0,3,weak_wide,10000.0,posterior_mean,chp_operational,784,ILI_PMP,8,49.0
4.0,2.0,3,weak_wide,10000.0,posterior_mean,chp_operational,784,ILI_AED,8,49.0
4.0,2.0,3,weak_wide,10000.0,posterior_mean,chp_operational,784,ILI_CMP,8,45.5
4.0,2.0,3,weak_wide,10000.0,posterior_mean,chp_operational,784,ILI_School,8,31.5
4.0,2.0,3,weak_wide,10000.0,posterior_mean,chp_operational,784,ILI_NonSchool,8,28.0
4.0,2.0,3,weak_wide,10000.0,posterior_mean,chp_operational,784,Fever_RCHE,8,49.0
4.0,2.0,3,weak_wide,10000.0,posterior_mean,chp_operational,784,Adm_All,8,38.5
4.0,2.0,3,weak_wide,10000.0,posterior_mean,chp_operational,784,Adm_0_5,8,38.5
4.0,2.0,3,weak_wide,10000.0,posterior_mean,chp_operational,784,Adm_6_11,8,45.5
4.0,2.0,3,weak_wide,10000.0,posterior_mean,chp_operational,784,Adm_12_17,8,49.0
4.0,2.0,3,weak_wide,10000.0,posterior_mean,chp_operational,784,Adm_18_49,8,42.0
4.0,2.0,3,weak_wide,10000.0,posterior_mean,chp_operational,784,Adm_50_64,8,35.0
4.0,2.0,3,weak_wide,10000.0,posterior_mean,chp_operational,784,Adm_65_higher,8,24.5
4.0,2.0,3,weak_wide,10000.0,posterior_mean,data_derived,785,ILI_PMP,8,49.0
4.0,2.0,3,weak_wide,10000.0,posterior_mean,data_derived,785,ILI_AED,8,49.0
4.0,2.0,3,weak_wide,10000.0,posterior_mean,data_derived,785,ILI_CMP,8,45.5
4.0,2.0,3,weak_wide,10000.0,posterior_mean,data_derived,785,ILI_School,8,31.5
4.0,2.0,3,weak_wide,10000.0,posterior_mean,data_derived,785,ILI_NonSchool,8,28.0
4.0,2.0,3,weak_wide,10000.0,posterior_mean,data_derived,785,Fever_RCHE,8,49.0
4.0,2.0,3,weak_wide,10000.0,posterior_mean,data_derived,785,Adm_All,8,38.5
4.0,2.0,3,weak_wide,10000.0,posterior_mean,data_derived,785,Adm_0_5,8,38.5
4.0,2.0,3,weak_wide,10000.0,posterior_mean,data_derived,785,Adm_6_11,8,45.5
4.0,2.0,3,weak_wide,10000.0,posterior_mean,data_derived,785,Adm_12_17,8,49.0
4.0,2.0,3,weak_wide,10000.0,posterior_mean,data_derived,785,Adm_18_49,8,42.0
4.0,2.0,3,weak_wide,10000.0,posterior_mean,data_derived,785,Adm_50_64,8,35.0
4.0,2.0,3,weak_wide,10000.0,posterior_mean,data_derived,785,Adm_65_higher,8,24.5
4.0,2.0,3,weak_wide,10000.0,ci_lower,chp_operational,786,ILI_PMP,8,49.0
4.0,2.0,3,weak_wide,10000.0,ci_lower,chp_operational,786,ILI_AED,8,49.0
4.0,2.0,3,weak_wide,10000.0,ci_lower,chp_operational,786,ILI_CMP,8,45.5
4.0,2.0,3,weak_wide,10000.0,ci_lower,chp_operational,786,ILI_School,8,31.5
4.0,2.0,3,weak_wide,10000.0,ci_lower,chp_operational,786,ILI_NonSchool,8,10.5
4.0,2.0,3,weak_wide,10000.0,ci_lower,chp_operational,786,Fever_RCHE,6,-66.5
4.0,2.0,3,weak_wide,10000.0,ci_lower,chp_operational,786,Adm_All,8,35.0
4.0,2.0,3,weak_wide,10000.0,ci_lower,chp_operational,786,Adm_0_5,8,38.5
4.0,2.0,3,weak_wide,10000.0,ci_lower,chp_operational,786,Adm_6_11,8,28.0
4.0,2.0,3,weak_wide,10000.0,ci_lower,chp_operational,786,Adm_12_17,8,24.5
4.0,2.0,3,weak_wide,10000.0,ci_lower,chp_operational,786,Adm_18_49,8,28.0
4.0,2.0,3,weak_wide,10000.0,ci_lower,chp_operational,786,Adm_50_64,8,21.0
4.0,2.0,3,weak_wide,10000.0,ci_lower,chp_operational,786,Adm_65_higher,8,24.5
4.0,2.0,3,weak_wide,10000.0,ci_lower,data_derived,787,ILI_PMP,8,49.0
4.0,2.0,3,weak_wide,10000.0,ci_lower,data_derived,787,ILI_AED,8,49.0
4.0,2.0,3,weak_wide,10000.0,ci_lower,data_derived,787,ILI_CMP,8,45.5
4.0,2.0,3,weak_wide,10000.0,ci_lower,data_derived,787,ILI_School,8,31.5
4.0,2.0,3,weak_wide,10000.0,ci_lower,data_derived,787,ILI_NonSchool,8,10.5
4.0,2.0,3,weak_wide,10000.0,ci_lower,data_derived,787,Fever_RCHE,6,-59.5
4.0,2.0,3,weak_wide,10000.0,ci_lower,data_derived,787,Adm_All,8,35.0
4.0,2.0,3,weak_wide,10000.0,ci_lower,data_derived,787,Adm_0_5,8,38.5
4.0,2.0,3,weak_wide,10000.0,ci_lower,data_derived,787,Adm_6_11,8,28.0
4.0,2.0,3,weak_wide,10000.0,ci_lower,data_derived,787,Adm_12_17,8,24.5
4.0,2.0,3,weak_wide,10000.0,ci_lower,data_derived,787,Adm_18_49,8,28.0
4.0,2.0,3,weak_wide,10000.0,ci_lower,data_derived,787,Adm_50_64,8,21.0
4.0,2.0,3,weak_wide,10000.0,ci_lower,data_derived,787,Adm_65_higher,8,24.5
4.0,2.0,3,weak_wide,100000.0,posterior_mean,chp_operational,788,ILI_PMP,8,49.0
4.0,2.0,3,weak_wide,100000.0,posterior_mean,chp_operational,788,ILI_AED,8,49.0
4.0,2.0,3,weak_wide,100000.0,posterior_mean,chp_operational,788,ILI_CMP,8,45.5
4.0,2.0,3,weak_wide,100000.0,posterior_mean,chp_operational,788,ILI_School,8,31.5
4.0,2.0,3,weak_wide,100000.0,posterior_mean,chp_operational,788,ILI_NonSchool,8,28.0
4.0,2.0,3,weak_wide,100000.0,posterior_mean,chp_operational,788,Fever_RCHE,8,49.0
4.0,2.0,3,weak_wide,100000.0,posterior_mean,chp_operational,788,Adm_All,8,38.5
4.0,2.0,3,weak_wide,100000.0,posterior_mean,chp_operational,788,Adm_0_5,8,38.5
4.0,2.0,3,weak_wide,100000.0,posterior_mean,chp_operational,788,Adm_6_11,8,42.0
4.0,2.0,3,weak_wide,100000.0,posterior_mean,chp_operational,788,Adm_12_17,8,49.0
4.0,2.0,3,weak_wide,100000.0,posterior_mean,chp_operational,788,Adm_18_49,8,42.0
4.0,2.0,3,weak_wide,100000.0,posterior_mean,chp_operational,788,Adm_50_64,8,31.5
4.0,2.0,3,weak_wide,100000.0,posterior_mean,chp_operational,788,Adm_65_higher,8,24.5
4.0,2.0,3,weak_wide,100000.0,posterior_mean,data_derived,789,ILI_PMP,8,49.0
4.0,2.0,3,weak_wide,100000.0,posterior_mean,data_derived,789,ILI_AED,8,49.0
4.0,2.0,3,weak_wide,100000.0,posterior_mean,data_derived,789,ILI_CMP,8,45.5
4.0,2.0,3,weak_wide,100000.0,posterior_mean,data_derived,789,ILI_School,8,31.5
4.0,2.0,3,weak_wide,100000.0,posterior_mean,data_derived,789,ILI_NonSchool,8,28.0
4.0,2.0,3,weak_wide,100000.0,posterior_mean,data_derived,789,Fever_RCHE,8,49.0
4.0,2.0,3,weak_wide,100000.0,posterior_mean,data_derived,789,Adm_All,8,38.5
4.0,2.0,3,weak_wide,100000.0,posterior_mean,data_derived,789,Adm_0_5,8,38.5
4.0,2.0,3,weak_wide,100000.0,posterior_mean,data_derived,789,Adm_6_11,8,42.0
4.0,2.0,3,weak_wide,100000.0,posterior_mean,data_derived,789,Adm_12_17,8,49.0
4.0,2.0,3,weak_wide,100000.0,posterior_mean,data_derived,789,Adm_18_49,8,42.0
4.0,2.0,3,weak_wide,100000.0,posterior_mean,data_derived,789,Adm_50_64,8,31.5
4.0,2.0,3,weak_wide,100000.0,posterior_mean,data_derived,789,Adm_65_higher,8,24.5
4.0,2.0,3,weak_wide,100000.0,ci_lower,chp_operational,790,ILI_PMP,8,49.0
4.0,2.0,3,weak_wide,100000.0,ci_lower,chp_operational,790,ILI_AED,8,49.0
4.0,2.0,3,weak_wide,100000.0,ci_lower,chp_operational,790,ILI_CMP,8,45.5
4.0,2.0,3,weak_wide,100000.0,ci_lower,chp_operational,790,ILI_School,8,31.5
4.0,2.0,3,weak_wide,100000.0,ci_lower,chp_operational,790,ILI_NonSchool,8,10.5
4.0,2.0,3,weak_wide,100000.0,ci_lower,chp_operational,790,Fever_RCHE,8,7.0
4.0,2.0,3,weak_wide,100000.0,ci_lower,chp_operational,790,Adm_All,8,38.5
4.0,2.0,3,weak_wide,100000.0,ci_lower,chp_operational,790,Adm_0_5,8,38.5
4.0,2.0,3,weak_wide,100000.0,ci_lower,chp_operational,790,Adm_6_11,8,28.0
4.0,2.0,3,weak_wide,100000.0,ci_lower,chp_operational,790,Adm_12_17,8,24.5
4.0,2.0,3,weak_wide,100000.0,ci_lower,chp_operational,790,Adm_18_49,8,42.0
4.0,2.0,3,weak_wide,100000.0,ci_lower,chp_operational,790,Adm_50_64,8,24.5
4.0,2.0,3,weak_wide,100000.0,ci_lower,chp_operational,790,Adm_65_higher,8,24.5
4.0,2.0,3,weak_wide,100000.0,ci_lower,data_derived,791,ILI_PMP,8,49.0
4.0,2.0,3,weak_wide,100000.0,ci_lower,data_derived,791,ILI_AED,8,49.0
4.0,2.0,3,weak_wide,100000.0,ci_lower,data_derived,791,ILI_CMP,8,45.5
4.0,2.0,3,weak_wide,100000.0,ci_lower,data_derived,791,ILI_School,8,31.5
4.0,2.0,3,weak_wide,100000.0,ci_lower,data_derived,791,ILI_NonSchool,8,10.5
4.0,2.0,3,weak_wide,100000.0,ci_lower,data_derived,791,Fever_RCHE,8,10.5
4.0,2.0,3,weak_wide,100000.0,ci_lower,data_derived,791,Adm_All,8,38.5
4.0,2.0,3,weak_wide,100000.0,ci_lower,data_derived,791,Adm_0_5,8,38.5
4.0,2.0,3,weak_wide,100000.0,ci_lower,data_derived,791,Adm_6_11,8,28.0
4.0,2.0,3,weak_wide,100000.0,ci_lower,data_derived,791,Adm_12_17,8,28.0
4.0,2.0,3,weak_wide,100000.0,ci_lower,data_derived,791,Adm_18_49,8,42.0
4.0,2.0,3,weak_wide,100000.0,ci_lower,data_derived,791,Adm_50_64,8,24.5
4.0,2.0,3,weak_wide,100000.0,ci_lower,data_derived,791,Adm_65_higher,8,24.5
4.0,2.0,4,v7,1000.0,posterior_mean,chp_operational,792,ILI_PMP,8,42.0
4.0,2.0,4,v7,1000.0,posterior_mean,chp_operational,792,ILI_AED,8,42.0
4.0,2.0,4,v7,1000.0,posterior_mean,chp_operational,792,ILI_CMP,8,38.5
4.0,2.0,4,v7,1000.0,posterior_mean,chp_operational,792,ILI_School,8,28.0
4.0,2.0,4,v7,1000.0,posterior_mean,chp_operational,792,ILI_NonSchool,8,10.5
4.0,2.0,4,v7,1000.0,posterior_mean,chp_operational,792,Fever_RCHE,0,
4.0,2.0,4,v7,1000.0,posterior_mean,chp_operational,792,Adm_All,8,28.0
4.0,2.0,4,v7,1000.0,posterior_mean,chp_operational,792,Adm_0_5,8,24.5
4.0,2.0,4,v7,1000.0,posterior_mean,chp_operational,792,Adm_6_11,8,24.5
4.0,2.0,4,v7,1000.0,posterior_mean,chp_operational,792,Adm_12_17,8,24.5
4.0,2.0,4,v7,1000.0,posterior_mean,chp_operational,792,Adm_18_49,8,21.0
4.0,2.0,4,v7,1000.0,posterior_mean,chp_operational,792,Adm_50_64,8,17.5
4.0,2.0,4,v7,1000.0,posterior_mean,chp_operational,792,Adm_65_higher,8,24.5
4.0,2.0,4,v7,1000.0,posterior_mean,data_derived,793,ILI_PMP,8,42.0
4.0,2.0,4,v7,1000.0,posterior_mean,data_derived,793,ILI_AED,8,42.0
4.0,2.0,4,v7,1000.0,posterior_mean,data_derived,793,ILI_CMP,8,38.5
4.0,2.0,4,v7,1000.0,posterior_mean,data_derived,793,ILI_School,8,28.0
4.0,2.0,4,v7,1000.0,posterior_mean,data_derived,793,ILI_NonSchool,8,10.5
4.0,2.0,4,v7,1000.0,posterior_mean,data_derived,793,Fever_RCHE,0,
4.0,2.0,4,v7,1000.0,posterior_mean,data_derived,793,Adm_All,8,28.0
4.0,2.0,4,v7,1000.0,posterior_mean,data_derived,793,Adm_0_5,8,24.5
4.0,2.0,4,v7,1000.0,posterior_mean,data_derived,793,Adm_6_11,8,24.5
4.0,2.0,4,v7,1000.0,posterior_mean,data_derived,793,Adm_12_17,8,24.5
4.0,2.0,4,v7,1000.0,posterior_mean,data_derived,793,Adm_18_49,8,21.0
4.0,2.0,4,v7,1000.0,posterior_mean,data_derived,793,Adm_50_64,8,17.5
4.0,2.0,4,v7,1000.0,posterior_mean,data_derived,793,Adm_65_higher,8,24.5
4.0,2.0,4,v7,1000.0,ci_lower,chp_operational,794,ILI_PMP,8,42.0
4.0,2.0,4,v7,1000.0,ci_lower,chp_operational,794,ILI_AED,8,42.0
4.0,2.0,4,v7,1000.0,ci_lower,chp_operational,794,ILI_CMP,8,35.0
4.0,2.0,4,v7,1000.0,ci_lower,chp_operational,794,ILI_School,8,28.0
4.0,2.0,4,v7,1000.0,ci_lower,chp_operational,794,ILI_NonSchool,8,10.5
4.0,2.0,4,v7,1000.0,ci_lower,chp_operational,794,Fever_RCHE,0,
4.0,2.0,4,v7,1000.0,ci_lower,chp_operational,794,Adm_All,8,14.0
4.0,2.0,4,v7,1000.0,ci_lower,chp_operational,794,Adm_0_5,8,24.5
4.0,2.0,4,v7,1000.0,ci_lower,chp_operational,794,Adm_6_11,8,24.5
4.0,2.0,4,v7,1000.0,ci_lower,chp_operational,794,Adm_12_17,8,24.5
4.0,2.0,4,v7,1000.0,ci_lower,chp_operational,794,Adm_18_49,8,-3.5
4.0,2.0,4,v7,1000.0,ci_lower,chp_operational,794,Adm_50_64,8,3.5
4.0,2.0,4,v7,1000.0,ci_lower,chp_operational,794,Adm_65_higher,8,21.0
4.0,2.0,4,v7,1000.0,ci_lower,data_derived,795,ILI_PMP,8,42.0
4.0,2.0,4,v7,1000.0,ci_lower,data_derived,795,ILI_AED,8,42.0
4.0,2.0,4,v7,1000.0,ci_lower,data_derived,795,ILI_CMP,8,35.0
4.0,2.0,4,v7,1000.0,ci_lower,data_derived,795,ILI_School,8,28.0
4.0,2.0,4,v7,1000.0,ci_lower,data_derived,795,ILI_NonSchool,8,10.5
4.0,2.0,4,v7,1000.0,ci_lower,data_derived,795,Fever_RCHE,0,
4.0,2.0,4,v7,1000.0,ci_lower,data_derived,795,Adm_All,8,17.5
4.0,2.0,4,v7,1000.0,ci_lower,data_derived,795,Adm_0_5,8,24.5
4.0,2.0,4,v7,1000.0,ci_lower,data_derived,795,Adm_6_11,8,24.5
4.0,2.0,4,v7,1000.0,ci_lower,data_derived,795,Adm_12_17,8,24.5
4.0,2.0,4,v7,1000.0,ci_lower,data_derived,795,Adm_18_49,8,-3.5
4.0,2.0,4,v7,1000.0,ci_lower,data_derived,795,Adm_50_64,8,7.0
4.0,2.0,4,v7,1000.0,ci_lower,data_derived,795,Adm_65_higher,8,21.0
4.0,2.0,4,v7,10000.0,posterior_mean,chp_operational,796,ILI_PMP,8,42.0
4.0,2.0,4,v7,10000.0,posterior_mean,chp_operational,796,ILI_AED,8,42.0
4.0,2.0,4,v7,10000.0,posterior_mean,chp_operational,796,ILI_CMP,8,38.5
4.0,2.0,4,v7,10000.0,posterior_mean,chp_operational,796,ILI_School,8,28.0
4.0,2.0,4,v7,10000.0,posterior_mean,chp_operational,796,ILI_NonSchool,8,10.5
4.0,2.0,4,v7,10000.0,posterior_mean,chp_operational,796,Fever_RCHE,8,-14.0
4.0,2.0,4,v7,10000.0,posterior_mean,chp_operational,796,Adm_All,8,31.5
4.0,2.0,4,v7,10000.0,posterior_mean,chp_operational,796,Adm_0_5,8,24.5
4.0,2.0,4,v7,10000.0,posterior_mean,chp_operational,796,Adm_6_11,8,24.5
4.0,2.0,4,v7,10000.0,posterior_mean,chp_operational,796,Adm_12_17,8,24.5
4.0,2.0,4,v7,10000.0,posterior_mean,chp_operational,796,Adm_18_49,8,35.0
4.0,2.0,4,v7,10000.0,posterior_mean,chp_operational,796,Adm_50_64,8,17.5
4.0,2.0,4,v7,10000.0,posterior_mean,chp_operational,796,Adm_65_higher,8,24.5
4.0,2.0,4,v7,10000.0,posterior_mean,data_derived,797,ILI_PMP,8,42.0
4.0,2.0,4,v7,10000.0,posterior_mean,data_derived,797,ILI_AED,8,42.0
4.0,2.0,4,v7,10000.0,posterior_mean,data_derived,797,ILI_CMP,8,38.5
4.0,2.0,4,v7,10000.0,posterior_mean,data_derived,797,ILI_School,8,28.0
4.0,2.0,4,v7,10000.0,posterior_mean,data_derived,797,ILI_NonSchool,8,10.5
4.0,2.0,4,v7,10000.0,posterior_mean,data_derived,797,Fever_RCHE,8,-14.0
4.0,2.0,4,v7,10000.0,posterior_mean,data_derived,797,Adm_All,8,31.5
4.0,2.0,4,v7,10000.0,posterior_mean,data_derived,797,Adm_0_5,8,24.5
4.0,2.0,4,v7,10000.0,posterior_mean,data_derived,797,Adm_6_11,8,24.5
4.0,2.0,4,v7,10000.0,posterior_mean,data_derived,797,Adm_12_17,8,24.5
4.0,2.0,4,v7,10000.0,posterior_mean,data_derived,797,Adm_18_49,8,35.0
4.0,2.0,4,v7,10000.0,posterior_mean,data_derived,797,Adm_50_64,8,17.5
4.0,2.0,4,v7,10000.0,posterior_mean,data_derived,797,Adm_65_higher,8,24.5
4.0,2.0,4,v7,10000.0,ci_lower,chp_operational,798,ILI_PMP,8,42.0
4.0,2.0,4,v7,10000.0,ci_lower,chp_operational,798,ILI_AED,8,42.0
4.0,2.0,4,v7,10000.0,ci_lower,chp_operational,798,ILI_CMP,8,38.5
4.0,2.0,4,v7,10000.0,ci_lower,chp_operational,798,ILI_School,8,28.0
4.0,2.0,4,v7,10000.0,ci_lower,chp_operational,798,ILI_NonSchool,8,10.5
4.0,2.0,4,v7,10000.0,ci_lower,chp_operational,798,Fever_RCHE,0,
4.0,2.0,4,v7,10000.0,ci_lower,chp_operational,798,Adm_All,8,31.5
4.0,2.0,4,v7,10000.0,ci_lower,chp_operational,798,Adm_0_5,8,24.5
4.0,2.0,4,v7,10000.0,ci_lower,chp_operational,798,Adm_6_11,8,24.5
4.0,2.0,4,v7,10000.0,ci_lower,chp_operational,798,Adm_12_17,8,24.5
4.0,2.0,4,v7,10000.0,ci_lower,chp_operational,798,Adm_18_49,8,35.0
4.0,2.0,4,v7,10000.0,ci_lower,chp_operational,798,Adm_50_64,8,17.5
4.0,2.0,4,v7,10000.0,ci_lower,chp_operational,798,Adm_65_higher,8,24.5
4.0,2.0,4,v7,10000.0,ci_lower,data_derived,799,ILI_PMP,8,42.0
4.0,2.0,4,v7,10000.0,ci_lower,data_derived,799,ILI_AED,8,42.0
4.0,2.0,4,v7,10000.0,ci_lower,data_derived,799,ILI_CMP,8,38.5
4.0,2.0,4,v7,10000.0,ci_lower,data_derived,799,ILI_School,8,28.0
4.0,2.0,4,v7,10000.0,ci_lower,data_derived,799,ILI_NonSchool,8,10.5
4.0,2.0,4,v7,10000.0,ci_lower,data_derived,799,Fever_RCHE,0,
4.0,2.0,4,v7,10000.0,ci_lower,data_derived,799,Adm_All,8,31.5
4.0,2.0,4,v7,10000.0,ci_lower,data_derived,799,Adm_0_5,8,24.5
4.0,2.0,4,v7,10000.0,ci_lower,data_derived,799,Adm_6_11,8,24.5
4.0,2.0,4,v7,10000.0,ci_lower,data_derived,799,Adm_12_17,8,24.5
4.0,2.0,4,v7,10000.0,ci_lower,data_derived,799,Adm_18_49,8,35.0
4.0,2.0,4,v7,10000.0,ci_lower,data_derived,799,Adm_50_64,8,17.5
4.0,2.0,4,v7,10000.0,ci_lower,data_derived,799,Adm_65_higher,8,24.5
4.0,2.0,4,v7,100000.0,posterior_mean,chp_operational,800,ILI_PMP,8,42.0
4.0,2.0,4,v7,100000.0,posterior_mean,chp_operational,800,ILI_AED,8,42.0
4.0,2.0,4,v7,100000.0,posterior_mean,chp_operational,800,ILI_CMP,8,38.5
4.0,2.0,4,v7,100000.0,posterior_mean,chp_operational,800,ILI_School,8,28.0
4.0,2.0,4,v7,100000.0,posterior_mean,chp_operational,800,ILI_NonSchool,8,10.5
4.0,2.0,4,v7,100000.0,posterior_mean,chp_operational,800,Fever_RCHE,8,42.0
4.0,2.0,4,v7,100000.0,posterior_mean,chp_operational,800,Adm_All,8,31.5
4.0,2.0,4,v7,100000.0,posterior_mean,chp_operational,800,Adm_0_5,8,24.5
4.0,2.0,4,v7,100000.0,posterior_mean,chp_operational,800,Adm_6_11,8,24.5
4.0,2.0,4,v7,100000.0,posterior_mean,chp_operational,800,Adm_12_17,8,24.5
4.0,2.0,4,v7,100000.0,posterior_mean,chp_operational,800,Adm_18_49,8,35.0
4.0,2.0,4,v7,100000.0,posterior_mean,chp_operational,800,Adm_50_64,8,17.5
4.0,2.0,4,v7,100000.0,posterior_mean,chp_operational,800,Adm_65_higher,8,24.5
4.0,2.0,4,v7,100000.0,posterior_mean,data_derived,801,ILI_PMP,8,42.0
4.0,2.0,4,v7,100000.0,posterior_mean,data_derived,801,ILI_AED,8,42.0
4.0,2.0,4,v7,100000.0,posterior_mean,data_derived,801,ILI_CMP,8,38.5
4.0,2.0,4,v7,100000.0,posterior_mean,data_derived,801,ILI_School,8,28.0
4.0,2.0,4,v7,100000.0,posterior_mean,data_derived,801,ILI_NonSchool,8,10.5
4.0,2.0,4,v7,100000.0,posterior_mean,data_derived,801,Fever_RCHE,8,42.0
4.0,2.0,4,v7,100000.0,posterior_mean,data_derived,801,Adm_All,8,31.5
4.0,2.0,4,v7,100000.0,posterior_mean,data_derived,801,Adm_0_5,8,24.5
4.0,2.0,4,v7,100000.0,posterior_mean,data_derived,801,Adm_6_11,8,24.5
4.0,2.0,4,v7,100000.0,posterior_mean,data_derived,801,Adm_12_17,8,24.5
4.0,2.0,4,v7,100000.0,posterior_mean,data_derived,801,Adm_18_49,8,35.0
4.0,2.0,4,v7,100000.0,posterior_mean,data_derived,801,Adm_50_64,8,17.5
4.0,2.0,4,v7,100000.0,posterior_mean,data_derived,801,Adm_65_higher,8,24.5
4.0,2.0,4,v7,100000.0,ci_lower,chp_operational,802,ILI_PMP,8,42.0
4.0,2.0,4,v7,100000.0,ci_lower,chp_operational,802,ILI_AED,8,42.0
4.0,2.0,4,v7,100000.0,ci_lower,chp_operational,802,ILI_CMP,8,38.5
4.0,2.0,4,v7,100000.0,ci_lower,chp_operational,802,ILI_School,8,28.0
4.0,2.0,4,v7,100000.0,ci_lower,chp_operational,802,ILI_NonSchool,8,10.5
4.0,2.0,4,v7,100000.0,ci_lower,chp_operational,802,Fever_RCHE,8,-14.0
4.0,2.0,4,v7,100000.0,ci_lower,chp_operational,802,Adm_All,8,31.5
4.0,2.0,4,v7,100000.0,ci_lower,chp_operational,802,Adm_0_5,8,24.5
4.0,2.0,4,v7,100000.0,ci_lower,chp_operational,802,Adm_6_11,8,24.5
4.0,2.0,4,v7,100000.0,ci_lower,chp_operational,802,Adm_12_17,8,24.5
4.0,2.0,4,v7,100000.0,ci_lower,chp_operational,802,Adm_18_49,8,35.0
4.0,2.0,4,v7,100000.0,ci_lower,chp_operational,802,Adm_50_64,8,17.5
4.0,2.0,4,v7,100000.0,ci_lower,chp_operational,802,Adm_65_higher,8,24.5
4.0,2.0,4,v7,100000.0,ci_lower,data_derived,803,ILI_PMP,8,42.0
4.0,2.0,4,v7,100000.0,ci_lower,data_derived,803,ILI_AED,8,42.0
4.0,2.0,4,v7,100000.0,ci_lower,data_derived,803,ILI_CMP,8,38.5
4.0,2.0,4,v7,100000.0,ci_lower,data_derived,803,ILI_School,8,28.0
4.0,2.0,4,v7,100000.0,ci_lower,data_derived,803,ILI_NonSchool,8,10.5
4.0,2.0,4,v7,100000.0,ci_lower,data_derived,803,Fever_RCHE,8,-14.0
4.0,2.0,4,v7,100000.0,ci_lower,data_derived,803,Adm_All,8,31.5
4.0,2.0,4,v7,100000.0,ci_lower,data_derived,803,Adm_0_5,8,24.5
4.0,2.0,4,v7,100000.0,ci_lower,data_derived,803,Adm_6_11,8,24.5
4.0,2.0,4,v7,100000.0,ci_lower,data_derived,803,Adm_12_17,8,24.5
4.0,2.0,4,v7,100000.0,ci_lower,data_derived,803,Adm_18_49,8,35.0
4.0,2.0,4,v7,100000.0,ci_lower,data_derived,803,Adm_50_64,8,17.5
4.0,2.0,4,v7,100000.0,ci_lower,data_derived,803,Adm_65_higher,8,24.5
4.0,2.0,4,vague,1000.0,posterior_mean,chp_operational,804,ILI_PMP,8,42.0
4.0,2.0,4,vague,1000.0,posterior_mean,chp_operational,804,ILI_AED,8,42.0
4.0,2.0,4,vague,1000.0,posterior_mean,chp_operational,804,ILI_CMP,6,-45.5
4.0,2.0,4,vague,1000.0,posterior_mean,chp_operational,804,ILI_School,8,28.0
4.0,2.0,4,vague,1000.0,posterior_mean,chp_operational,804,ILI_NonSchool,8,7.0
4.0,2.0,4,vague,1000.0,posterior_mean,chp_operational,804,Fever_RCHE,0,
4.0,2.0,4,vague,1000.0,posterior_mean,chp_operational,804,Adm_All,3,-35.0
4.0,2.0,4,vague,1000.0,posterior_mean,chp_operational,804,Adm_0_5,8,-10.5
4.0,2.0,4,vague,1000.0,posterior_mean,chp_operational,804,Adm_6_11,6,-38.5
4.0,2.0,4,vague,1000.0,posterior_mean,chp_operational,804,Adm_12_17,1,-308.0
4.0,2.0,4,vague,1000.0,posterior_mean,chp_operational,804,Adm_18_49,0,
4.0,2.0,4,vague,1000.0,posterior_mean,chp_operational,804,Adm_50_64,0,
4.0,2.0,4,vague,1000.0,posterior_mean,chp_operational,804,Adm_65_higher,6,-24.5
4.0,2.0,4,vague,1000.0,posterior_mean,data_derived,805,ILI_PMP,8,42.0
4.0,2.0,4,vague,1000.0,posterior_mean,data_derived,805,ILI_AED,8,42.0
4.0,2.0,4,vague,1000.0,posterior_mean,data_derived,805,ILI_CMP,6,-45.5
4.0,2.0,4,vague,1000.0,posterior_mean,data_derived,805,ILI_School,8,28.0
4.0,2.0,4,vague,1000.0,posterior_mean,data_derived,805,ILI_NonSchool,8,7.0
4.0,2.0,4,vague,1000.0,posterior_mean,data_derived,805,Fever_RCHE,0,
4.0,2.0,4,vague,1000.0,posterior_mean,data_derived,805,Adm_All,3,-35.0
4.0,2.0,4,vague,1000.0,posterior_mean,data_derived,805,Adm_0_5,8,-10.5
4.0,2.0,4,vague,1000.0,posterior_mean,data_derived,805,Adm_6_11,6,-35.0
4.0,2.0,4,vague,1000.0,posterior_mean,data_derived,805,Adm_12_17,1,-301.0
4.0,2.0,4,vague,1000.0,posterior_mean,data_derived,805,Adm_18_49,0,
4.0,2.0,4,vague,1000.0,posterior_mean,data_derived,805,Adm_50_64,0,
4.0,2.0,4,vague,1000.0,posterior_mean,data_derived,805,Adm_65_higher,6,-24.5
4.0,2.0,4,vague,1000.0,ci_lower,chp_operational,806,ILI_PMP,8,42.0
4.0,2.0,4,vague,1000.0,ci_lower,chp_operational,806,ILI_AED,8,35.0
4.0,2.0,4,vague,1000.0,ci_lower,chp_operational,806,ILI_CMP,6,-45.5
4.0,2.0,4,vague,1000.0,ci_lower,chp_operational,806,ILI_School,8,28.0
4.0,2.0,4,vague,1000.0,ci_lower,chp_operational,806,ILI_NonSchool,8,-10.5
4.0,2.0,4,vague,1000.0,ci_lower,chp_operational,806,Fever_RCHE,0,
4.0,2.0,4,vague,1000.0,ci_lower,chp_operational,806,Adm_All,2,-66.5
4.0,2.0,4,vague,1000.0,ci_lower,chp_operational,806,Adm_0_5,7,-14.0
4.0,2.0,4,vague,1000.0,ci_lower,chp_operational,806,Adm_6_11,5,-42.0
4.0,2.0,4,vague,1000.0,ci_lower,chp_operational,806,Adm_12_17,1,-308.0
4.0,2.0,4,vague,1000.0,ci_lower,chp_operational,806,Adm_18_49,0,
4.0,2.0,4,vague,1000.0,ci_lower,chp_operational,806,Adm_50_64,0,
4.0,2.0,4,vague,1000.0,ci_lower,chp_operational,806,Adm_65_higher,6,-24.5
4.0,2.0,4,vague,1000.0,ci_lower,data_derived,807,ILI_PMP,8,42.0
4.0,2.0,4,vague,1000.0,ci_lower,data_derived,807,ILI_AED,8,35.0
4.0,2.0,4,vague,1000.0,ci_lower,data_derived,807,ILI_CMP,6,-45.5
4.0,2.0,4,vague,1000.0,ci_lower,data_derived,807,ILI_School,8,28.0
4.0,2.0,4,vague,1000.0,ci_lower,data_derived,807,ILI_NonSchool,8,-10.5
4.0,2.0,4,vague,1000.0,ci_lower,data_derived,807,Fever_RCHE,0,
4.0,2.0,4,vague,1000.0,ci_lower,data_derived,807,Adm_All,2,-63.0
4.0,2.0,4,vague,1000.0,ci_lower,data_derived,807,Adm_0_5,7,-7.0
4.0,2.0,4,vague,1000.0,ci_lower,data_derived,807,Adm_6_11,5,-35.0
4.0,2.0,4,vague,1000.0,ci_lower,data_derived,807,Adm_12_17,1,-301.0
4.0,2.0,4,vague,1000.0,ci_lower,data_derived,807,Adm_18_49,0,
4.0,2.0,4,vague,1000.0,ci_lower,data_derived,807,Adm_50_64,0,
4.0,2.0,4,vague,1000.0,ci_lower,data_derived,807,Adm_65_higher,6,-24.5
4.0,2.0,4,vague,10000.0,posterior_mean,chp_operational,808,ILI_PMP,8,42.0
4.0,2.0,4,vague,10000.0,posterior_mean,chp_operational,808,ILI_AED,8,42.0
4.0,2.0,4,vague,10000.0,posterior_mean,chp_operational,808,ILI_CMP,8,38.5
4.0,2.0,4,vague,10000.0,posterior_mean,chp_operational,808,ILI_School,8,28.0
4.0,2.0,4,vague,10000.0,posterior_mean,chp_operational,808,ILI_NonSchool,8,10.5
4.0,2.0,4,vague,10000.0,posterior_mean,chp_operational,808,Fever_RCHE,0,
4.0,2.0,4,vague,10000.0,posterior_mean,chp_operational,808,Adm_All,8,-7.0
4.0,2.0,4,vague,10000.0,posterior_mean,chp_operational,808,Adm_0_5,8,14.0
4.0,2.0,4,vague,10000.0,posterior_mean,chp_operational,808,Adm_6_11,8,10.5
4.0,2.0,4,vague,10000.0,posterior_mean,chp_operational,808,Adm_12_17,8,-17.5
4.0,2.0,4,vague,10000.0,posterior_mean,chp_operational,808,Adm_18_49,7,-21.0
4.0,2.0,4,vague,10000.0,posterior_mean,chp_operational,808,Adm_50_64,8,-17.5
4.0,2.0,4,vague,10000.0,posterior_mean,chp_operational,808,Adm_65_higher,8,-3.5
4.0,2.0,4,vague,10000.0,posterior_mean,data_derived,809,ILI_PMP,8,42.0
4.0,2.0,4,vague,10000.0,posterior_mean,data_derived,809,ILI_AED,8,42.0
4.0,2.0,4,vague,10000.0,posterior_mean,data_derived,809,ILI_CMP,8,38.5
4.0,2.0,4,vague,10000.0,posterior_mean,data_derived,809,ILI_School,8,28.0
4.0,2.0,4,vague,10000.0,posterior_mean,data_derived,809,ILI_NonSchool,8,10.5
4.0,2.0,4,vague,10000.0,posterior_mean,data_derived,809,Fever_RCHE,0,
4.0,2.0,4,vague,10000.0,posterior_mean,data_derived,809,Adm_All,8,-3.5
4.0,2.0,4,vague,10000.0,posterior_mean,data_derived,809,Adm_0_5,8,17.5
4.0,2.0,4,vague,10000.0,posterior_mean,data_derived,809,Adm_6_11,8,14.0
4.0,2.0,4,vague,10000.0,posterior_mean,data_derived,809,Adm_12_17,8,-14.0
4.0,2.0,4,vague,10000.0,posterior_mean,data_derived,809,Adm_18_49,7,-21.0
4.0,2.0,4,vague,10000.0,posterior_mean,data_derived,809,Adm_50_64,8,-14.0
4.0,2.0,4,vague,10000.0,posterior_mean,data_derived,809,Adm_65_higher,8,0.0
4.0,2.0,4,vague,10000.0,ci_lower,chp_operational,810,ILI_PMP,8,42.0
4.0,2.0,4,vague,10000.0,ci_lower,chp_operational,810,ILI_AED,8,42.0
4.0,2.0,4,vague,10000.0,ci_lower,chp_operational,810,ILI_CMP,8,24.5
4.0,2.0,4,vague,10000.0,ci_lower,chp_operational,810,ILI_School,8,28.0
4.0,2.0,4,vague,10000.0,ci_lower,chp_operational,810,ILI_NonSchool,8,10.5
4.0,2.0,4,vague,10000.0,ci_lower,chp_operational,810,Fever_RCHE,0,
4.0,2.0,4,vague,10000.0,ci_lower,chp_operational,810,Adm_All,8,-10.5
4.0,2.0,4,vague,10000.0,ci_lower,chp_operational,810,Adm_0_5,8,14.0
4.0,2.0,4,vague,10000.0,ci_lower,chp_operational,810,Adm_6_11,8,10.5
4.0,2.0,4,vague,10000.0,ci_lower,chp_operational,810,Adm_12_17,8,-17.5
4.0,2.0,4,vague,10000.0,ci_lower,chp_operational,810,Adm_18_49,7,-28.0
4.0,2.0,4,vague,10000.0,ci_lower,chp_operational,810,Adm_50_64,8,-17.5
4.0,2.0,4,vague,10000.0,ci_lower,chp_operational,810,Adm_65_higher,8,-3.5
4.0,2.0,4,vague,10000.0,ci_lower,data_derived,811,ILI_PMP,8,42.0
4.0,2.0,4,vague,10000.0,ci_lower,data_derived,811,ILI_AED,8,42.0
4.0,2.0,4,vague,10000.0,ci_lower,data_derived,811,ILI_CMP,8,24.5
4.0,2.0,4,vague,10000.0,ci_lower,data_derived,811,ILI_School,8,28.0
4.0,2.0,4,vague,10000.0,ci_lower,data_derived,811,ILI_NonSchool,8,10.5
4.0,2.0,4,vague,10000.0,ci_lower,data_derived,811,Fever_RCHE,0,
4.0,2.0,4,vague,10000.0,ci_lower,data_derived,811,Adm_All,8,-7.0
4.0,2.0,4,vague,10000.0,ci_lower,data_derived,811,Adm_0_5,8,17.5
4.0,2.0,4,vague,10000.0,ci_lower,data_derived,811,Adm_6_11,8,14.0
4.0,2.0,4,vague,10000.0,ci_lower,data_derived,811,Adm_12_17,8,-14.0
4.0,2.0,4,vague,10000.0,ci_lower,data_derived,811,Adm_18_49,7,-21.0
4.0,2.0,4,vague,10000.0,ci_lower,data_derived,811,Adm_50_64,8,-14.0
4.0,2.0,4,vague,10000.0,ci_lower,data_derived,811,Adm_65_higher,8,0.0
4.0,2.0,4,vague,100000.0,posterior_mean,chp_operational,812,ILI_PMP,8,42.0
4.0,2.0,4,vague,100000.0,posterior_mean,chp_operational,812,ILI_AED,8,42.0
4.0,2.0,4,vague,100000.0,posterior_mean,chp_operational,812,ILI_CMP,8,38.5
4.0,2.0,4,vague,100000.0,posterior_mean,chp_operational,812,ILI_School,8,28.0
4.0,2.0,4,vague,100000.0,posterior_mean,chp_operational,812,ILI_NonSchool,8,10.5
4.0,2.0,4,vague,100000.0,posterior_mean,chp_operational,812,Fever_RCHE,0,
4.0,2.0,4,vague,100000.0,posterior_mean,chp_operational,812,Adm_All,8,28.0
4.0,2.0,4,vague,100000.0,posterior_mean,chp_operational,812,Adm_0_5,8,24.5
4.0,2.0,4,vague,100000.0,posterior_mean,chp_operational,812,Adm_6_11,8,24.5
4.0,2.0,4,vague,100000.0,posterior_mean,chp_operational,812,Adm_12_17,8,24.5
4.0,2.0,4,vague,100000.0,posterior_mean,chp_operational,812,Adm_18_49,8,3.5
4.0,2.0,4,vague,100000.0,posterior_mean,chp_operational,812,Adm_50_64,8,10.5
4.0,2.0,4,vague,100000.0,posterior_mean,chp_operational,812,Adm_65_higher,8,24.5
4.0,2.0,4,vague,100000.0,posterior_mean,data_derived,813,ILI_PMP,8,42.0
4.0,2.0,4,vague,100000.0,posterior_mean,data_derived,813,ILI_AED,8,42.0
4.0,2.0,4,vague,100000.0,posterior_mean,data_derived,813,ILI_CMP,8,38.5
4.0,2.0,4,vague,100000.0,posterior_mean,data_derived,813,ILI_School,8,28.0
4.0,2.0,4,vague,100000.0,posterior_mean,data_derived,813,ILI_NonSchool,8,10.5
4.0,2.0,4,vague,100000.0,posterior_mean,data_derived,813,Fever_RCHE,0,
4.0,2.0,4,vague,100000.0,posterior_mean,data_derived,813,Adm_All,8,28.0
4.0,2.0,4,vague,100000.0,posterior_mean,data_derived,813,Adm_0_5,8,24.5
4.0,2.0,4,vague,100000.0,posterior_mean,data_derived,813,Adm_6_11,8,24.5
4.0,2.0,4,vague,100000.0,posterior_mean,data_derived,813,Adm_12_17,8,24.5
4.0,2.0,4,vague,100000.0,posterior_mean,data_derived,813,Adm_18_49,8,7.0
4.0,2.0,4,vague,100000.0,posterior_mean,data_derived,813,Adm_50_64,8,10.5
4.0,2.0,4,vague,100000.0,posterior_mean,data_derived,813,Adm_65_higher,8,24.5
4.0,2.0,4,vague,100000.0,ci_lower,chp_operational,814,ILI_PMP,8,42.0
4.0,2.0,4,vague,100000.0,ci_lower,chp_operational,814,ILI_AED,8,42.0
4.0,2.0,4,vague,100000.0,ci_lower,chp_operational,814,ILI_CMP,8,38.5
4.0,2.0,4,vague,100000.0,ci_lower,chp_operational,814,ILI_School,8,28.0
4.0,2.0,4,vague,100000.0,ci_lower,chp_operational,814,ILI_NonSchool,8,10.5
4.0,2.0,4,vague,100000.0,ci_lower,chp_operational,814,Fever_RCHE,0,
4.0,2.0,4,vague,100000.0,ci_lower,chp_operational,814,Adm_All,8,28.0
4.0,2.0,4,vague,100000.0,ci_lower,chp_operational,814,Adm_0_5,8,24.5
4.0,2.0,4,vague,100000.0,ci_lower,chp_operational,814,Adm_6_11,8,24.5
4.0,2.0,4,vague,100000.0,ci_lower,chp_operational,814,Adm_12_17,8,24.5
4.0,2.0,4,vague,100000.0,ci_lower,chp_operational,814,Adm_18_49,8,3.5
4.0,2.0,4,vague,100000.0,ci_lower,chp_operational,814,Adm_50_64,8,10.5
4.0,2.0,4,vague,100000.0,ci_lower,chp_operational,814,Adm_65_higher,8,24.5
4.0,2.0,4,vague,100000.0,ci_lower,data_derived,815,ILI_PMP,8,42.0
4.0,2.0,4,vague,100000.0,ci_lower,data_derived,815,ILI_AED,8,42.0
4.0,2.0,4,vague,100000.0,ci_lower,data_derived,815,ILI_CMP,8,38.5
4.0,2.0,4,vague,100000.0,ci_lower,data_derived,815,ILI_School,8,28.0
4.0,2.0,4,vague,100000.0,ci_lower,data_derived,815,ILI_NonSchool,8,10.5
4.0,2.0,4,vague,100000.0,ci_lower,data_derived,815,Fever_RCHE,0,
4.0,2.0,4,vague,100000.0,ci_lower,data_derived,815,Adm_All,8,28.0
4.0,2.0,4,vague,100000.0,ci_lower,data_derived,815,Adm_0_5,8,24.5
4.0,2.0,4,vague,100000.0,ci_lower,data_derived,815,Adm_6_11,8,24.5
4.0,2.0,4,vague,100000.0,ci_lower,data_derived,815,Adm_12_17,8,24.5
4.0,2.0,4,vague,100000.0,ci_lower,data_derived,815,Adm_18_49,8,7.0
4.0,2.0,4,vague,100000.0,ci_lower,data_derived,815,Adm_50_64,8,10.5
4.0,2.0,4,vague,100000.0,ci_lower,data_derived,815,Adm_65_higher,8,24.5
4.0,2.0,4,weak_wide,1000.0,posterior_mean,chp_operational,816,ILI_PMP,8,42.0
4.0,2.0,4,weak_wide,1000.0,posterior_mean,chp_operational,816,ILI_AED,8,42.0
4.0,2.0,4,weak_wide,1000.0,posterior_mean,chp_operational,816,ILI_CMP,8,38.5
4.0,2.0,4,weak_wide,1000.0,posterior_mean,chp_operational,816,ILI_School,8,28.0
4.0,2.0,4,weak_wide,1000.0,posterior_mean,chp_operational,816,ILI_NonSchool,8,24.5
4.0,2.0,4,weak_wide,1000.0,posterior_mean,chp_operational,816,Fever_RCHE,8,42.0
4.0,2.0,4,weak_wide,1000.0,posterior_mean,chp_operational,816,Adm_All,8,35.0
4.0,2.0,4,weak_wide,1000.0,posterior_mean,chp_operational,816,Adm_0_5,8,24.5
4.0,2.0,4,weak_wide,1000.0,posterior_mean,chp_operational,816,Adm_6_11,8,38.5
4.0,2.0,4,weak_wide,1000.0,posterior_mean,chp_operational,816,Adm_12_17,8,42.0
4.0,2.0,4,weak_wide,1000.0,posterior_mean,chp_operational,816,Adm_18_49,8,35.0
4.0,2.0,4,weak_wide,1000.0,posterior_mean,chp_operational,816,Adm_50_64,8,35.0
4.0,2.0,4,weak_wide,1000.0,posterior_mean,chp_operational,816,Adm_65_higher,8,24.5
4.0,2.0,4,weak_wide,1000.0,posterior_mean,data_derived,817,ILI_PMP,8,42.0
4.0,2.0,4,weak_wide,1000.0,posterior_mean,data_derived,817,ILI_AED,8,42.0
4.0,2.0,4,weak_wide,1000.0,posterior_mean,data_derived,817,ILI_CMP,8,38.5
4.0,2.0,4,weak_wide,1000.0,posterior_mean,data_derived,817,ILI_School,8,28.0
4.0,2.0,4,weak_wide,1000.0,posterior_mean,data_derived,817,ILI_NonSchool,8,24.5
4.0,2.0,4,weak_wide,1000.0,posterior_mean,data_derived,817,Fever_RCHE,8,42.0
4.0,2.0,4,weak_wide,1000.0,posterior_mean,data_derived,817,Adm_All,8,35.0
4.0,2.0,4,weak_wide,1000.0,posterior_mean,data_derived,817,Adm_0_5,8,24.5
4.0,2.0,4,weak_wide,1000.0,posterior_mean,data_derived,817,Adm_6_11,8,38.5
4.0,2.0,4,weak_wide,1000.0,posterior_mean,data_derived,817,Adm_12_17,8,42.0
4.0,2.0,4,weak_wide,1000.0,posterior_mean,data_derived,817,Adm_18_49,8,35.0
4.0,2.0,4,weak_wide,1000.0,posterior_mean,data_derived,817,Adm_50_64,8,35.0
4.0,2.0,4,weak_wide,1000.0,posterior_mean,data_derived,817,Adm_65_higher,8,24.5
4.0,2.0,4,weak_wide,1000.0,ci_lower,chp_operational,818,ILI_PMP,8,42.0
4.0,2.0,4,weak_wide,1000.0,ci_lower,chp_operational,818,ILI_AED,8,42.0
4.0,2.0,4,weak_wide,1000.0,ci_lower,chp_operational,818,ILI_CMP,8,35.0
4.0,2.0,4,weak_wide,1000.0,ci_lower,chp_operational,818,ILI_School,8,28.0
4.0,2.0,4,weak_wide,1000.0,ci_lower,chp_operational,818,ILI_NonSchool,8,10.5
4.0,2.0,4,weak_wide,1000.0,ci_lower,chp_operational,818,Fever_RCHE,0,
4.0,2.0,4,weak_wide,1000.0,ci_lower,chp_operational,818,Adm_All,8,17.5
4.0,2.0,4,weak_wide,1000.0,ci_lower,chp_operational,818,Adm_0_5,8,24.5
4.0,2.0,4,weak_wide,1000.0,ci_lower,chp_operational,818,Adm_6_11,8,24.5
4.0,2.0,4,weak_wide,1000.0,ci_lower,chp_operational,818,Adm_12_17,8,24.5
4.0,2.0,4,weak_wide,1000.0,ci_lower,chp_operational,818,Adm_18_49,8,7.0
4.0,2.0,4,weak_wide,1000.0,ci_lower,chp_operational,818,Adm_50_64,8,14.0
4.0,2.0,4,weak_wide,1000.0,ci_lower,chp_operational,818,Adm_65_higher,8,21.0
4.0,2.0,4,weak_wide,1000.0,ci_lower,data_derived,819,ILI_PMP,8,42.0
4.0,2.0,4,weak_wide,1000.0,ci_lower,data_derived,819,ILI_AED,8,42.0
4.0,2.0,4,weak_wide,1000.0,ci_lower,data_derived,819,ILI_CMP,8,35.0
4.0,2.0,4,weak_wide,1000.0,ci_lower,data_derived,819,ILI_School,8,28.0
4.0,2.0,4,weak_wide,1000.0,ci_lower,data_derived,819,ILI_NonSchool,8,10.5
4.0,2.0,4,weak_wide,1000.0,ci_lower,data_derived,819,Fever_RCHE,0,
4.0,2.0,4,weak_wide,1000.0,ci_lower,data_derived,819,Adm_All,8,17.5
4.0,2.0,4,weak_wide,1000.0,ci_lower,data_derived,819,Adm_0_5,8,24.5
4.0,2.0,4,weak_wide,1000.0,ci_lower,data_derived,819,Adm_6_11,8,24.5
4.0,2.0,4,weak_wide,1000.0,ci_lower,data_derived,819,Adm_12_17,8,24.5
4.0,2.0,4,weak_wide,1000.0,ci_lower,data_derived,819,Adm_18_49,8,7.0
4.0,2.0,4,weak_wide,1000.0,ci_lower,data_derived,819,Adm_50_64,8,14.0
4.0,2.0,4,weak_wide,1000.0,ci_lower,data_derived,819,Adm_65_higher,8,21.0
4.0,2.0,4,weak_wide,10000.0,posterior_mean,chp_operational,820,ILI_PMP,8,42.0
4.0,2.0,4,weak_wide,10000.0,posterior_mean,chp_operational,820,ILI_AED,8,42.0
4.0,2.0,4,weak_wide,10000.0,posterior_mean,chp_operational,820,ILI_CMP,8,38.5
4.0,2.0,4,weak_wide,10000.0,posterior_mean,chp_operational,820,ILI_School,8,28.0
4.0,2.0,4,weak_wide,10000.0,posterior_mean,chp_operational,820,ILI_NonSchool,8,24.5
4.0,2.0,4,weak_wide,10000.0,posterior_mean,chp_operational,820,Fever_RCHE,8,42.0
4.0,2.0,4,weak_wide,10000.0,posterior_mean,chp_operational,820,Adm_All,8,31.5
4.0,2.0,4,weak_wide,10000.0,posterior_mean,chp_operational,820,Adm_0_5,8,24.5
4.0,2.0,4,weak_wide,10000.0,posterior_mean,chp_operational,820,Adm_6_11,8,38.5
4.0,2.0,4,weak_wide,10000.0,posterior_mean,chp_operational,820,Adm_12_17,8,42.0
4.0,2.0,4,weak_wide,10000.0,posterior_mean,chp_operational,820,Adm_18_49,8,35.0
4.0,2.0,4,weak_wide,10000.0,posterior_mean,chp_operational,820,Adm_50_64,8,31.5
4.0,2.0,4,weak_wide,10000.0,posterior_mean,chp_operational,820,Adm_65_higher,8,24.5
4.0,2.0,4,weak_wide,10000.0,posterior_mean,data_derived,821,ILI_PMP,8,42.0
4.0,2.0,4,weak_wide,10000.0,posterior_mean,data_derived,821,ILI_AED,8,42.0
4.0,2.0,4,weak_wide,10000.0,posterior_mean,data_derived,821,ILI_CMP,8,38.5
4.0,2.0,4,weak_wide,10000.0,posterior_mean,data_derived,821,ILI_School,8,28.0
4.0,2.0,4,weak_wide,10000.0,posterior_mean,data_derived,821,ILI_NonSchool,8,24.5
4.0,2.0,4,weak_wide,10000.0,posterior_mean,data_derived,821,Fever_RCHE,8,42.0
4.0,2.0,4,weak_wide,10000.0,posterior_mean,data_derived,821,Adm_All,8,31.5
4.0,2.0,4,weak_wide,10000.0,posterior_mean,data_derived,821,Adm_0_5,8,24.5
4.0,2.0,4,weak_wide,10000.0,posterior_mean,data_derived,821,Adm_6_11,8,38.5
4.0,2.0,4,weak_wide,10000.0,posterior_mean,data_derived,821,Adm_12_17,8,42.0
4.0,2.0,4,weak_wide,10000.0,posterior_mean,data_derived,821,Adm_18_49,8,35.0
4.0,2.0,4,weak_wide,10000.0,posterior_mean,data_derived,821,Adm_50_64,8,31.5
4.0,2.0,4,weak_wide,10000.0,posterior_mean,data_derived,821,Adm_65_higher,8,24.5
4.0,2.0,4,weak_wide,10000.0,ci_lower,chp_operational,822,ILI_PMP,8,42.0
4.0,2.0,4,weak_wide,10000.0,ci_lower,chp_operational,822,ILI_AED,8,42.0
4.0,2.0,4,weak_wide,10000.0,ci_lower,chp_operational,822,ILI_CMP,8,38.5
4.0,2.0,4,weak_wide,10000.0,ci_lower,chp_operational,822,ILI_School,8,28.0
4.0,2.0,4,weak_wide,10000.0,ci_lower,chp_operational,822,ILI_NonSchool,8,10.5
4.0,2.0,4,weak_wide,10000.0,ci_lower,chp_operational,822,Fever_RCHE,4,-45.5
4.0,2.0,4,weak_wide,10000.0,ci_lower,chp_operational,822,Adm_All,8,31.5
4.0,2.0,4,weak_wide,10000.0,ci_lower,chp_operational,822,Adm_0_5,8,24.5
4.0,2.0,4,weak_wide,10000.0,ci_lower,chp_operational,822,Adm_6_11,8,24.5
4.0,2.0,4,weak_wide,10000.0,ci_lower,chp_operational,822,Adm_12_17,8,24.5
4.0,2.0,4,weak_wide,10000.0,ci_lower,chp_operational,822,Adm_18_49,8,35.0
4.0,2.0,4,weak_wide,10000.0,ci_lower,chp_operational,822,Adm_50_64,8,17.5
4.0,2.0,4,weak_wide,10000.0,ci_lower,chp_operational,822,Adm_65_higher,8,24.5
4.0,2.0,4,weak_wide,10000.0,ci_lower,data_derived,823,ILI_PMP,8,42.0
4.0,2.0,4,weak_wide,10000.0,ci_lower,data_derived,823,ILI_AED,8,42.0
4.0,2.0,4,weak_wide,10000.0,ci_lower,data_derived,823,ILI_CMP,8,38.5
4.0,2.0,4,weak_wide,10000.0,ci_lower,data_derived,823,ILI_School,8,28.0
4.0,2.0,4,weak_wide,10000.0,ci_lower,data_derived,823,ILI_NonSchool,8,10.5
4.0,2.0,4,weak_wide,10000.0,ci_lower,data_derived,823,Fever_RCHE,4,-38.5
4.0,2.0,4,weak_wide,10000.0,ci_lower,data_derived,823,Adm_All,8,31.5
4.0,2.0,4,weak_wide,10000.0,ci_lower,data_derived,823,Adm_0_5,8,24.5
4.0,2.0,4,weak_wide,10000.0,ci_lower,data_derived,823,Adm_6_11,8,24.5
4.0,2.0,4,weak_wide,10000.0,ci_lower,data_derived,823,Adm_12_17,8,24.5
4.0,2.0,4,weak_wide,10000.0,ci_lower,data_derived,823,Adm_18_49,8,35.0
4.0,2.0,4,weak_wide,10000.0,ci_lower,data_derived,823,Adm_50_64,8,17.5
4.0,2.0,4,weak_wide,10000.0,ci_lower,data_derived,823,Adm_65_higher,8,24.5
4.0,2.0,4,weak_wide,100000.0,posterior_mean,chp_operational,824,ILI_PMP,8,42.0
4.0,2.0,4,weak_wide,100000.0,posterior_mean,chp_operational,824,ILI_AED,8,42.0
4.0,2.0,4,weak_wide,100000.0,posterior_mean,chp_operational,824,ILI_CMP,8,38.5
4.0,2.0,4,weak_wide,100000.0,posterior_mean,chp_operational,824,ILI_School,8,28.0
4.0,2.0,4,weak_wide,100000.0,posterior_mean,chp_operational,824,ILI_NonSchool,8,24.5
4.0,2.0,4,weak_wide,100000.0,posterior_mean,chp_operational,824,Fever_RCHE,8,42.0
4.0,2.0,4,weak_wide,100000.0,posterior_mean,chp_operational,824,Adm_All,8,31.5
4.0,2.0,4,weak_wide,100000.0,posterior_mean,chp_operational,824,Adm_0_5,8,24.5
4.0,2.0,4,weak_wide,100000.0,posterior_mean,chp_operational,824,Adm_6_11,8,35.0
4.0,2.0,4,weak_wide,100000.0,posterior_mean,chp_operational,824,Adm_12_17,8,42.0
4.0,2.0,4,weak_wide,100000.0,posterior_mean,chp_operational,824,Adm_18_49,8,35.0
4.0,2.0,4,weak_wide,100000.0,posterior_mean,chp_operational,824,Adm_50_64,8,31.5
4.0,2.0,4,weak_wide,100000.0,posterior_mean,chp_operational,824,Adm_65_higher,8,24.5
4.0,2.0,4,weak_wide,100000.0,posterior_mean,data_derived,825,ILI_PMP,8,42.0
4.0,2.0,4,weak_wide,100000.0,posterior_mean,data_derived,825,ILI_AED,8,42.0
4.0,2.0,4,weak_wide,100000.0,posterior_mean,data_derived,825,ILI_CMP,8,38.5
4.0,2.0,4,weak_wide,100000.0,posterior_mean,data_derived,825,ILI_School,8,28.0
4.0,2.0,4,weak_wide,100000.0,posterior_mean,data_derived,825,ILI_NonSchool,8,24.5
4.0,2.0,4,weak_wide,100000.0,posterior_mean,data_derived,825,Fever_RCHE,8,42.0
4.0,2.0,4,weak_wide,100000.0,posterior_mean,data_derived,825,Adm_All,8,31.5
4.0,2.0,4,weak_wide,100000.0,posterior_mean,data_derived,825,Adm_0_5,8,24.5
4.0,2.0,4,weak_wide,100000.0,posterior_mean,data_derived,825,Adm_6_11,8,35.0
4.0,2.0,4,weak_wide,100000.0,posterior_mean,data_derived,825,Adm_12_17,8,42.0
4.0,2.0,4,weak_wide,100000.0,posterior_mean,data_derived,825,Adm_18_49,8,35.0
4.0,2.0,4,weak_wide,100000.0,posterior_mean,data_derived,825,Adm_50_64,8,31.5
4.0,2.0,4,weak_wide,100000.0,posterior_mean,data_derived,825,Adm_65_higher,8,24.5
4.0,2.0,4,weak_wide,100000.0,ci_lower,chp_operational,826,ILI_PMP,8,42.0
4.0,2.0,4,weak_wide,100000.0,ci_lower,chp_operational,826,ILI_AED,8,42.0
4.0,2.0,4,weak_wide,100000.0,ci_lower,chp_operational,826,ILI_CMP,8,38.5
4.0,2.0,4,weak_wide,100000.0,ci_lower,chp_operational,826,ILI_School,8,28.0
4.0,2.0,4,weak_wide,100000.0,ci_lower,chp_operational,826,ILI_NonSchool,8,10.5
4.0,2.0,4,weak_wide,100000.0,ci_lower,chp_operational,826,Fever_RCHE,8,7.0
4.0,2.0,4,weak_wide,100000.0,ci_lower,chp_operational,826,Adm_All,8,31.5
4.0,2.0,4,weak_wide,100000.0,ci_lower,chp_operational,826,Adm_0_5,8,24.5
4.0,2.0,4,weak_wide,100000.0,ci_lower,chp_operational,826,Adm_6_11,8,24.5
4.0,2.0,4,weak_wide,100000.0,ci_lower,chp_operational,826,Adm_12_17,8,24.5
4.0,2.0,4,weak_wide,100000.0,ci_lower,chp_operational,826,Adm_18_49,8,35.0
4.0,2.0,4,weak_wide,100000.0,ci_lower,chp_operational,826,Adm_50_64,8,17.5
4.0,2.0,4,weak_wide,100000.0,ci_lower,chp_operational,826,Adm_65_higher,8,24.5
4.0,2.0,4,weak_wide,100000.0,ci_lower,data_derived,827,ILI_PMP,8,42.0
4.0,2.0,4,weak_wide,100000.0,ci_lower,data_derived,827,ILI_AED,8,42.0
4.0,2.0,4,weak_wide,100000.0,ci_lower,data_derived,827,ILI_CMP,8,38.5
4.0,2.0,4,weak_wide,100000.0,ci_lower,data_derived,827,ILI_School,8,28.0
4.0,2.0,4,weak_wide,100000.0,ci_lower,data_derived,827,ILI_NonSchool,8,10.5
4.0,2.0,4,weak_wide,100000.0,ci_lower,data_derived,827,Fever_RCHE,8,7.0
4.0,2.0,4,weak_wide,100000.0,ci_lower,data_derived,827,Adm_All,8,31.5
4.0,2.0,4,weak_wide,100000.0,ci_lower,data_derived,827,Adm_0_5,8,24.5
4.0,2.0,4,weak_wide,100000.0,ci_lower,data_derived,827,Adm_6_11,8,24.5
4.0,2.0,4,weak_wide,100000.0,ci_lower,data_derived,827,Adm_12_17,8,24.5
4.0,2.0,4,weak_wide,100000.0,ci_lower,data_derived,827,Adm_18_49,8,35.0
4.0,2.0,4,weak_wide,100000.0,ci_lower,data_derived,827,Adm_50_64,8,17.5
4.0,2.0,4,weak_wide,100000.0,ci_lower,data_derived,827,Adm_65_higher,8,24.5
4.0,2.0,6,v7,1000.0,posterior_mean,chp_operational,828,ILI_PMP,8,28.0
4.0,2.0,6,v7,1000.0,posterior_mean,chp_operational,828,ILI_AED,8,28.0
4.0,2.0,6,v7,1000.0,posterior_mean,chp_operational,828,ILI_CMP,8,24.5
4.0,2.0,6,v7,1000.0,posterior_mean,chp_operational,828,ILI_School,8,21.0
4.0,2.0,6,v7,1000.0,posterior_mean,chp_operational,828,ILI_NonSchool,8,10.5
4.0,2.0,6,v7,1000.0,posterior_mean,chp_operational,828,Fever_RCHE,0,
4.0,2.0,6,v7,1000.0,posterior_mean,chp_operational,828,Adm_All,8,17.5
4.0,2.0,6,v7,1000.0,posterior_mean,chp_operational,828,Adm_0_5,8,21.0
4.0,2.0,6,v7,1000.0,posterior_mean,chp_operational,828,Adm_6_11,8,17.5
4.0,2.0,6,v7,1000.0,posterior_mean,chp_operational,828,Adm_12_17,8,14.0
4.0,2.0,6,v7,1000.0,posterior_mean,chp_operational,828,Adm_18_49,8,7.0
4.0,2.0,6,v7,1000.0,posterior_mean,chp_operational,828,Adm_50_64,8,21.0
4.0,2.0,6,v7,1000.0,posterior_mean,chp_operational,828,Adm_65_higher,8,17.5
4.0,2.0,6,v7,1000.0,posterior_mean,data_derived,829,ILI_PMP,8,28.0
4.0,2.0,6,v7,1000.0,posterior_mean,data_derived,829,ILI_AED,8,28.0
4.0,2.0,6,v7,1000.0,posterior_mean,data_derived,829,ILI_CMP,8,24.5
4.0,2.0,6,v7,1000.0,posterior_mean,data_derived,829,ILI_School,8,21.0
4.0,2.0,6,v7,1000.0,posterior_mean,data_derived,829,ILI_NonSchool,8,10.5
4.0,2.0,6,v7,1000.0,posterior_mean,data_derived,829,Fever_RCHE,0,
4.0,2.0,6,v7,1000.0,posterior_mean,data_derived,829,Adm_All,8,17.5
4.0,2.0,6,v7,1000.0,posterior_mean,data_derived,829,Adm_0_5,8,21.0
4.0,2.0,6,v7,1000.0,posterior_mean,data_derived,829,Adm_6_11,8,17.5
4.0,2.0,6,v7,1000.0,posterior_mean,data_derived,829,Adm_12_17,8,14.0
4.0,2.0,6,v7,1000.0,posterior_mean,data_derived,829,Adm_18_49,8,7.0
4.0,2.0,6,v7,1000.0,posterior_mean,data_derived,829,Adm_50_64,8,21.0
4.0,2.0,6,v7,1000.0,posterior_mean,data_derived,829,Adm_65_higher,8,17.5
4.0,2.0,6,v7,1000.0,ci_lower,chp_operational,830,ILI_PMP,8,28.0
4.0,2.0,6,v7,1000.0,ci_lower,chp_operational,830,ILI_AED,8,28.0
4.0,2.0,6,v7,1000.0,ci_lower,chp_operational,830,ILI_CMP,8,3.5
4.0,2.0,6,v7,1000.0,ci_lower,chp_operational,830,ILI_School,8,21.0
4.0,2.0,6,v7,1000.0,ci_lower,chp_operational,830,ILI_NonSchool,8,10.5
4.0,2.0,6,v7,1000.0,ci_lower,chp_operational,830,Fever_RCHE,0,
4.0,2.0,6,v7,1000.0,ci_lower,chp_operational,830,Adm_All,8,10.5
4.0,2.0,6,v7,1000.0,ci_lower,chp_operational,830,Adm_0_5,8,14.0
4.0,2.0,6,v7,1000.0,ci_lower,chp_operational,830,Adm_6_11,8,14.0
4.0,2.0,6,v7,1000.0,ci_lower,chp_operational,830,Adm_12_17,8,14.0
4.0,2.0,6,v7,1000.0,ci_lower,chp_operational,830,Adm_18_49,8,-7.0
4.0,2.0,6,v7,1000.0,ci_lower,chp_operational,830,Adm_50_64,8,3.5
4.0,2.0,6,v7,1000.0,ci_lower,chp_operational,830,Adm_65_higher,8,14.0
4.0,2.0,6,v7,1000.0,ci_lower,data_derived,831,ILI_PMP,8,28.0
4.0,2.0,6,v7,1000.0,ci_lower,data_derived,831,ILI_AED,8,28.0
4.0,2.0,6,v7,1000.0,ci_lower,data_derived,831,ILI_CMP,8,3.5
4.0,2.0,6,v7,1000.0,ci_lower,data_derived,831,ILI_School,8,21.0
4.0,2.0,6,v7,1000.0,ci_lower,data_derived,831,ILI_NonSchool,8,10.5
4.0,2.0,6,v7,1000.0,ci_lower,data_derived,831,Fever_RCHE,0,
4.0,2.0,6,v7,1000.0,ci_lower,data_derived,831,Adm_All,8,10.5
4.0,2.0,6,v7,1000.0,ci_lower,data_derived,831,Adm_0_5,8,14.0
4.0,2.0,6,v7,1000.0,ci_lower,data_derived,831,Adm_6_11,8,14.0
4.0,2.0,6,v7,1000.0,ci_lower,data_derived,831,Adm_12_17,8,14.0
4.0,2.0,6,v7,1000.0,ci_lower,data_derived,831,Adm_18_49,8,-3.5
4.0,2.0,6,v7,1000.0,ci_lower,data_derived,831,Adm_50_64,8,7.0
4.0,2.0,6,v7,1000.0,ci_lower,data_derived,831,Adm_65_higher,8,17.5
4.0,2.0,6,v7,10000.0,posterior_mean,chp_operational,832,ILI_PMP,8,28.0
4.0,2.0,6,v7,10000.0,posterior_mean,chp_operational,832,ILI_AED,8,28.0
4.0,2.0,6,v7,10000.0,posterior_mean,chp_operational,832,ILI_CMP,8,24.5
4.0,2.0,6,v7,10000.0,posterior_mean,chp_operational,832,ILI_School,8,21.0
4.0,2.0,6,v7,10000.0,posterior_mean,chp_operational,832,ILI_NonSchool,8,10.5
4.0,2.0,6,v7,10000.0,posterior_mean,chp_operational,832,Fever_RCHE,8,-31.5
4.0,2.0,6,v7,10000.0,posterior_mean,chp_operational,832,Adm_All,8,21.0
4.0,2.0,6,v7,10000.0,posterior_mean,chp_operational,832,Adm_0_5,8,21.0
4.0,2.0,6,v7,10000.0,posterior_mean,chp_operational,832,Adm_6_11,8,17.5
4.0,2.0,6,v7,10000.0,posterior_mean,chp_operational,832,Adm_12_17,8,14.0
4.0,2.0,6,v7,10000.0,posterior_mean,chp_operational,832,Adm_18_49,8,28.0
4.0,2.0,6,v7,10000.0,posterior_mean,chp_operational,832,Adm_50_64,8,21.0
4.0,2.0,6,v7,10000.0,posterior_mean,chp_operational,832,Adm_65_higher,8,17.5
4.0,2.0,6,v7,10000.0,posterior_mean,data_derived,833,ILI_PMP,8,28.0
4.0,2.0,6,v7,10000.0,posterior_mean,data_derived,833,ILI_AED,8,28.0
4.0,2.0,6,v7,10000.0,posterior_mean,data_derived,833,ILI_CMP,8,24.5
4.0,2.0,6,v7,10000.0,posterior_mean,data_derived,833,ILI_School,8,21.0
4.0,2.0,6,v7,10000.0,posterior_mean,data_derived,833,ILI_NonSchool,8,10.5
4.0,2.0,6,v7,10000.0,posterior_mean,data_derived,833,Fever_RCHE,8,-28.0
4.0,2.0,6,v7,10000.0,posterior_mean,data_derived,833,Adm_All,8,21.0
4.0,2.0,6,v7,10000.0,posterior_mean,data_derived,833,Adm_0_5,8,21.0
4.0,2.0,6,v7,10000.0,posterior_mean,data_derived,833,Adm_6_11,8,17.5
4.0,2.0,6,v7,10000.0,posterior_mean,data_derived,833,Adm_12_17,8,14.0
4.0,2.0,6,v7,10000.0,posterior_mean,data_derived,833,Adm_18_49,8,28.0
4.0,2.0,6,v7,10000.0,posterior_mean,data_derived,833,Adm_50_64,8,21.0
4.0,2.0,6,v7,10000.0,posterior_mean,data_derived,833,Adm_65_higher,8,17.5
4.0,2.0,6,v7,10000.0,ci_lower,chp_operational,834,ILI_PMP,8,28.0
4.0,2.0,6,v7,10000.0,ci_lower,chp_operational,834,ILI_AED,8,28.0
4.0,2.0,6,v7,10000.0,ci_lower,chp_operational,834,ILI_CMP,8,24.5
4.0,2.0,6,v7,10000.0,ci_lower,chp_operational,834,ILI_School,8,21.0
4.0,2.0,6,v7,10000.0,ci_lower,chp_operational,834,ILI_NonSchool,8,10.5
4.0,2.0,6,v7,10000.0,ci_lower,chp_operational,834,Fever_RCHE,0,
4.0,2.0,6,v7,10000.0,ci_lower,chp_operational,834,Adm_All,8,21.0
4.0,2.0,6,v7,10000.0,ci_lower,chp_operational,834,Adm_0_5,8,21.0
4.0,2.0,6,v7,10000.0,ci_lower,chp_operational,834,Adm_6_11,8,17.5
4.0,2.0,6,v7,10000.0,ci_lower,chp_operational,834,Adm_12_17,8,14.0
4.0,2.0,6,v7,10000.0,ci_lower,chp_operational,834,Adm_18_49,8,14.0
4.0,2.0,6,v7,10000.0,ci_lower,chp_operational,834,Adm_50_64,8,21.0
4.0,2.0,6,v7,10000.0,ci_lower,chp_operational,834,Adm_65_higher,8,17.5
4.0,2.0,6,v7,10000.0,ci_lower,data_derived,835,ILI_PMP,8,28.0
4.0,2.0,6,v7,10000.0,ci_lower,data_derived,835,ILI_AED,8,28.0
4.0,2.0,6,v7,10000.0,ci_lower,data_derived,835,ILI_CMP,8,24.5
4.0,2.0,6,v7,10000.0,ci_lower,data_derived,835,ILI_School,8,21.0
4.0,2.0,6,v7,10000.0,ci_lower,data_derived,835,ILI_NonSchool,8,10.5
4.0,2.0,6,v7,10000.0,ci_lower,data_derived,835,Fever_RCHE,0,
4.0,2.0,6,v7,10000.0,ci_lower,data_derived,835,Adm_All,8,21.0
4.0,2.0,6,v7,10000.0,ci_lower,data_derived,835,Adm_0_5,8,21.0
4.0,2.0,6,v7,10000.0,ci_lower,data_derived,835,Adm_6_11,8,17.5
4.0,2.0,6,v7,10000.0,ci_lower,data_derived,835,Adm_12_17,8,14.0
4.0,2.0,6,v7,10000.0,ci_lower,data_derived,835,Adm_18_49,8,14.0
4.0,2.0,6,v7,10000.0,ci_lower,data_derived,835,Adm_50_64,8,21.0
4.0,2.0,6,v7,10000.0,ci_lower,data_derived,835,Adm_65_higher,8,17.5
4.0,2.0,6,v7,100000.0,posterior_mean,chp_operational,836,ILI_PMP,8,28.0
4.0,2.0,6,v7,100000.0,posterior_mean,chp_operational,836,ILI_AED,8,28.0
4.0,2.0,6,v7,100000.0,posterior_mean,chp_operational,836,ILI_CMP,8,24.5
4.0,2.0,6,v7,100000.0,posterior_mean,chp_operational,836,ILI_School,8,21.0
4.0,2.0,6,v7,100000.0,posterior_mean,chp_operational,836,ILI_NonSchool,8,10.5
4.0,2.0,6,v7,100000.0,posterior_mean,chp_operational,836,Fever_RCHE,8,21.0
4.0,2.0,6,v7,100000.0,posterior_mean,chp_operational,836,Adm_All,8,21.0
4.0,2.0,6,v7,100000.0,posterior_mean,chp_operational,836,Adm_0_5,8,21.0
4.0,2.0,6,v7,100000.0,posterior_mean,chp_operational,836,Adm_6_11,8,17.5
4.0,2.0,6,v7,100000.0,posterior_mean,chp_operational,836,Adm_12_17,8,14.0
4.0,2.0,6,v7,100000.0,posterior_mean,chp_operational,836,Adm_18_49,8,28.0
4.0,2.0,6,v7,100000.0,posterior_mean,chp_operational,836,Adm_50_64,8,21.0
4.0,2.0,6,v7,100000.0,posterior_mean,chp_operational,836,Adm_65_higher,8,17.5
4.0,2.0,6,v7,100000.0,posterior_mean,data_derived,837,ILI_PMP,8,28.0
4.0,2.0,6,v7,100000.0,posterior_mean,data_derived,837,ILI_AED,8,28.0
4.0,2.0,6,v7,100000.0,posterior_mean,data_derived,837,ILI_CMP,8,24.5
4.0,2.0,6,v7,100000.0,posterior_mean,data_derived,837,ILI_School,8,21.0
4.0,2.0,6,v7,100000.0,posterior_mean,data_derived,837,ILI_NonSchool,8,10.5
4.0,2.0,6,v7,100000.0,posterior_mean,data_derived,837,Fever_RCHE,8,21.0
4.0,2.0,6,v7,100000.0,posterior_mean,data_derived,837,Adm_All,8,21.0
4.0,2.0,6,v7,100000.0,posterior_mean,data_derived,837,Adm_0_5,8,21.0
4.0,2.0,6,v7,100000.0,posterior_mean,data_derived,837,Adm_6_11,8,17.5
4.0,2.0,6,v7,100000.0,posterior_mean,data_derived,837,Adm_12_17,8,14.0
4.0,2.0,6,v7,100000.0,posterior_mean,data_derived,837,Adm_18_49,8,28.0
4.0,2.0,6,v7,100000.0,posterior_mean,data_derived,837,Adm_50_64,8,21.0
4.0,2.0,6,v7,100000.0,posterior_mean,data_derived,837,Adm_65_higher,8,17.5
4.0,2.0,6,v7,100000.0,ci_lower,chp_operational,838,ILI_PMP,8,28.0
4.0,2.0,6,v7,100000.0,ci_lower,chp_operational,838,ILI_AED,8,28.0
4.0,2.0,6,v7,100000.0,ci_lower,chp_operational,838,ILI_CMP,8,24.5
4.0,2.0,6,v7,100000.0,ci_lower,chp_operational,838,ILI_School,8,21.0
4.0,2.0,6,v7,100000.0,ci_lower,chp_operational,838,ILI_NonSchool,8,10.5
4.0,2.0,6,v7,100000.0,ci_lower,chp_operational,838,Fever_RCHE,8,-31.5
4.0,2.0,6,v7,100000.0,ci_lower,chp_operational,838,Adm_All,8,21.0
4.0,2.0,6,v7,100000.0,ci_lower,chp_operational,838,Adm_0_5,8,21.0
4.0,2.0,6,v7,100000.0,ci_lower,chp_operational,838,Adm_6_11,8,17.5
4.0,2.0,6,v7,100000.0,ci_lower,chp_operational,838,Adm_12_17,8,14.0
4.0,2.0,6,v7,100000.0,ci_lower,chp_operational,838,Adm_18_49,8,24.5
4.0,2.0,6,v7,100000.0,ci_lower,chp_operational,838,Adm_50_64,8,21.0
4.0,2.0,6,v7,100000.0,ci_lower,chp_operational,838,Adm_65_higher,8,17.5
4.0,2.0,6,v7,100000.0,ci_lower,data_derived,839,ILI_PMP,8,28.0
4.0,2.0,6,v7,100000.0,ci_lower,data_derived,839,ILI_AED,8,28.0
4.0,2.0,6,v7,100000.0,ci_lower,data_derived,839,ILI_CMP,8,24.5
4.0,2.0,6,v7,100000.0,ci_lower,data_derived,839,ILI_School,8,21.0
4.0,2.0,6,v7,100000.0,ci_lower,data_derived,839,ILI_NonSchool,8,10.5
4.0,2.0,6,v7,100000.0,ci_lower,data_derived,839,Fever_RCHE,8,-28.0
4.0,2.0,6,v7,100000.0,ci_lower,data_derived,839,Adm_All,8,21.0
4.0,2.0,6,v7,100000.0,ci_lower,data_derived,839,Adm_0_5,8,21.0
4.0,2.0,6,v7,100000.0,ci_lower,data_derived,839,Adm_6_11,8,17.5
4.0,2.0,6,v7,100000.0,ci_lower,data_derived,839,Adm_12_17,8,14.0
4.0,2.0,6,v7,100000.0,ci_lower,data_derived,839,Adm_18_49,8,24.5
4.0,2.0,6,v7,100000.0,ci_lower,data_derived,839,Adm_50_64,8,21.0
4.0,2.0,6,v7,100000.0,ci_lower,data_derived,839,Adm_65_higher,8,17.5
4.0,2.0,6,vague,1000.0,posterior_mean,chp_operational,840,ILI_PMP,8,28.0
4.0,2.0,6,vague,1000.0,posterior_mean,chp_operational,840,ILI_AED,8,28.0
4.0,2.0,6,vague,1000.0,posterior_mean,chp_operational,840,ILI_CMP,7,-42.0
4.0,2.0,6,vague,1000.0,posterior_mean,chp_operational,840,ILI_School,8,21.0
4.0,2.0,6,vague,1000.0,posterior_mean,chp_operational,840,ILI_NonSchool,8,7.0
4.0,2.0,6,vague,1000.0,posterior_mean,chp_operational,840,Fever_RCHE,0,
4.0,2.0,6,vague,1000.0,posterior_mean,chp_operational,840,Adm_All,4,-31.5
4.0,2.0,6,vague,1000.0,posterior_mean,chp_operational,840,Adm_0_5,8,-10.5
4.0,2.0,6,vague,1000.0,posterior_mean,chp_operational,840,Adm_6_11,6,-38.5
4.0,2.0,6,vague,1000.0,posterior_mean,chp_operational,840,Adm_12_17,4,-122.5
4.0,2.0,6,vague,1000.0,posterior_mean,chp_operational,840,Adm_18_49,0,
4.0,2.0,6,vague,1000.0,posterior_mean,chp_operational,840,Adm_50_64,1,-42.0
4.0,2.0,6,vague,1000.0,posterior_mean,chp_operational,840,Adm_65_higher,7,-28.0
4.0,2.0,6,vague,1000.0,posterior_mean,data_derived,841,ILI_PMP,8,28.0
4.0,2.0,6,vague,1000.0,posterior_mean,data_derived,841,ILI_AED,8,28.0
4.0,2.0,6,vague,1000.0,posterior_mean,data_derived,841,ILI_CMP,7,-42.0
4.0,2.0,6,vague,1000.0,posterior_mean,data_derived,841,ILI_School,8,21.0
4.0,2.0,6,vague,1000.0,posterior_mean,data_derived,841,ILI_NonSchool,8,7.0
4.0,2.0,6,vague,1000.0,posterior_mean,data_derived,841,Fever_RCHE,0,
4.0,2.0,6,vague,1000.0,posterior_mean,data_derived,841,Adm_All,4,-31.5
4.0,2.0,6,vague,1000.0,posterior_mean,data_derived,841,Adm_0_5,8,-10.5
4.0,2.0,6,vague,1000.0,posterior_mean,data_derived,841,Adm_6_11,6,-35.0
4.0,2.0,6,vague,1000.0,posterior_mean,data_derived,841,Adm_12_17,4,-122.5
4.0,2.0,6,vague,1000.0,posterior_mean,data_derived,841,Adm_18_49,0,
4.0,2.0,6,vague,1000.0,posterior_mean,data_derived,841,Adm_50_64,1,-42.0
4.0,2.0,6,vague,1000.0,posterior_mean,data_derived,841,Adm_65_higher,7,-28.0
4.0,2.0,6,vague,1000.0,ci_lower,chp_operational,842,ILI_PMP,8,28.0
4.0,2.0,6,vague,1000.0,ci_lower,chp_operational,842,ILI_AED,8,28.0
4.0,2.0,6,vague,1000.0,ci_lower,chp_operational,842,ILI_CMP,5,-49.0
4.0,2.0,6,vague,1000.0,ci_lower,chp_operational,842,ILI_School,8,17.5
4.0,2.0,6,vague,1000.0,ci_lower,chp_operational,842,ILI_NonSchool,8,-14.0
4.0,2.0,6,vague,1000.0,ci_lower,chp_operational,842,Fever_RCHE,0,
4.0,2.0,6,vague,1000.0,ci_lower,chp_operational,842,Adm_All,4,-35.0
4.0,2.0,6,vague,1000.0,ci_lower,chp_operational,842,Adm_0_5,8,-14.0
4.0,2.0,6,vague,1000.0,ci_lower,chp_operational,842,Adm_6_11,6,-38.5
4.0,2.0,6,vague,1000.0,ci_lower,chp_operational,842,Adm_12_17,4,-122.5
4.0,2.0,6,vague,1000.0,ci_lower,chp_operational,842,Adm_18_49,0,
4.0,2.0,6,vague,1000.0,ci_lower,chp_operational,842,Adm_50_64,0,
4.0,2.0,6,vague,1000.0,ci_lower,chp_operational,842,Adm_65_higher,6,-24.5
4.0,2.0,6,vague,1000.0,ci_lower,data_derived,843,ILI_PMP,8,28.0
4.0,2.0,6,vague,1000.0,ci_lower,data_derived,843,ILI_AED,8,28.0
4.0,2.0,6,vague,1000.0,ci_lower,data_derived,843,ILI_CMP,5,-49.0
4.0,2.0,6,vague,1000.0,ci_lower,data_derived,843,ILI_School,8,17.5
4.0,2.0,6,vague,1000.0,ci_lower,data_derived,843,ILI_NonSchool,8,-10.5
4.0,2.0,6,vague,1000.0,ci_lower,data_derived,843,Fever_RCHE,0,
4.0,2.0,6,vague,1000.0,ci_lower,data_derived,843,Adm_All,4,-35.0
4.0,2.0,6,vague,1000.0,ci_lower,data_derived,843,Adm_0_5,8,-10.5
4.0,2.0,6,vague,1000.0,ci_lower,data_derived,843,Adm_6_11,6,-35.0
4.0,2.0,6,vague,1000.0,ci_lower,data_derived,843,Adm_12_17,4,-122.5
4.0,2.0,6,vague,1000.0,ci_lower,data_derived,843,Adm_18_49,0,
4.0,2.0,6,vague,1000.0,ci_lower,data_derived,843,Adm_50_64,0,
4.0,2.0,6,vague,1000.0,ci_lower,data_derived,843,Adm_65_higher,6,-24.5
4.0,2.0,6,vague,10000.0,posterior_mean,chp_operational,844,ILI_PMP,8,28.0
4.0,2.0,6,vague,10000.0,posterior_mean,chp_operational,844,ILI_AED,8,28.0
4.0,2.0,6,vague,10000.0,posterior_mean,chp_operational,844,ILI_CMP,8,3.5
4.0,2.0,6,vague,10000.0,posterior_mean,chp_operational,844,ILI_School,8,21.0
4.0,2.0,6,vague,10000.0,posterior_mean,chp_operational,844,ILI_NonSchool,8,10.5
4.0,2.0,6,vague,10000.0,posterior_mean,chp_operational,844,Fever_RCHE,0,
4.0,2.0,6,vague,10000.0,posterior_mean,chp_operational,844,Adm_All,8,-3.5
4.0,2.0,6,vague,10000.0,posterior_mean,chp_operational,844,Adm_0_5,8,10.5
4.0,2.0,6,vague,10000.0,posterior_mean,chp_operational,844,Adm_6_11,8,7.0
4.0,2.0,6,vague,10000.0,posterior_mean,chp_operational,844,Adm_12_17,8,-17.5
4.0,2.0,6,vague,10000.0,posterior_mean,chp_operational,844,Adm_18_49,7,-21.0
4.0,2.0,6,vague,10000.0,posterior_mean,chp_operational,844,Adm_50_64,8,-17.5
4.0,2.0,6,vague,10000.0,posterior_mean,chp_operational,844,Adm_65_higher,8,0.0
4.0,2.0,6,vague,10000.0,posterior_mean,data_derived,845,ILI_PMP,8,28.0
4.0,2.0,6,vague,10000.0,posterior_mean,data_derived,845,ILI_AED,8,28.0
4.0,2.0,6,vague,10000.0,posterior_mean,data_derived,845,ILI_CMP,8,3.5
4.0,2.0,6,vague,10000.0,posterior_mean,data_derived,845,ILI_School,8,21.0
4.0,2.0,6,vague,10000.0,posterior_mean,data_derived,845,ILI_NonSchool,8,10.5
4.0,2.0,6,vague,10000.0,posterior_mean,data_derived,845,Fever_RCHE,0,
4.0,2.0,6,vague,10000.0,posterior_mean,data_derived,845,Adm_All,8,0.0
4.0,2.0,6,vague,10000.0,posterior_mean,data_derived,845,Adm_0_5,8,10.5
4.0,2.0,6,vague,10000.0,posterior_mean,data_derived,845,Adm_6_11,8,10.5
4.0,2.0,6,vague,10000.0,posterior_mean,data_derived,845,Adm_12_17,8,-14.0
4.0,2.0,6,vague,10000.0,posterior_mean,data_derived,845,Adm_18_49,7,-21.0
4.0,2.0,6,vague,10000.0,posterior_mean,data_derived,845,Adm_50_64,8,-14.0
4.0,2.0,6,vague,10000.0,posterior_mean,data_derived,845,Adm_65_higher,8,3.5
4.0,2.0,6,vague,10000.0,ci_lower,chp_operational,846,ILI_PMP,8,28.0
4.0,2.0,6,vague,10000.0,ci_lower,chp_operational,846,ILI_AED,8,28.0
4.0,2.0,6,vague,10000.0,ci_lower,chp_operational,846,ILI_CMP,8,3.5
4.0,2.0,6,vague,10000.0,ci_lower,chp_operational,846,ILI_School,8,21.0
4.0,2.0,6,vague,10000.0,ci_lower,chp_operational,846,ILI_NonSchool,8,10.5
4.0,2.0,6,vague,10000.0,ci_lower,chp_operational,846,Fever_RCHE,0,
4.0,2.0,6,vague,10000.0,ci_lower,chp_operational,846,Adm_All,8,-3.5
4.0,2.0,6,vague,10000.0,ci_lower,chp_operational,846,Adm_0_5,8,7.0
4.0,2.0,6,vague,10000.0,ci_lower,chp_operational,846,Adm_6_11,8,7.0
4.0,2.0,6,vague,10000.0,ci_lower,chp_operational,846,Adm_12_17,8,-17.5
4.0,2.0,6,vague,10000.0,ci_lower,chp_operational,846,Adm_18_49,7,-21.0
4.0,2.0,6,vague,10000.0,ci_lower,chp_operational,846,Adm_50_64,8,-17.5
4.0,2.0,6,vague,10000.0,ci_lower,chp_operational,846,Adm_65_higher,8,-3.5
4.0,2.0,6,vague,10000.0,ci_lower,data_derived,847,ILI_PMP,8,28.0
4.0,2.0,6,vague,10000.0,ci_lower,data_derived,847,ILI_AED,8,28.0
4.0,2.0,6,vague,10000.0,ci_lower,data_derived,847,ILI_CMP,8,3.5
4.0,2.0,6,vague,10000.0,ci_lower,data_derived,847,ILI_School,8,21.0
4.0,2.0,6,vague,10000.0,ci_lower,data_derived,847,ILI_NonSchool,8,10.5
4.0,2.0,6,vague,10000.0,ci_lower,data_derived,847,Fever_RCHE,0,
4.0,2.0,6,vague,10000.0,ci_lower,data_derived,847,Adm_All,8,0.0
4.0,2.0,6,vague,10000.0,ci_lower,data_derived,847,Adm_0_5,8,7.0
4.0,2.0,6,vague,10000.0,ci_lower,data_derived,847,Adm_6_11,8,10.5
4.0,2.0,6,vague,10000.0,ci_lower,data_derived,847,Adm_12_17,8,-14.0
4.0,2.0,6,vague,10000.0,ci_lower,data_derived,847,Adm_18_49,7,-21.0
4.0,2.0,6,vague,10000.0,ci_lower,data_derived,847,Adm_50_64,8,-14.0
4.0,2.0,6,vague,10000.0,ci_lower,data_derived,847,Adm_65_higher,8,0.0
4.0,2.0,6,vague,100000.0,posterior_mean,chp_operational,848,ILI_PMP,8,28.0
4.0,2.0,6,vague,100000.0,posterior_mean,chp_operational,848,ILI_AED,8,28.0
4.0,2.0,6,vague,100000.0,posterior_mean,chp_operational,848,ILI_CMP,8,24.5
4.0,2.0,6,vague,100000.0,posterior_mean,chp_operational,848,ILI_School,8,21.0
4.0,2.0,6,vague,100000.0,posterior_mean,chp_operational,848,ILI_NonSchool,8,10.5
4.0,2.0,6,vague,100000.0,posterior_mean,chp_operational,848,Fever_RCHE,0,
4.0,2.0,6,vague,100000.0,posterior_mean,chp_operational,848,Adm_All,8,17.5
4.0,2.0,6,vague,100000.0,posterior_mean,chp_operational,848,Adm_0_5,8,21.0
4.0,2.0,6,vague,100000.0,posterior_mean,chp_operational,848,Adm_6_11,8,17.5
4.0,2.0,6,vague,100000.0,posterior_mean,chp_operational,848,Adm_12_17,8,14.0
4.0,2.0,6,vague,100000.0,posterior_mean,chp_operational,848,Adm_18_49,8,3.5
4.0,2.0,6,vague,100000.0,posterior_mean,chp_operational,848,Adm_50_64,8,10.5
4.0,2.0,6,vague,100000.0,posterior_mean,chp_operational,848,Adm_65_higher,8,17.5
4.0,2.0,6,vague,100000.0,posterior_mean,data_derived,849,ILI_PMP,8,28.0
4.0,2.0,6,vague,100000.0,posterior_mean,data_derived,849,ILI_AED,8,28.0
4.0,2.0,6,vague,100000.0,posterior_mean,data_derived,849,ILI_CMP,8,24.5
4.0,2.0,6,vague,100000.0,posterior_mean,data_derived,849,ILI_School,8,21.0
4.0,2.0,6,vague,100000.0,posterior_mean,data_derived,849,ILI_NonSchool,8,10.5
4.0,2.0,6,vague,100000.0,posterior_mean,data_derived,849,Fever_RCHE,0,
4.0,2.0,6,vague,100000.0,posterior_mean,data_derived,849,Adm_All,8,17.5
4.0,2.0,6,vague,100000.0,posterior_mean,data_derived,849,Adm_0_5,8,21.0
4.0,2.0,6,vague,100000.0,posterior_mean,data_derived,849,Adm_6_11,8,17.5
4.0,2.0,6,vague,100000.0,posterior_mean,data_derived,849,Adm_12_17,8,14.0
4.0,2.0,6,vague,100000.0,posterior_mean,data_derived,849,Adm_18_49,8,3.5
4.0,2.0,6,vague,100000.0,posterior_mean,data_derived,849,Adm_50_64,8,10.5
4.0,2.0,6,vague,100000.0,posterior_mean,data_derived,849,Adm_65_higher,8,17.5
4.0,2.0,6,vague,100000.0,ci_lower,chp_operational,850,ILI_PMP,8,28.0
4.0,2.0,6,vague,100000.0,ci_lower,chp_operational,850,ILI_AED,8,28.0
4.0,2.0,6,vague,100000.0,ci_lower,chp_operational,850,ILI_CMP,8,24.5
4.0,2.0,6,vague,100000.0,ci_lower,chp_operational,850,ILI_School,8,21.0
4.0,2.0,6,vague,100000.0,ci_lower,chp_operational,850,ILI_NonSchool,8,10.5
4.0,2.0,6,vague,100000.0,ci_lower,chp_operational,850,Fever_RCHE,0,
4.0,2.0,6,vague,100000.0,ci_lower,chp_operational,850,Adm_All,8,14.0
4.0,2.0,6,vague,100000.0,ci_lower,chp_operational,850,Adm_0_5,8,21.0
4.0,2.0,6,vague,100000.0,ci_lower,chp_operational,850,Adm_6_11,8,17.5
4.0,2.0,6,vague,100000.0,ci_lower,chp_operational,850,Adm_12_17,8,14.0
4.0,2.0,6,vague,100000.0,ci_lower,chp_operational,850,Adm_18_49,8,3.5
4.0,2.0,6,vague,100000.0,ci_lower,chp_operational,850,Adm_50_64,8,3.5
4.0,2.0,6,vague,100000.0,ci_lower,chp_operational,850,Adm_65_higher,8,17.5
4.0,2.0,6,vague,100000.0,ci_lower,data_derived,851,ILI_PMP,8,28.0
4.0,2.0,6,vague,100000.0,ci_lower,data_derived,851,ILI_AED,8,28.0
4.0,2.0,6,vague,100000.0,ci_lower,data_derived,851,ILI_CMP,8,24.5
4.0,2.0,6,vague,100000.0,ci_lower,data_derived,851,ILI_School,8,21.0
4.0,2.0,6,vague,100000.0,ci_lower,data_derived,851,ILI_NonSchool,8,10.5
4.0,2.0,6,vague,100000.0,ci_lower,data_derived,851,Fever_RCHE,0,
4.0,2.0,6,vague,100000.0,ci_lower,data_derived,851,Adm_All,8,14.0
4.0,2.0,6,vague,100000.0,ci_lower,data_derived,851,Adm_0_5,8,21.0
4.0,2.0,6,vague,100000.0,ci_lower,data_derived,851,Adm_6_11,8,17.5
4.0,2.0,6,vague,100000.0,ci_lower,data_derived,851,Adm_12_17,8,14.0
4.0,2.0,6,vague,100000.0,ci_lower,data_derived,851,Adm_18_49,8,3.5
4.0,2.0,6,vague,100000.0,ci_lower,data_derived,851,Adm_50_64,8,7.0
4.0,2.0,6,vague,100000.0,ci_lower,data_derived,851,Adm_65_higher,8,17.5
4.0,2.0,6,weak_wide,1000.0,posterior_mean,chp_operational,852,ILI_PMP,8,28.0
4.0,2.0,6,weak_wide,1000.0,posterior_mean,chp_operational,852,ILI_AED,8,28.0
4.0,2.0,6,weak_wide,1000.0,posterior_mean,chp_operational,852,ILI_CMP,8,24.5
4.0,2.0,6,weak_wide,1000.0,posterior_mean,chp_operational,852,ILI_School,8,21.0
4.0,2.0,6,weak_wide,1000.0,posterior_mean,chp_operational,852,ILI_NonSchool,8,17.5
4.0,2.0,6,weak_wide,1000.0,posterior_mean,chp_operational,852,Fever_RCHE,8,28.0
4.0,2.0,6,weak_wide,1000.0,posterior_mean,chp_operational,852,Adm_All,8,21.0
4.0,2.0,6,weak_wide,1000.0,posterior_mean,chp_operational,852,Adm_0_5,8,21.0
4.0,2.0,6,weak_wide,1000.0,posterior_mean,chp_operational,852,Adm_6_11,8,24.5
4.0,2.0,6,weak_wide,1000.0,posterior_mean,chp_operational,852,Adm_12_17,8,28.0
4.0,2.0,6,weak_wide,1000.0,posterior_mean,chp_operational,852,Adm_18_49,8,28.0
4.0,2.0,6,weak_wide,1000.0,posterior_mean,chp_operational,852,Adm_50_64,8,21.0
4.0,2.0,6,weak_wide,1000.0,posterior_mean,chp_operational,852,Adm_65_higher,8,17.5
4.0,2.0,6,weak_wide,1000.0,posterior_mean,data_derived,853,ILI_PMP,8,28.0
4.0,2.0,6,weak_wide,1000.0,posterior_mean,data_derived,853,ILI_AED,8,28.0
4.0,2.0,6,weak_wide,1000.0,posterior_mean,data_derived,853,ILI_CMP,8,24.5
4.0,2.0,6,weak_wide,1000.0,posterior_mean,data_derived,853,ILI_School,8,21.0
4.0,2.0,6,weak_wide,1000.0,posterior_mean,data_derived,853,ILI_NonSchool,8,17.5
4.0,2.0,6,weak_wide,1000.0,posterior_mean,data_derived,853,Fever_RCHE,8,28.0
4.0,2.0,6,weak_wide,1000.0,posterior_mean,data_derived,853,Adm_All,8,21.0
4.0,2.0,6,weak_wide,1000.0,posterior_mean,data_derived,853,Adm_0_5,8,21.0
4.0,2.0,6,weak_wide,1000.0,posterior_mean,data_derived,853,Adm_6_11,8,24.5
4.0,2.0,6,weak_wide,1000.0,posterior_mean,data_derived,853,Adm_12_17,8,28.0
4.0,2.0,6,weak_wide,1000.0,posterior_mean,data_derived,853,Adm_18_49,8,28.0
4.0,2.0,6,weak_wide,1000.0,posterior_mean,data_derived,853,Adm_50_64,8,21.0
4.0,2.0,6,weak_wide,1000.0,posterior_mean,data_derived,853,Adm_65_higher,8,17.5
4.0,2.0,6,weak_wide,1000.0,ci_lower,chp_operational,854,ILI_PMP,8,28.0
4.0,2.0,6,weak_wide,1000.0,ci_lower,chp_operational,854,ILI_AED,8,28.0
4.0,2.0,6,weak_wide,1000.0,ci_lower,chp_operational,854,ILI_CMP,8,3.5
4.0,2.0,6,weak_wide,1000.0,ci_lower,chp_operational,854,ILI_School,8,21.0
4.0,2.0,6,weak_wide,1000.0,ci_lower,chp_operational,854,ILI_NonSchool,8,10.5
4.0,2.0,6,weak_wide,1000.0,ci_lower,chp_operational,854,Fever_RCHE,0,
4.0,2.0,6,weak_wide,1000.0,ci_lower,chp_operational,854,Adm_All,8,10.5
4.0,2.0,6,weak_wide,1000.0,ci_lower,chp_operational,854,Adm_0_5,8,14.0
4.0,2.0,6,weak_wide,1000.0,ci_lower,chp_operational,854,Adm_6_11,8,14.0
4.0,2.0,6,weak_wide,1000.0,ci_lower,chp_operational,854,Adm_12_17,8,14.0
4.0,2.0,6,weak_wide,1000.0,ci_lower,chp_operational,854,Adm_18_49,8,7.0
4.0,2.0,6,weak_wide,1000.0,ci_lower,chp_operational,854,Adm_50_64,8,3.5
4.0,2.0,6,weak_wide,1000.0,ci_lower,chp_operational,854,Adm_65_higher,8,14.0
4.0,2.0,6,weak_wide,1000.0,ci_lower,data_derived,855,ILI_PMP,8,28.0
4.0,2.0,6,weak_wide,1000.0,ci_lower,data_derived,855,ILI_AED,8,28.0
4.0,2.0,6,weak_wide,1000.0,ci_lower,data_derived,855,ILI_CMP,8,3.5
4.0,2.0,6,weak_wide,1000.0,ci_lower,data_derived,855,ILI_School,8,21.0
4.0,2.0,6,weak_wide,1000.0,ci_lower,data_derived,855,ILI_NonSchool,8,10.5
4.0,2.0,6,weak_wide,1000.0,ci_lower,data_derived,855,Fever_RCHE,0,
4.0,2.0,6,weak_wide,1000.0,ci_lower,data_derived,855,Adm_All,8,10.5
4.0,2.0,6,weak_wide,1000.0,ci_lower,data_derived,855,Adm_0_5,8,14.0
4.0,2.0,6,weak_wide,1000.0,ci_lower,data_derived,855,Adm_6_11,8,14.0
4.0,2.0,6,weak_wide,1000.0,ci_lower,data_derived,855,Adm_12_17,8,14.0
4.0,2.0,6,weak_wide,1000.0,ci_lower,data_derived,855,Adm_18_49,8,7.0
4.0,2.0,6,weak_wide,1000.0,ci_lower,data_derived,855,Adm_50_64,8,7.0
4.0,2.0,6,weak_wide,1000.0,ci_lower,data_derived,855,Adm_65_higher,8,17.5
4.0,2.0,6,weak_wide,10000.0,posterior_mean,chp_operational,856,ILI_PMP,8,28.0
4.0,2.0,6,weak_wide,10000.0,posterior_mean,chp_operational,856,ILI_AED,8,28.0
4.0,2.0,6,weak_wide,10000.0,posterior_mean,chp_operational,856,ILI_CMP,8,24.5
4.0,2.0,6,weak_wide,10000.0,posterior_mean,chp_operational,856,ILI_School,8,21.0
4.0,2.0,6,weak_wide,10000.0,posterior_mean,chp_operational,856,ILI_NonSchool,8,17.5
4.0,2.0,6,weak_wide,10000.0,posterior_mean,chp_operational,856,Fever_RCHE,8,28.0
4.0,2.0,6,weak_wide,10000.0,posterior_mean,chp_operational,856,Adm_All,8,21.0
4.0,2.0,6,weak_wide,10000.0,posterior_mean,chp_operational,856,Adm_0_5,8,21.0
4.0,2.0,6,weak_wide,10000.0,posterior_mean,chp_operational,856,Adm_6_11,8,24.5
4.0,2.0,6,weak_wide,10000.0,posterior_mean,chp_operational,856,Adm_12_17,8,28.0
4.0,2.0,6,weak_wide,10000.0,posterior_mean,chp_operational,856,Adm_18_49,8,28.0
4.0,2.0,6,weak_wide,10000.0,posterior_mean,chp_operational,856,Adm_50_64,8,21.0
4.0,2.0,6,weak_wide,10000.0,posterior_mean,chp_operational,856,Adm_65_higher,8,17.5
4.0,2.0,6,weak_wide,10000.0,posterior_mean,data_derived,857,ILI_PMP,8,28.0
4.0,2.0,6,weak_wide,10000.0,posterior_mean,data_derived,857,ILI_AED,8,28.0
4.0,2.0,6,weak_wide,10000.0,posterior_mean,data_derived,857,ILI_CMP,8,24.5
4.0,2.0,6,weak_wide,10000.0,posterior_mean,data_derived,857,ILI_School,8,21.0
4.0,2.0,6,weak_wide,10000.0,posterior_mean,data_derived,857,ILI_NonSchool,8,17.5
4.0,2.0,6,weak_wide,10000.0,posterior_mean,data_derived,857,Fever_RCHE,8,28.0
4.0,2.0,6,weak_wide,10000.0,posterior_mean,data_derived,857,Adm_All,8,21.0
4.0,2.0,6,weak_wide,10000.0,posterior_mean,data_derived,857,Adm_0_5,8,21.0
4.0,2.0,6,weak_wide,10000.0,posterior_mean,data_derived,857,Adm_6_11,8,24.5
4.0,2.0,6,weak_wide,10000.0,posterior_mean,data_derived,857,Adm_12_17,8,28.0
4.0,2.0,6,weak_wide,10000.0,posterior_mean,data_derived,857,Adm_18_49,8,28.0
4.0,2.0,6,weak_wide,10000.0,posterior_mean,data_derived,857,Adm_50_64,8,21.0
4.0,2.0,6,weak_wide,10000.0,posterior_mean,data_derived,857,Adm_65_higher,8,17.5
4.0,2.0,6,weak_wide,10000.0,ci_lower,chp_operational,858,ILI_PMP,8,28.0
4.0,2.0,6,weak_wide,10000.0,ci_lower,chp_operational,858,ILI_AED,8,28.0
4.0,2.0,6,weak_wide,10000.0,ci_lower,chp_operational,858,ILI_CMP,8,24.5
4.0,2.0,6,weak_wide,10000.0,ci_lower,chp_operational,858,ILI_School,8,21.0
4.0,2.0,6,weak_wide,10000.0,ci_lower,chp_operational,858,ILI_NonSchool,8,10.5
4.0,2.0,6,weak_wide,10000.0,ci_lower,chp_operational,858,Fever_RCHE,2,-28.0
4.0,2.0,6,weak_wide,10000.0,ci_lower,chp_operational,858,Adm_All,8,21.0
4.0,2.0,6,weak_wide,10000.0,ci_lower,chp_operational,858,Adm_0_5,8,21.0
4.0,2.0,6,weak_wide,10000.0,ci_lower,chp_operational,858,Adm_6_11,8,17.5
4.0,2.0,6,weak_wide,10000.0,ci_lower,chp_operational,858,Adm_12_17,8,14.0
4.0,2.0,6,weak_wide,10000.0,ci_lower,chp_operational,858,Adm_18_49,8,14.0
4.0,2.0,6,weak_wide,10000.0,ci_lower,chp_operational,858,Adm_50_64,8,21.0
4.0,2.0,6,weak_wide,10000.0,ci_lower,chp_operational,858,Adm_65_higher,8,17.5
4.0,2.0,6,weak_wide,10000.0,ci_lower,data_derived,859,ILI_PMP,8,28.0
4.0,2.0,6,weak_wide,10000.0,ci_lower,data_derived,859,ILI_AED,8,28.0
4.0,2.0,6,weak_wide,10000.0,ci_lower,data_derived,859,ILI_CMP,8,24.5
4.0,2.0,6,weak_wide,10000.0,ci_lower,data_derived,859,ILI_School,8,21.0
4.0,2.0,6,weak_wide,10000.0,ci_lower,data_derived,859,ILI_NonSchool,8,10.5
4.0,2.0,6,weak_wide,10000.0,ci_lower,data_derived,859,Fever_RCHE,2,-28.0
4.0,2.0,6,weak_wide,10000.0,ci_lower,data_derived,859,Adm_All,8,21.0
4.0,2.0,6,weak_wide,10000.0,ci_lower,data_derived,859,Adm_0_5,8,21.0
4.0,2.0,6,weak_wide,10000.0,ci_lower,data_derived,859,Adm_6_11,8,17.5
4.0,2.0,6,weak_wide,10000.0,ci_lower,data_derived,859,Adm_12_17,8,14.0
4.0,2.0,6,weak_wide,10000.0,ci_lower,data_derived,859,Adm_18_49,8,14.0
4.0,2.0,6,weak_wide,10000.0,ci_lower,data_derived,859,Adm_50_64,8,21.0
4.0,2.0,6,weak_wide,10000.0,ci_lower,data_derived,859,Adm_65_higher,8,17.5
4.0,2.0,6,weak_wide,100000.0,posterior_mean,chp_operational,860,ILI_PMP,8,28.0
4.0,2.0,6,weak_wide,100000.0,posterior_mean,chp_operational,860,ILI_AED,8,28.0
4.0,2.0,6,weak_wide,100000.0,posterior_mean,chp_operational,860,ILI_CMP,8,24.5
4.0,2.0,6,weak_wide,100000.0,posterior_mean,chp_operational,860,ILI_School,8,21.0
4.0,2.0,6,weak_wide,100000.0,posterior_mean,chp_operational,860,ILI_NonSchool,8,17.5
4.0,2.0,6,weak_wide,100000.0,posterior_mean,chp_operational,860,Fever_RCHE,8,21.0
4.0,2.0,6,weak_wide,100000.0,posterior_mean,chp_operational,860,Adm_All,8,21.0
4.0,2.0,6,weak_wide,100000.0,posterior_mean,chp_operational,860,Adm_0_5,8,21.0
4.0,2.0,6,weak_wide,100000.0,posterior_mean,chp_operational,860,Adm_6_11,8,21.0
4.0,2.0,6,weak_wide,100000.0,posterior_mean,chp_operational,860,Adm_12_17,8,28.0
4.0,2.0,6,weak_wide,100000.0,posterior_mean,chp_operational,860,Adm_18_49,8,28.0
4.0,2.0,6,weak_wide,100000.0,posterior_mean,chp_operational,860,Adm_50_64,8,21.0
4.0,2.0,6,weak_wide,100000.0,posterior_mean,chp_operational,860,Adm_65_higher,8,17.5
4.0,2.0,6,weak_wide,100000.0,posterior_mean,data_derived,861,ILI_PMP,8,28.0
4.0,2.0,6,weak_wide,100000.0,posterior_mean,data_derived,861,ILI_AED,8,28.0
4.0,2.0,6,weak_wide,100000.0,posterior_mean,data_derived,861,ILI_CMP,8,24.5
4.0,2.0,6,weak_wide,100000.0,posterior_mean,data_derived,861,ILI_School,8,21.0
4.0,2.0,6,weak_wide,100000.0,posterior_mean,data_derived,861,ILI_NonSchool,8,17.5
4.0,2.0,6,weak_wide,100000.0,posterior_mean,data_derived,861,Fever_RCHE,8,21.0
4.0,2.0,6,weak_wide,100000.0,posterior_mean,data_derived,861,Adm_All,8,21.0
4.0,2.0,6,weak_wide,100000.0,posterior_mean,data_derived,861,Adm_0_5,8,21.0
4.0,2.0,6,weak_wide,100000.0,posterior_mean,data_derived,861,Adm_6_11,8,21.0
4.0,2.0,6,weak_wide,100000.0,posterior_mean,data_derived,861,Adm_12_17,8,28.0
4.0,2.0,6,weak_wide,100000.0,posterior_mean,data_derived,861,Adm_18_49,8,28.0
4.0,2.0,6,weak_wide,100000.0,posterior_mean,data_derived,861,Adm_50_64,8,21.0
4.0,2.0,6,weak_wide,100000.0,posterior_mean,data_derived,861,Adm_65_higher,8,17.5
4.0,2.0,6,weak_wide,100000.0,ci_lower,chp_operational,862,ILI_PMP,8,28.0
4.0,2.0,6,weak_wide,100000.0,ci_lower,chp_operational,862,ILI_AED,8,28.0
4.0,2.0,6,weak_wide,100000.0,ci_lower,chp_operational,862,ILI_CMP,8,24.5
4.0,2.0,6,weak_wide,100000.0,ci_lower,chp_operational,862,ILI_School,8,21.0
4.0,2.0,6,weak_wide,100000.0,ci_lower,chp_operational,862,ILI_NonSchool,8,10.5
4.0,2.0,6,weak_wide,100000.0,ci_lower,chp_operational,862,Fever_RCHE,8,-31.5
4.0,2.0,6,weak_wide,100000.0,ci_lower,chp_operational,862,Adm_All,8,21.0
4.0,2.0,6,weak_wide,100000.0,ci_lower,chp_operational,862,Adm_0_5,8,21.0
4.0,2.0,6,weak_wide,100000.0,ci_lower,chp_operational,862,Adm_6_11,8,17.5
4.0,2.0,6,weak_wide,100000.0,ci_lower,chp_operational,862,Adm_12_17,8,14.0
4.0,2.0,6,weak_wide,100000.0,ci_lower,chp_operational,862,Adm_18_49,8,24.5
4.0,2.0,6,weak_wide,100000.0,ci_lower,chp_operational,862,Adm_50_64,8,21.0
4.0,2.0,6,weak_wide,100000.0,ci_lower,chp_operational,862,Adm_65_higher,8,17.5
4.0,2.0,6,weak_wide,100000.0,ci_lower,data_derived,863,ILI_PMP,8,28.0
4.0,2.0,6,weak_wide,100000.0,ci_lower,data_derived,863,ILI_AED,8,28.0
4.0,2.0,6,weak_wide,100000.0,ci_lower,data_derived,863,ILI_CMP,8,24.5
4.0,2.0,6,weak_wide,100000.0,ci_lower,data_derived,863,ILI_School,8,21.0
4.0,2.0,6,weak_wide,100000.0,ci_lower,data_derived,863,ILI_NonSchool,8,10.5
4.0,2.0,6,weak_wide,100000.0,ci_lower,data_derived,863,Fever_RCHE,8,-28.0
4.0,2.0,6,weak_wide,100000.0,ci_lower,data_derived,863,Adm_All,8,21.0
4.0,2.0,6,weak_wide,100000.0,ci_lower,data_derived,863,Adm_0_5,8,21.0
4.0,2.0,6,weak_wide,100000.0,ci_lower,data_derived,863,Adm_6_11,8,17.5
4.0,2.0,6,weak_wide,100000.0,ci_lower,data_derived,863,Adm_12_17,8,14.0
4.0,2.0,6,weak_wide,100000.0,ci_lower,data_derived,863,Adm_18_49,8,24.5
4.0,2.0,6,weak_wide,100000.0,ci_lower,data_derived,863,Adm_50_64,8,21.0
4.0,2.0,6,weak_wide,100000.0,ci_lower,data_derived,863,Adm_65_higher,8,17.5
